mtllib mesh.mtl
g default
v -0.20723512768745422 -1.335598111152649 -0.21087543666362762 
v -0.2106717824935913 -1.3342385292053223 -0.05519052594900131 
v -0.050723735243082047 -1.3275010585784912 -0.21250684559345245 
v -0.056133124977350235 -1.3331210613250732 -0.058880291879177094 
v -0.18456391990184784 -1.2108947038650513 -0.18785478174686432 
v -0.1885511875152588 -1.215374231338501 -0.05108370631933212 
v -0.16625982522964478 -1.0813267230987549 -0.16983665525913239 
v -0.17062737047672272 -1.0874698162078857 -0.04737088084220886 
v -0.046713996678590775 -1.2082278728485107 -0.19038806855678558 
v -0.04217664152383804 -1.0795897245407104 -0.17223434150218964 
v -0.15221834182739258 -0.9594388008117676 -0.15635795891284943 
v -0.15530623495578766 -0.9665905833244324 -0.044019609689712524 
v -0.13718053698539734 -0.8445048332214355 -0.14080490171909332 
v -0.1412079781293869 -0.8514936566352844 -0.04043714329600334 
v -0.03780791535973549 -0.9575178623199463 -0.15663152933120728 
v -0.03341267630457878 -0.8414149880409241 -0.14220289885997772 
v -0.1210809201002121 -0.7362349033355713 -0.1231318861246109 
v -0.12878240644931793 -0.736618161201477 -0.035640958696603775 
v -0.10514417290687561 -0.6333592534065247 -0.10655495524406433 
v -0.11898498982191086 -0.624432384967804 -0.031631581485271454 
v -0.02899971604347229 -0.7293674349784851 -0.12933862209320068 
v -0.02496735379099846 -0.6191111207008362 -0.11913478374481201 
v -0.09399274736642838 -0.5296832323074341 -0.09541307389736176 
v -0.11273622512817383 -0.5155218839645386 -0.02882567048072815 
v -0.09296083450317383 -0.4221888780593872 -0.0944795161485672 
v -0.10984872281551361 -0.4091980755329132 -0.02728033997118473 
v -0.02286710776388645 -0.5173805952072144 -0.11303430795669556 
v -0.02294955588877201 -0.4243888556957245 -0.11131126433610916 
v -0.10132482647895813 -0.3250744044780731 -0.10286904126405716 
v -0.10973655432462692 -0.30832210183143616 -0.027011504396796227 
v -0.11154448240995407 -0.2337055802345276 -0.11343804746866226 
v -0.11237070709466934 -0.22004109621047974 -0.029281577095389366 
v -0.024262912571430206 -0.332701176404953 -0.1121961697936058 
v -0.02630470134317875 -0.23956502974033356 -0.11479230225086212 
v -0.1376328468322754 0.13583549857139587 -0.13983067870140076 
v -0.14080700278282166 0.12961991131305695 -0.10154752433300018 
v -0.14436766505241394 0.12483412027359009 -0.03314747288823128 
v -0.11924953013658524 -0.1427420973777771 -0.12137792259454727 
v -0.11638045310974121 -0.13436010479927063 -0.03176799416542053 
v -0.12351880967617035 -0.052062030881643295 -0.12589062750339508 
v -0.12063393741846085 -0.048861417919397354 -0.03310597687959671 
v -0.028246955946087837 -0.14719407260417938 -0.11832906305789948 
v -0.029508456587791443 -0.05705016851425171 -0.12184352427721024 
v -0.09937282651662827 0.130076065659523 -0.14240561425685883 
v -0.030507100746035576 0.12384551018476486 -0.1442907452583313 
v -0.125034362077713 0.037977952510118484 -0.1275363564491272 
v -0.12447357922792435 0.03549521788954735 -0.03340396285057068 
v -0.12388106435537338 0.1293170154094696 -0.1260046809911728 
v -0.12798239290714264 0.12114327400922775 -0.03319988399744034 
v -0.030069949105381966 0.030799634754657745 -0.12508206069469452 
v -0.030406495556235313 0.11975368857383728 -0.1280098408460617 
v -0.21147578954696655 -1.3396694660186768 0.05314427241683006 
v -0.21216030418872833 -1.349997639656067 0.21321818232536316 
v -0.056540533900260925 -1.3381325006484985 0.06096415966749191 
v -0.05263185128569603 -1.342689871788025 0.21445061266422272 
v -0.19031691551208496 -1.2198412418365479 0.0498182475566864 
v -0.19215655326843262 -1.2246333360671997 0.18913133442401886 
v -0.1727224737405777 -1.0909992456436157 0.044353920966386795 
v -0.17476239800453186 -1.0912803411483765 0.16841630637645721 
v -0.04982578009366989 -1.222718358039856 0.18990419805049896 
v -0.04610350355505943 -1.092124104499817 0.17009295523166656 
v -0.1573321670293808 -0.9696980118751526 0.03912435472011566 
v -0.16070865094661713 -0.963266909122467 0.1534518152475357 
v -0.14289692044258118 -0.8524903655052185 0.0346137210726738 
v -0.14411205053329468 -0.8444966673851013 0.13761340081691742 
v -0.042594436556100845 -0.9667143225669861 0.15342940390110016 
v -0.039151646196842194 -0.8460490703582764 0.13843901455402374 
v -0.1298653930425644 -0.737494170665741 0.03087618760764599 
v -0.1251932680606842 -0.7369188666343689 0.12154064327478409 
v -0.11942024528980255 -0.6262575387954712 0.02771308273077011 
v -0.10781142860651016 -0.6360815763473511 0.10691911727190018 
v -0.03423124551773071 -0.7349162697792053 0.12687800824642181 
v -0.030089329928159714 -0.6275984644889832 0.11788763850927353 
v -0.11243116110563278 -0.5202420949935913 0.0259564071893692 
v -0.09467305988073349 -0.5380796790122986 0.09585455805063248 
v -0.10929413139820099 -0.420322984457016 0.02604527212679386 
v -0.09070099145174026 -0.43506374955177307 0.09320327639579773 
v -0.027364375069737434 -0.5253730416297913 0.11221281439065933 
v -0.026543863117694855 -0.4291824996471405 0.11004624515771866 
v -0.10955231636762619 -0.3245964050292969 0.027433648705482483 
v -0.09785529226064682 -0.3351144790649414 0.10107336193323135 
v -0.1125108152627945 -0.22965624928474426 0.02960766851902008 
v -0.10985846817493439 -0.24170173704624176 0.11258697509765625 
v -0.027482906356453896 -0.3339715003967285 0.11064581573009491 
v -0.029648110270500183 -0.23756344616413116 0.11364667117595673 
v -0.14595524966716766 0.12467062473297119 0.03538013994693756 
v -0.14621634781360626 0.12837354838848114 0.10384216159582138 
v -0.14489783346652985 0.1333075910806656 0.1422102004289627 
v -0.11698438227176666 -0.13816487789154053 0.03168756514787674 
v -0.1209699735045433 -0.14873948693275452 0.12195108830928802 
v -0.12181279063224792 -0.050392020493745804 0.03324985131621361 
v -0.12870576977729797 -0.05579540506005287 0.12753312289714813 
v -0.03162933140993118 -0.145320862531662 0.11817976832389832 
v -0.033288534730672836 -0.05619099736213684 0.12275457382202148 
v -0.1261138767004013 0.03480144217610359 0.034287795424461365 
v -0.13208428025245667 0.035856038331985474 0.12955738604068756 
v -0.12963883578777313 0.12092184275388718 0.03517889976501465 
v -0.13059289753437042 0.12682417035102844 0.12827785313129425 
v -0.03423589840531349 0.030443035066127777 0.12674324214458466 
v -0.03470627963542938 0.11797583103179932 0.13011221587657928 
v -0.1052747294306755 0.1273040771484375 0.14454683661460876 
v -0.034757718443870544 0.12196933478116989 0.14648368954658508 
v -0.13740776479244232 0.2167690545320511 -0.1396917700767517 
v -0.14161744713783264 0.3029424250125885 -0.1432511955499649 
v -0.14247426390647888 0.2151355743408203 -0.10152433067560196 
v -0.14710405468940735 0.2121943235397339 -0.03298579528927803 
v -0.1449451595544815 0.30363643169403076 -0.10281137377023697 
v -0.14889894425868988 0.3044746518135071 -0.0327291414141655 
v -0.14647112786769867 0.39058172702789307 -0.14725054800510406 
v -0.14966455101966858 0.5100314021110535 -0.1490146964788437 
v -0.147934228181839 0.39394596219062805 -0.10465948283672333 
v -0.15052345395088196 0.3986668884754181 -0.03304586932063103 
v -0.1510445475578308 0.5195674896240234 -0.10752647370100021 
v -0.15277431905269623 0.5283753871917725 -0.0342605784535408 
v -0.09971005469560623 0.21488891541957855 -0.143985316157341 
v -0.10159296542406082 0.3021954894065857 -0.14610248804092407 
v -0.03117537312209606 0.21204468607902527 -0.14711084961891174 
v -0.03201013803482056 0.3006725609302521 -0.14953510463237762 
v -0.10428421944379807 0.38887205719947815 -0.14839054644107819 
v -0.10831569135189056 0.5178636312484741 -0.1504221111536026 
v -0.03312638774514198 0.3868692219257355 -0.15119867026805878 
v -0.03454362228512764 0.5215453505516052 -0.15311847627162933 
v -0.12483084946870804 0.5256295204162598 -0.12367464601993561 
v -0.12707363069057465 0.5383938550949097 -0.0343734435737133 
v -0.03501231223344803 0.5325438976287842 -0.12735895812511444 
v -0.12702065706253052 0.5882547497749329 -0.12550194561481476 
v -0.12863782048225403 0.6024485230445862 -0.03495105355978012 
v -0.12773452699184418 0.6468502283096313 -0.12599651515483856 
v -0.13064976036548615 0.6648899912834167 -0.035837721079587936 
v -0.03601484373211861 0.5965549945831299 -0.1287754774093628 
v -0.037515487521886826 0.6585168242454529 -0.13051198422908783 
v -0.09716437757015228 0.7942466735839844 -0.09418553858995438 
v -0.0990418940782547 0.8131823539733887 -0.04116743430495262 
v -0.09149907529354095 0.827959418296814 -0.08856431394815445 
v -0.08161558955907822 0.8914633989334106 -0.0794554352760315 
v -0.08389852195978165 0.8903701901435852 -0.08157847821712494 
v -0.11619749665260315 1.0524609088897705 -0.11161184310913086 
v -0.11735932528972626 1.1869889497756958 -0.11466526985168457 
v -0.09283600747585297 1.2855714559555054 -0.0912279561161995 
v -0.05628282576799393 1.3319389820098877 -0.05495220050215721 
v -0.03274131938815117 1.378092885017395 -0.031931035220623016 
v -0.03485560044646263 1.4443668127059937 -0.033100470900535583 
v -0.03744175285100937 1.4997832775115967 -0.03647459298372269 
v -0.14829151332378387 0.2122756987810135 0.036108117550611496 
v -0.14707981050014496 0.2152336686849594 0.10403832048177719 
v -0.14984947443008423 0.30451399087905884 0.036824584007263184 
v -0.14839881658554077 0.30572429299354553 0.10545792430639267 
v -0.14459650218486786 0.21679028868675232 0.14137309789657593 
v -0.14644800126552582 0.30633121728897095 0.1444179266691208 
v -0.15126009285449982 0.3994005620479584 0.037768974900245667 
v -0.14995364844799042 0.398245632648468 0.10772162675857544 
v -0.1531331092119217 0.5302910804748535 0.03929656371474266 
v -0.15157458186149597 0.5253133773803711 0.11174330860376358 
v -0.1484825313091278 0.39770808815956116 0.14771950244903564 
v -0.14991794526576996 0.5169453620910645 0.15169008076190948 
v -0.10490947961807251 0.21441124379634857 0.14568960666656494 
v -0.10552843660116196 0.3054758906364441 0.14778180420398712 
v -0.034814443439245224 0.21039597690105438 0.14933264255523682 
v -0.034867219626903534 0.3038357198238373 0.1516583263874054 
v -0.12725017964839935 0.5399715900421143 0.03977414593100548 
v -0.12497229129076004 0.5313624739646912 0.12798666954040527 
v -0.03626104071736336 0.5432676672935486 0.13051395118236542 
v -0.10664871335029602 0.39839696884155273 0.1504780501127243 
v -0.10903243720531464 0.5253449082374573 0.15383325517177582 
v -0.03516538813710213 0.40017402172088623 0.15385247766971588 
v -0.03595469146966934 0.5328102111816406 0.15632393956184387 
v -0.12857753038406372 0.6047341227531433 0.0408000573515892 
v -0.12667790055274963 0.5955655574798584 0.13115501403808594 
v -0.13039878010749817 0.6675068736076355 0.04217781871557236 
v -0.12723861634731293 0.654819905757904 0.13243107497692108 
v -0.03696600720286369 0.6085225343704224 0.13165341317653656 
v -0.037786416709423065 0.6698564887046814 0.1332925260066986 
v -0.08966626971960068 0.8398219347000122 0.0937538892030716 
v -0.09492071717977524 0.8046436905860901 0.10012680292129517 
v -0.08391256630420685 0.9096160531044006 0.08433393388986588 
v -0.043016958981752396 0.8239840269088745 0.1004129946231842 
v -0.08639702945947647 0.9092350006103516 0.08666642755270004 
v -0.12564906477928162 1.1084372997283936 0.11500347405672073 
v -0.12067166715860367 1.2361316680908203 0.09908521175384521 
v -0.08860345184803009 1.3001009225845337 0.056084152311086655 
v -0.05251803249120712 1.32764732837677 0.010498275980353355 
v -0.03263106197118759 1.3743079900741577 -0.01771097257733345 
v -0.03303634002804756 1.4431159496307373 -0.02171315811574459 
v -0.03630854934453964 1.5003424882888794 -0.02146674320101738 
v 0.05679504573345184 -1.3281828165054321 -0.2123788297176361 
v 0.06402526050806046 -1.3344855308532715 -0.05909927934408188 
v 0.21099720895290375 -1.3383549451828003 -0.2109518051147461 
v 0.21711546182632446 -1.338733196258545 -0.0564458966255188 
v 0.053938135504722595 -1.208962082862854 -0.19031202793121338 
v 0.05019795894622803 -1.0805423259735107 -0.17199018597602844 
v 0.19083835184574127 -1.2162549495697021 -0.18733371794223785 
v 0.19201776385307312 -1.2175785303115845 -0.05266779288649559 
v 0.1730971336364746 -1.0851857662200928 -0.16892394423484802 
v 0.17284026741981506 -1.0863995552062988 -0.04846755787730217 
v 0.04666353389620781 -0.9587488174438477 -0.15643352270126343 
v 0.04286956414580345 -0.843342125415802 -0.1422167271375656 
v 0.16125570237636566 -0.9610150456428528 -0.15529373288154602 
v 0.15900148451328278 -0.9674185514450073 -0.042594827711582184 
v 0.14783713221549988 -0.8463032245635986 -0.14123953878879547 
v 0.145430326461792 -0.8535061478614807 -0.037636902183294296 
v 0.03890395909547806 -0.7334882616996765 -0.1295662820339203 
v 0.035046741366386414 -0.6290311217308044 -0.11940807104110718 
v 0.13124261796474457 -0.7428091764450073 -0.1250241994857788 
v 0.13297030329704285 -0.7447010278701782 -0.03297584503889084 
v 0.11423489451408386 -0.6484770178794861 -0.10848083347082138 
v 0.12271054089069366 -0.6395717263221741 -0.028857357800006866 
v 0.032088812440633774 -0.5297568440437317 -0.11259441822767258 
v 0.03098752535879612 -0.4343443214893341 -0.10973642766475677 
v 0.10055949538946152 -0.5560329556465149 -0.09532716870307922 
v 0.11575890332460403 -0.5387395024299622 -0.025810960680246353 
v 0.09462873637676239 -0.4555927813053131 -0.08963024616241455 
v 0.11271809041500092 -0.4422822594642639 -0.024441663175821304 
v 0.03155167028307915 -0.3410688638687134 -0.11006413400173187 
v 0.03314381465315819 -0.2467878758907318 -0.11257325112819672 
v 0.09989216923713684 -0.3508845865726471 -0.09465084224939346 
v 0.11298834532499313 -0.3472978472709656 -0.02466762438416481 
v 0.11145234107971191 -0.25530529022216797 -0.10528014600276947 
v 0.11560256779193878 -0.25139233469963074 -0.025927023962140083 
v 0.03509914502501488 -0.15352261066436768 -0.11639184504747391 
v 0.0368642583489418 -0.062346383929252625 -0.12047633528709412 
v 0.1219526082277298 -0.16290217638015747 -0.11514706909656525 
v 0.11968933045864105 -0.1571255475282669 -0.027550579980015755 
v 0.1286761313676834 -0.07111800462007523 -0.12251189351081848 
v 0.12420401722192764 -0.06559870392084122 -0.028773410245776176 
v 0.03900390490889549 0.12082437425851822 -0.1441454440355301 
v 0.10871811211109161 0.12287777662277222 -0.14162646234035492 
v 0.03805558383464813 0.026413368061184883 -0.12426561862230301 
v 0.03888767957687378 0.11640801280736923 -0.12775647640228271 
v 0.13302715122699738 0.024770086631178856 -0.12553070485591888 
v 0.12821239233016968 0.022671343758702278 -0.029389597475528717 
v 0.13333432376384735 0.12070794403553009 -0.12483232468366623 
v 0.13197217881679535 0.1113988608121872 -0.02962384559214115 
v 0.14782683551311493 0.12841278314590454 -0.13899829983711243 
v 0.14892618358135223 0.1218702420592308 -0.09987668693065643 
v 0.1483578383922577 0.11560250073671341 -0.029637746512889862 
v 0.06439276784658432 -1.3393099308013916 0.06042968109250069 
v 0.05742962285876274 -1.344589352607727 0.2132304161787033 
v 0.2189868986606598 -1.3413705825805664 0.05191468074917793 
v 0.21868166327476501 -1.3532800674438477 0.20975081622600555 
v 0.05322815850377083 -1.2248884439468384 0.18949224054813385 
v 0.04808402433991432 -1.0950853824615479 0.17046502232551575 
v 0.19414784014225006 -1.222716212272644 0.048858415335416794 
v 0.19438253343105316 -1.2276487350463867 0.18861082196235657 
v 0.17474421858787537 -1.0954976081848145 0.04523005709052086 
v 0.1741783171892166 -1.096095323562622 0.1711241751909256 
v 0.043205633759498596 -0.9711589813232422 0.15461808443069458 
v 0.03831162676215172 -0.8533706665039062 0.1402927041053772 
v 0.1587970107793808 -0.9759656190872192 0.0423167459666729 
v 0.15890371799468994 -0.9727413654327393 0.1573888212442398 
v 0.14399006962776184 -0.8610019683837891 0.03880537673830986 
v 0.14231881499290466 -0.8571838736534119 0.14171908795833588 
v 0.033553916960954666 -0.7399809956550598 0.12774111330509186 
v 0.02956315316259861 -0.6300764083862305 0.11786778271198273 
v 0.1307377815246582 -0.748257577419281 0.03452153876423836 
v 0.124130979180336 -0.7485229969024658 0.12411598116159439 
v 0.12036457657814026 -0.6391358375549316 0.030971387401223183 
v 0.10648220777511597 -0.6447324156761169 0.10705111175775528 
v 0.026957357302308083 -0.525079071521759 0.11194811016321182 
v 0.026169734075665474 -0.4262309968471527 0.11009855568408966 
v 0.11384008079767227 -0.5350184440612793 0.028899813070893288 
v 0.09391149878501892 -0.5396428108215332 0.09523198008537292 
v 0.11112305521965027 -0.436977356672287 0.02868032269179821 
v 0.09254162013530731 -0.42912304401397705 0.0948910191655159 
v 0.027127109467983246 -0.3307744562625885 0.1112881451845169 
v 0.02918870933353901 -0.23672735691070557 0.11475776880979538 
v 0.11152268201112747 -0.34123364090919495 0.030238358303904533 
v 0.10022424906492233 -0.32756486535072327 0.10411571711301804 
v 0.11412879079580307 -0.24597126245498657 0.032876335084438324 
v 0.11079934239387512 -0.23803547024726868 0.1155354306101799 
v 0.03146165981888771 -0.14551866054534912 0.11940667033195496 
v 0.03327536582946777 -0.05767874792218208 0.12415251135826111 
v 0.11811909079551697 -0.15294840931892395 0.03558926656842232 
v 0.11985742300748825 -0.15031281113624573 0.1254144012928009 
v 0.12232809513807297 -0.06299425661563873 0.03774591162800789 
v 0.12576262652873993 -0.06035260111093521 0.13201424479484558 
v 0.03410869836807251 0.028397537767887115 0.12832842767238617 
v 0.034513358026742935 0.11597249656915665 0.13191699981689453 
v 0.1260870099067688 0.024156561121344566 0.03921999782323837 
v 0.12816016376018524 0.030028538778424263 0.13473910093307495 
v 0.1295403093099594 0.11176057904958725 0.040501516312360764 
v 0.12649968266487122 0.1214691773056984 0.13346423208713531 
v 0.03460962697863579 0.1200360432267189 0.1482526957988739 
v 0.10239453613758087 0.12318617850542068 0.1488027125597 
v 0.14590713381767273 0.1156887412071228 0.04076172783970833 
v 0.1429576426744461 0.12161093205213547 0.10928405076265335 
v 0.13971076905727386 0.12786947190761566 0.14705592393875122 
v 0.03909954056143761 0.20939700305461884 -0.14694523811340332 
v 0.0388934426009655 0.299329936504364 -0.14912891387939453 
v 0.1092081293463707 0.21064414083957672 -0.14310449361801147 
v 0.11007747054100037 0.29941847920417786 -0.14521975815296173 
v 0.039102111011743546 0.38972580432891846 -0.1510283201932907 
v 0.03944254294037819 0.5225611329078674 -0.15328578650951385 
v 0.11082378029823303 0.38900360465049744 -0.1481170952320099 
v 0.11259447038173676 0.5163006782531738 -0.15064218640327454 
v 0.03944522887468338 0.5333045721054077 -0.12758076190948486 
v 0.128317728638649 0.5243095755577087 -0.12377829104661942 
v 0.12959687411785126 0.5364637970924377 -0.034080781042575836 
v 0.1477441042661667 0.2115105241537094 -0.1382991522550583 
v 0.14992600679397583 0.2993488609790802 -0.14137156307697296 
v 0.15033164620399475 0.2087607979774475 -0.10001478344202042 
v 0.15099240839481354 0.20397256314754486 -0.02989230677485466 
v 0.15193001925945282 0.2984088659286499 -0.10133552551269531 
v 0.15278935432434082 0.29684415459632874 -0.030500847846269608 
v 0.1523423045873642 0.38883140683174133 -0.14498159289360046 
v 0.15371988713741302 0.5080578923225403 -0.14816012978553772 
v 0.15350301563739777 0.3901919424533844 -0.10331080108880997 
v 0.15409806370735168 0.3926585018634796 -0.031602296978235245 
v 0.15485267341136932 0.5181697010993958 -0.10716062784194946 
v 0.15565255284309387 0.525921106338501 -0.03360043093562126 
v 0.039505407214164734 0.5970022678375244 -0.12904495000839233 
v 0.039921484887599945 0.6592017412185669 -0.13088580965995789 
v 0.12974709272384644 0.5876128673553467 -0.1262727826833725 
v 0.13044843077659607 0.6009148955345154 -0.03509395197033882 
v 0.13008813560009003 0.6467943787574768 -0.12728959321975708 
v 0.13164885342121124 0.6636484265327454 -0.036495890468358994 
v 0.08980999141931534 0.8290793299674988 -0.09186490625143051 
v 0.07797405868768692 0.891112744808197 -0.08364394307136536 
v 0.08011435717344284 0.8898481726646423 -0.08595728874206543 
v 0.0964163988828659 0.7956076860427856 -0.09694404155015945 
v 0.09691672027111053 0.8137834668159485 -0.043362416326999664 
v 0.10727223008871078 1.0567353963851929 -0.11849690228700638 
v 0.09641550481319427 1.189604640007019 -0.11647284030914307 
v 0.05500324070453644 1.2754312753677368 -0.08722579479217529 
v 0.00950947031378746 1.319344162940979 -0.051618874073028564 
v -0.017557691782712936 1.373213529586792 -0.031011903658509254 
v -0.01780027337372303 1.4435707330703735 -0.03112512081861496 
v -0.01751546747982502 1.4998705387115479 -0.034405820071697235 
v 0.0349511094391346 0.20888708531856537 0.15072882175445557 
v 0.03537389263510704 0.3027593493461609 0.15277644991874695 
v 0.10215268284082413 0.21070338785648346 0.14945408701896667 
v 0.10332409292459488 0.302459180355072 0.15108722448349 
v 0.03782167658209801 0.5437246561050415 0.13093239068984985 
v 0.12912599742412567 0.538084089756012 0.04095424711704254 
v 0.12667813897132874 0.531359851360321 0.13029007613658905 
v 0.03605325520038605 0.3995252549648285 0.15464380383491516 
v 0.037430960685014725 0.5329979658126831 0.1567596197128296 
v 0.10564176738262177 0.3964713215827942 0.15344072878360748 
v 0.11007994413375854 0.5258068442344666 0.1562415510416031 
v 0.14864139258861542 0.20210610330104828 0.04193343594670296 
v 0.14358332753181458 0.20782504975795746 0.10945246368646622 
v 0.1507151573896408 0.29565948247909546 0.041603490710258484 
v 0.14556564390659332 0.299100786447525 0.1104104220867157 
v 0.13802383840084076 0.2110419124364853 0.1461528241634369 
v 0.14056311547756195 0.30170223116874695 0.14844642579555511 
v 0.15256693959236145 0.393674373626709 0.0407981313765049 
v 0.14862070977687836 0.39351874589920044 0.11180853098630905 
v 0.15494871139526367 0.5278111696243286 0.04086167737841606 
v 0.15256142616271973 0.5236458778381348 0.1143568754196167 
v 0.14514292776584625 0.3945288360118866 0.15209761261940002 
v 0.15011192858219147 0.516440212726593 0.15496671199798584 
v 0.03866169974207878 0.6087151765823364 0.13216497004032135 
v 0.03963229060173035 0.6675318479537964 0.13350915908813477 
v 0.1302853375673294 0.6036721467971802 0.04108971357345581 
v 0.1296631395816803 0.5962377190589905 0.13227617740631104 
v 0.13171276450157166 0.6668744683265686 0.04142323508858681 
v 0.1307714730501175 0.6562297344207764 0.1328185796737671 
v 0.08089176565408707 0.9092711806297302 0.08345916867256165 
v 0.09111598879098892 0.842094361782074 0.09257104247808456 
v 0.08314509689807892 0.9085978269577026 0.08576983958482742 
v 0.09771943837404251 0.8195472359657288 0.04421623423695564 
v 0.09785374999046326 0.8072675466537476 0.09891889989376068 
v 0.11032433062791824 1.1036323308944702 0.11487941443920135 
v 0.09471924602985382 1.228257656097412 0.09726083278656006 
v 0.05309908092021942 1.2884345054626465 0.05422832444310188 
v 0.010017862543463707 1.3196287155151367 0.010635577142238617 
v -0.01684883050620556 1.3709654808044434 -0.017677126452326775 
v -0.01774890348315239 1.442197322845459 -0.02093164063990116 
v -0.016418354585766792 1.4995801448822021 -0.0198353324085474 
v -0.12538087368011475 -1.3329963684082031 -0.21284210681915283 
v -0.13297945261001587 -1.3328443765640259 -0.1362384557723999 
v -0.21026235818862915 -1.335825800895691 -0.1304265856742859 
v -0.18675830960273743 -1.2139778137207031 -0.11938691139221191 
v -0.1771482676267624 -1.1484923362731934 -0.1139715164899826 
v -0.17432639002799988 -1.1451773643493652 -0.17770598828792572 
v -0.1095825806260109 -1.1443729400634766 -0.17962005734443665 
v -0.11520470678806305 -1.2102115154266357 -0.18937154114246368 
v -0.19682703912258148 -1.2745600938796997 -0.1248781755566597 
v -0.19580483436584473 -1.272003173828125 -0.19891388714313507 
v -0.12065356224775314 -1.2711299657821655 -0.1996566504240036 
v -0.15372924506664276 -0.9644890427589417 -0.10019002109766006 
v -0.1463880091905594 -0.9051439762115479 -0.0951695665717125 
v -0.14489714801311493 -0.9018126130104065 -0.14920394122600555 
v -0.08997564762830734 -0.8996930122375488 -0.1485472023487091 
v -0.09484491497278214 -0.9583646059036255 -0.1560335010290146 
v -0.12549227476119995 -0.7358874678611755 -0.0795469731092453 
v -0.11928029358386993 -0.6811033487319946 -0.0746195986866951 
v -0.1128699854016304 -0.6844208240509033 -0.11448171734809875 
v -0.07020891457796097 -0.6771160960197449 -0.12009963393211365 
v -0.07501374185085297 -0.7316098809242249 -0.12667611241340637 
v -0.1392267495393753 -0.8475265502929688 -0.09000012278556824 
v -0.1322043091058731 -0.7913325428962708 -0.08474992960691452 
v -0.1292741596698761 -0.789424479007721 -0.13203729689121246 
v -0.08001252263784409 -0.7867288589477539 -0.13375535607337952 
v -0.08502590656280518 -0.8426858186721802 -0.14109362661838531 
v -0.16882984340190887 -1.0851480960845947 -0.10915081948041916 
v -0.16104000806808472 -1.0239205360412598 -0.10464083403348923 
v -0.15914030373096466 -1.0193912982940674 -0.163013756275177 
v -0.09970460087060928 -1.0185874700546265 -0.16352786123752594 
v -0.1044982373714447 -1.0805250406265259 -0.1712425947189331 
v -0.10606928169727325 -0.5199445486068726 -0.06403414160013199 
v -0.1043417677283287 -0.46662217378616333 -0.0626555010676384 
v -0.09200653433799744 -0.4755564033985138 -0.09350896626710892 
v -0.05893335118889809 -0.46867048740386963 -0.10526567697525024 
v -0.05965375155210495 -0.5162369012832642 -0.10664188116788864 
v -0.10649105906486511 -0.31521841883659363 -0.06522562354803085 
v -0.10871551185846329 -0.26740899682044983 -0.06744849681854248 
v -0.10659622400999069 -0.2793816924095154 -0.10830478370189667 
v -0.0654066726565361 -0.2834143042564392 -0.11113926023244858 
v -0.06288837641477585 -0.3300352990627289 -0.10858454555273056 
v -0.1040363684296608 -0.4142330288887024 -0.062493156641721725 
v -0.104843869805336 -0.362821489572525 -0.06332039088010788 
v -0.09641711413860321 -0.3721531629562378 -0.0979263111948967 
v -0.06076660752296448 -0.3765751123428345 -0.10653170943260193 
v -0.059372659772634506 -0.42269954085350037 -0.10532603412866592 
v -0.11673729121685028 -0.1365867257118225 -0.07544105499982834 
v -0.11902894079685211 -0.09302780777215958 -0.07725097239017487 
v -0.12174942344427109 -0.09730774164199829 -0.12397697567939758 
v -0.07423171401023865 -0.09908588975667953 -0.1211276575922966 
v -0.07254128903150558 -0.1444086879491806 -0.11891235411167145 
v -0.12383893877267838 0.03686046972870827 -0.07954287528991699 
v -0.1249428391456604 0.0804181918501854 -0.07954287528991699 
v -0.12475159019231796 0.08402157574892044 -0.12711316347122192 
v -0.07694534212350845 0.07933352142572403 -0.12644484639167786 
v -0.07673542946577072 0.034495074301958084 -0.1255102902650833 
v -0.14275118708610535 0.12634073197841644 -0.06737234443426132 
v -0.13459894061088562 0.12444738298654556 -0.06735896319150925 
v -0.1361478865146637 0.12293483316898346 -0.033168818801641464 
v -0.12096396088600159 -0.04949955642223358 -0.07851120829582214 
v -0.1225571259856224 -0.006158514879643917 -0.07924719154834747 
v -0.12461163103580475 -0.007012834772467613 -0.1271326243877411 
v -0.07628705352544785 -0.00964320171624422 -0.12438303977251053 
v -0.07547193020582199 -0.05417749658226967 -0.12295102328062057 
v -0.11153628677129745 0.12956619262695312 -0.13407838344573975 
v -0.06496413797140121 0.12454114109277725 -0.13552866876125336 
v -0.07710205018520355 0.12381011247634888 -0.12718424201011658 
v -0.13947966694831848 0.13189533352851868 -0.12106578797101974 
v -0.13086409866809845 0.13261264562606812 -0.13297435641288757 
v -0.13221468031406403 0.12916886806488037 -0.11369377374649048 
v -0.11142949759960175 -0.22345565259456635 -0.07037860155105591 
v -0.11416830867528915 -0.18005679547786713 -0.07311850041151047 
v -0.11584137380123138 -0.18822799623012543 -0.11786454916000366 
v -0.07044142484664917 -0.1902245432138443 -0.11644519120454788 
v -0.06801144778728485 -0.23660215735435486 -0.11380761861801147 
v -0.11376786231994629 -0.6269652247428894 -0.07021464407444 
v -0.1092730388045311 -0.5733054280281067 -0.06660741567611694 
v -0.09853354841470718 -0.5822020769119263 -0.09992095082998276 
v -0.06227229908108711 -0.5695784091949463 -0.10971510410308838 
v -0.06585779786109924 -0.6230775117874146 -0.1142885759472847 
v -0.13596567511558533 -1.338828444480896 0.0587431862950325 
v -0.1350424438714981 -1.3438796997070312 0.13733002543449402 
v -0.21330979466438293 -1.3481800556182861 0.13001090288162231 
v -0.1917516440153122 -1.2240530252456665 0.11892131716012955 
v -0.18254560232162476 -1.1579838991165161 0.11228315532207489 
v -0.18108397722244263 -1.1545956134796143 0.04707047715783119 
v -0.047925759106874466 -1.156785488128662 0.17940573394298553 
v -0.11525451391935349 -1.156941294670105 0.1787216067314148 
v -0.120481476187706 -1.2239137887954712 0.1895398199558258 
v -0.20096547901630402 -1.2854275703430176 0.12518097460269928 
v -0.19953811168670654 -1.279676079750061 0.05210107937455177 
v -0.05154477059841156 -1.282822608947754 0.20068897306919098 
v -0.1255771666765213 -1.2852437496185303 0.20068861544132233 
v -0.12966474890708923 -1.3471167087554932 0.21475379168987274 
v -0.15846489369869232 -0.9682469964027405 0.09617094695568085 
v -0.15067550539970398 -0.9079251289367676 0.09120143949985504 
v -0.15011316537857056 -0.9112683534622192 0.03649264574050903 
v -0.04084394499659538 -0.9058097004890442 0.14573000371456146 
v -0.09638233482837677 -0.9035165905952454 0.14453694224357605 
v -0.10115983337163925 -0.9649019241333008 0.15257398784160614 
v -0.12791714072227478 -0.7378494143486023 0.0763845443725586 
v -0.121064193546772 -0.6834734082221985 0.07187631726264954 
v -0.12425792962312698 -0.6813119053840637 0.029169820249080658 
v -0.032077591866254807 -0.6804692149162292 0.12202636897563934 
v -0.07466384768486023 -0.6806975603103638 0.11824531853199005 
v -0.08012834191322327 -0.7332965731620789 0.12379094958305359 
v -0.14290651679039001 -0.8499833345413208 0.08621024340391159 
v -0.13525895774364471 -0.7934197187423706 0.08123701810836792 
v -0.13610482215881348 -0.7946142554283142 0.03271128237247467 
v -0.03758040815591812 -0.7868514657020569 0.13132168352603912 
v -0.08588742464780807 -0.7874580025672913 0.1296963095664978 
v -0.09148840606212616 -0.8436644077301025 0.13652727007865906 
v -0.1746760457754135 -1.094325304031372 0.10604782402515411 
v -0.1663527637720108 -1.0304392576217651 0.10115139931440353 
v -0.1648644655942917 -1.0295183658599854 0.0417393296957016 
v -0.04433860629796982 -1.0287909507751465 0.16151821613311768 
v -0.10579114407300949 -1.0275529623031616 0.1607406586408615 
v -0.11040693521499634 -1.0914925336837769 0.1693195104598999 
v -0.10590668767690659 -0.5270700454711914 0.06241106614470482 
v -0.1034122109413147 -0.47708046436309814 0.061283428221940994 
v -0.11040212213993073 -0.46963033080101013 0.025777019560337067 
v -0.026710927486419678 -0.47664955258369446 0.11071840673685074 
v -0.06083740293979645 -0.4805937707424164 0.10425153374671936 
v -0.06260191649198532 -0.5293123722076416 0.10604771226644516 
v -0.10494991391897202 -0.3321325182914734 0.06467681378126144 
v -0.10764402896165848 -0.2840083837509155 0.06737358123064041 
v -0.11076243221759796 -0.27698010206222534 0.028466466814279556 
v -0.02846618928015232 -0.2856784760951996 0.11190616339445114 
v -0.06601740419864655 -0.28821486234664917 0.10922366380691528 
v -0.06334519386291504 -0.3364861309528351 0.10657994449138641 
v -0.10250169038772583 -0.42818740010261536 0.06138898804783821 
v -0.103122279047966 -0.3800475001335144 0.06261147558689117 
v -0.1090002954006195 -0.37210121750831604 0.02665640227496624 
v -0.02681601047515869 -0.3819049596786499 0.11005217581987381 
v -0.06138245761394501 -0.3848021924495697 0.10464667528867722 
v -0.06046373397111893 -0.43271782994270325 0.10380271822214127 
v -0.11800685524940491 -0.14285962283611298 0.07561590522527695 
v -0.12127561867237091 -0.09734442830085754 0.07764337956905365 
v -0.1194235309958458 -0.09389770776033401 0.032542530447244644 
v -0.03251819685101509 -0.10042321681976318 0.1205257996916771 
v -0.0775209367275238 -0.10052904486656189 0.12120486050844193 
v -0.0750228762626648 -0.14649856090545654 0.11848948150873184 
v -0.12805509567260742 0.07784992456436157 0.03472014144062996 
v -0.12928280234336853 0.07926477491855621 0.08123201131820679 
v -0.13024385273456573 0.1227656677365303 0.08155585080385208 
v -0.08165118098258972 0.033116959035396576 0.1267075389623642 
v -0.08209554851055145 0.0774245485663414 0.1279502809047699 
v -0.1318676620721817 0.08201504498720169 0.12922997772693634 
v -0.1377936154603958 0.12272758781909943 0.035282403230667114 
v -0.1382041722536087 0.12390407174825668 0.06951931864023209 
v -0.1462848037481308 0.1258450597524643 0.06962179392576218 
v -0.12409231066703796 -0.05248808488249779 0.07916346192359924 
v -0.12635581195354462 -0.008271734230220318 0.08021007478237152 
v -0.12406173348426819 -0.007529163267463446 0.033822186291217804 
v -0.0338456891477108 -0.012605260126292706 0.12482694536447525 
v -0.08084868639707565 -0.010734105482697487 0.12529990077018738 
v -0.07948394864797592 -0.05523011460900307 0.12347591668367386 
v -0.08234146237373352 0.12122442573308945 0.12902148067951202 
v -0.06988544017076492 0.12210063636302948 0.13739819824695587 
v -0.1178523600101471 0.12675689160823822 0.1363007128238678 
v -0.13830868899822235 0.1274520456790924 0.11596076190471649 
v -0.13773846626281738 0.13004522025585175 0.13532984256744385 
v -0.14576607942581177 0.13060779869556427 0.12335053831338882 
v -0.11090344935655594 -0.23621894419193268 0.07030956447124481 
v -0.11446665972471237 -0.18913857638835907 0.07313137501478195 
v -0.1146252453327179 -0.18335777521133423 0.030700962990522385 
v -0.030633557587862015 -0.1911333054304123 0.11582499742507935 
v -0.07212986052036285 -0.1931486427783966 0.11547137051820755 
v -0.06904179602861404 -0.24041852355003357 0.11229709535837173 
v -0.11495064198970795 -0.6302841305732727 0.0679088681936264 
v -0.10982304066419601 -0.578162431716919 0.06468633562326431 
v -0.11546231061220169 -0.5724838376045227 0.026615040376782417 
v -0.02850223146378994 -0.575758695602417 0.1145673617720604 
v -0.06564159691333771 -0.5789487957954407 0.10913745313882828 
v -0.06974385678768158 -0.6294020414352417 0.1132950633764267 
v -0.1453053504228592 0.2133006453514099 -0.06747763603925705 
v -0.1463036835193634 0.25845271348953247 -0.0676015317440033 
v -0.14359605312347412 0.2592446208000183 -0.10202156752347946 
v -0.14935125410556793 0.39729437232017517 -0.06853525340557098 
v -0.15076054632663727 0.4602493643760681 -0.06977494806051254 
v -0.14981389045715332 0.45608511567115784 -0.10592776536941528 
v -0.10049467533826828 0.25846967101097107 -0.14497531950473785 
v -0.06630491465330124 0.25790393352508545 -0.14707641303539276 
v -0.06576450169086456 0.2133025974035263 -0.14598214626312256 
v -0.10613545775413513 0.4519446790218353 -0.149698406457901 
v -0.06999729573726654 0.4528087079524994 -0.15103185176849365 
v -0.06868145614862442 0.38681718707084656 -0.14989331364631653 
v -0.13929373025894165 0.25963571667671204 -0.14128302037715912 
v -0.11995721608400345 0.25902557373046875 -0.1430671513080597 
v -0.11878087371587753 0.21595941483974457 -0.1419089436531067 
v -0.14854668080806732 0.4509385824203491 -0.14830045402050018 
v -0.127109557390213 0.45110267400741577 -0.14880649745464325 
v -0.12512214481830597 0.38969337940216064 -0.14746174216270447 
v -0.1399618238210678 0.5335537791252136 -0.034258194267749786 
v -0.13917043805122375 0.5296554565429688 -0.07133696228265762 
v -0.15197645127773285 0.5248547792434692 -0.07102593034505844 
v -0.10288538783788681 0.3444184362888336 -0.1472882628440857 
v -0.06802791357040405 0.34372174739837646 -0.14899207651615143 
v -0.06702671200037003 0.3027448356151581 -0.14807064831256866 
v -0.14728204905986786 0.30404722690582275 -0.0678332969546318 
v -0.14830382168293 0.35019993782043457 -0.06816735118627548 
v -0.1464090347290039 0.3482894003391266 -0.10373719036579132 
v -0.14009790122509003 0.2162359654903412 -0.12080032378435135 
v -0.14148001372814178 0.25964897871017456 -0.12170688807964325 
v -0.14706356823444366 0.39220714569091797 -0.12572191655635834 
v -0.14916594326496124 0.4534161388874054 -0.12694154679775238 
v -0.07986478507518768 0.5301461815834045 -0.12577006220817566 
v -0.07195621728897095 0.525705099105835 -0.1389874964952469 
v -0.11648892611265182 0.5222753286361694 -0.13702520728111267 
v -0.14322608709335327 0.3034117519855499 -0.12300190329551697 
v -0.14514461159706116 0.34718215465545654 -0.12444499135017395 
v -0.14406399428844452 0.3460191488265991 -0.1453782320022583 
v -0.13792060315608978 0.5229642987251282 -0.11553066968917847 
v -0.1369878500699997 0.5178712606430054 -0.13612151145935059 
v -0.15037135779857635 0.5152825713157654 -0.12832193076610565 
v -0.12331373989582062 0.345126748085022 -0.14610649645328522 
v -0.12155745178461075 0.3023362159729004 -0.14453919231891632 
v -0.12785093486309052 0.59613037109375 -0.08018079400062561 
v -0.128780335187912 0.6263856887817383 -0.08072426170110703 
v -0.12743927538394928 0.6175915002822876 -0.12585598230361938 
v -0.08196276426315308 0.6231143474578857 -0.12790393829345703 
v -0.08119039237499237 0.5928517580032349 -0.12714166939258575 
v -0.0983024388551712 0.8045555949211121 -0.06852752715349197 
v -0.0954427495598793 0.8209628462791443 -0.06525705009698868 
v -0.09424003958702087 0.8109852075576782 -0.09125280380249023 
v -0.1296556293964386 0.6572187542915344 -0.08141690492630005 
v -0.11419947445392609 0.7312356233596802 -0.06411232054233551 
v -0.11134807765483856 0.7186546921730042 -0.10903739184141159 
v -0.06598231196403503 0.7275004386901855 -0.11305636912584305 
v -0.08290117233991623 0.6541497707366943 -0.1286247968673706 
v -0.12616612017154694 0.5329659581184387 -0.07918331772089005 
v -0.1269194334745407 0.5641159415245056 -0.07968233525753021 
v -0.12614624202251434 0.556476354598999 -0.124744713306427 
v -0.08048439770936966 0.5609772205352783 -0.12637796998023987 
v -0.14800718426704407 0.21342958509922028 0.07037791609764099 
v -0.14874450862407684 0.2589823305606842 0.0708099827170372 
v -0.14912965893745422 0.25813454389572144 0.03645046055316925 
v -0.15090873837471008 0.39898020029067993 0.07296737283468246 
v -0.1519477367401123 0.4635370373725891 0.07435508817434311 
v -0.15226608514785767 0.46462175250053406 0.03853122889995575 
v -0.034818876534700394 0.2567934989929199 0.1505344957113266 
v -0.07005927711725235 0.2581002414226532 0.14897818863391876 
v -0.06997441500425339 0.21217229962348938 0.1478705108165741 
v -0.03552500903606415 0.46626782417297363 0.15524883568286896 
v -0.07171308249235153 0.46431460976600647 0.15402625501155853 
v -0.07095206528902054 0.39938193559646606 0.15250146389007568 
v -0.10512182861566544 0.2596970498561859 0.14662034809589386 
v -0.12525196373462677 0.2606217563152313 0.14465993642807007 
v -0.12484212219715118 0.21575956046581268 0.14368730783462524 
v -0.1527240127325058 0.5289069414138794 0.07593819499015808 
v -0.13972777128219604 0.5336478352546692 0.076376773416996 
v -0.14017324149608612 0.535266101360321 0.03951253741979599 
v -0.10759656131267548 0.461423397064209 0.15232494473457336 
v -0.12826135754585266 0.4596543312072754 0.15094144642353058 
v -0.127423495054245 0.3979373276233673 0.14898954331874847 
v -0.14942492544651031 0.30499178171157837 0.07137452065944672 
v -0.15014337003231049 0.35159027576446533 0.07209090143442154 
v -0.15052588284015656 0.3515174388885498 0.03724817559123039 
v -0.03497868776321411 0.35159483551979065 0.15274913609027863 
v -0.07054456323385239 0.35160988569259644 0.1512845903635025 
v -0.07025537639856339 0.3045410215854645 0.1500929743051529 
v -0.14592373371124268 0.21630126237869263 0.1229565292596817 
v -0.1465366929769516 0.26093974709510803 0.12375734001398087 
v -0.14767542481422424 0.2602447271347046 0.10459884256124496 
v -0.14910970628261566 0.3979067802429199 0.1277114748954773 
v -0.1500273197889328 0.4596171975135803 0.12957490980625153 
v -0.15098020434379578 0.46124333143234253 0.10951504856348038 
v -0.11692085862159729 0.5287131667137146 0.1408219337463379 
v -0.07299850881099701 0.5350698828697205 0.14256635308265686 
v -0.0807207003235817 0.5386984348297119 0.12956149876117706 
v -0.1473812609910965 0.3061625063419342 0.1249605268239975 
v -0.14827369153499603 0.3518535792827606 0.1263274848461151 
v -0.1491621881723404 0.35170772671699524 0.10652342438697815 
v -0.1508142203092575 0.5217800140380859 0.13190047442913055 
v -0.13733084499835968 0.5238392353057861 0.13964878022670746 
v -0.1382405310869217 0.5286804437637329 0.11975732445716858 
v -0.10605929791927338 0.35169705748558044 0.14907844364643097 
v -0.1266944259405136 0.3518829047679901 0.14749538898468018 
v -0.12593302130699158 0.3060149848461151 0.14602990448474884 
v -0.1276770383119583 0.6009562611579895 0.08586114645004272 
v -0.12834902107715607 0.6314385533332825 0.08665821701288223 
v -0.1294339895248413 0.6357793807983398 0.04139674827456474 
v -0.037367768585681915 0.6386246085166931 0.1324136108160019 
v -0.08231019973754883 0.6326459050178528 0.13194970786571503 
v -0.08172577619552612 0.6024076342582703 0.13118501007556915 
v -0.06960070133209229 0.8156611919403076 0.10069509595632553 
v -0.06647959351539612 0.8331590890884399 0.09770157933235168 
v -0.09209390729665756 0.8220112919807434 0.09704622626304626 
v -0.11019448190927505 0.7521793842315674 0.06598827242851257 
v -0.11337888985872269 0.7355765700340271 0.0700964406132698 
v -0.08305607736110687 0.6633501052856445 0.13261979818344116 
v -0.06553345918655396 0.7384920716285706 0.11661647260189056 
v -0.110174261033535 0.726527214050293 0.11483332514762878 
v -0.12781591713428497 0.5719087719917297 0.04026012867689133 
v -0.12703081965446472 0.5686749815940857 0.08503494411706924 
v -0.08119545131921768 0.5702236890792847 0.1303306370973587 
v -0.12597942352294922 0.5631216168403625 0.12976400554180145 
v 0.13177403807640076 -1.3342945575714111 -0.21274499595165253 
v 0.13942469656467438 -1.335710883140564 -0.13640081882476807 
v 0.06165538728237152 -1.3314932584762573 -0.13789035379886627 
v 0.1736440509557724 -1.087278962135315 -0.1089085265994072 
v 0.18173108994960785 -1.151072382926941 -0.11433970928192139 
v 0.18071869015693665 -1.1498911380767822 -0.17714130878448486 
v 0.052019406110048294 -1.1439870595932007 -0.18066570162773132 
v 0.11723373085260391 -1.1468443870544434 -0.17968147993087769 
v 0.1223893091082573 -1.212417721748352 -0.1895383894443512 
v 0.19138950109481812 -1.217367172241211 -0.1201183870434761 
v 0.20132555067539215 -1.2785489559173584 -0.1262301504611969 
v 0.2011035531759262 -1.276752233505249 -0.19950951635837555 
v 0.05571315065026283 -1.2685744762420654 -0.20006047189235687 
v 0.12744185328483582 -1.272946834564209 -0.19984643161296844 
v 0.1459932029247284 -0.85069340467453 -0.08895786106586456 
v 0.1528511941432953 -0.9067353010177612 -0.09395092725753784 
v 0.15498894453048706 -0.9022954106330872 -0.14851589500904083 
v 0.04480242356657982 -0.9002767205238342 -0.1491624414920807 
v 0.09968610852956772 -0.9023516774177551 -0.14867639541625977 
v 0.10409694910049438 -0.9606196880340576 -0.15587595105171204 
v 0.1198396161198616 -0.6429067254066467 -0.06924598664045334 
v 0.12579204142093658 -0.6928937435150146 -0.07386281341314316 
v 0.12256575375795364 -0.6948519349098206 -0.11651108413934708 
v 0.036934781819581985 -0.6805152297019958 -0.12410922348499298 
v 0.08002318441867828 -0.6875165104866028 -0.12103329598903656 
v 0.08501439541578293 -0.7386779189109802 -0.12750843167304993 
v 0.13230253756046295 -0.7440272569656372 -0.0788082405924797 
v 0.139101043343544 -0.7965391874313354 -0.08388987928628922 
v 0.1398211121559143 -0.7931690216064453 -0.13338357210159302 
v 0.04089407995343208 -0.7877719402313232 -0.13566136360168457 
v 0.09005466103553772 -0.791449248790741 -0.13438183069229126 
v 0.09498735517263412 -0.845962405204773 -0.14148591458797455 
v 0.1596406251192093 -0.964859664440155 -0.09886017441749573 
v 0.16645312309265137 -1.0250215530395508 -0.10380004346370697 
v 0.16700245440006256 -1.0220905542373657 -0.1619323343038559 
v 0.04844991862773895 -1.018823504447937 -0.16401515901088715 
v 0.10834172368049622 -1.0208569765090942 -0.16327212750911713 
v 0.11263389885425568 -1.0829715728759766 -0.17107293009757996 
v 0.1065741702914238 -0.44837987422943115 -0.05894710123538971 
v 0.10790649056434631 -0.4965861737728119 -0.0598665252327919 
v 0.09626889228820801 -0.5072855949401855 -0.09119130671024323 
v 0.03130396828055382 -0.4815031588077545 -0.11069945245981216 
v 0.06586028635501862 -0.49222972989082336 -0.10348452627658844 
v 0.06793629378080368 -0.5405091643333435 -0.10611048340797424 
v 0.1136823371052742 -0.2547873258590698 -0.0653996542096138 
v 0.11068429052829742 -0.30290690064430237 -0.06284000724554062 
v 0.10537905246019363 -0.3022262454032898 -0.09974607825279236 
v 0.032269883900880814 -0.2939791977405548 -0.11114583909511566 
v 0.06954984366893768 -0.30013710260391235 -0.10616061091423035 
v 0.06720200926065445 -0.3482789993286133 -0.10394078493118286 
v 0.10823258012533188 -0.3515106439590454 -0.06068732216954231 
v 0.10675198584794998 -0.4001595377922058 -0.05928501486778259 
v 0.09595593065023422 -0.40230047702789307 -0.09093552827835083 
v 0.03109622932970524 -0.3877790570259094 -0.10956945270299911 
v 0.0656023696064949 -0.39635521173477173 -0.10251101106405258 
v 0.06508242338895798 -0.4441915452480316 -0.10228459537029266 
v 0.12590086460113525 -0.06733760982751846 -0.07445412129163742 
v 0.12321732193231583 -0.11367819458246231 -0.072752945125103 
v 0.12581151723861694 -0.11698650568723679 -0.11921074986457825 
v 0.03603234887123108 -0.10767234116792679 -0.11844788491725922 
v 0.08010058850049973 -0.11265195906162262 -0.11806607991456985 
v 0.07779186218976974 -0.158752903342247 -0.11514288187026978 
v 0.13267187774181366 0.11473067849874496 -0.07719112187623978 
v 0.1313656121492386 0.0693546012043953 -0.07690885663032532 
v 0.1337420791387558 0.0734109953045845 -0.12558601796627045 
v 0.03849862888455391 0.07134203612804413 -0.12605540454387665 
v 0.08533718436956406 0.07077031582593918 -0.12558035552501678 
v 0.08443884551525116 0.02404373697936535 -0.12440154701471329 
v 0.14103229343891144 0.12118889391422272 -0.11226898431777954 
v 0.14066071808338165 0.11571437120437622 -0.06483646482229233 
v 0.1298515498638153 0.023575101047754288 -0.07646722346544266 
v 0.12808442115783691 -0.021579181775450706 -0.07568671554327011 
v 0.1312209814786911 -0.023271935060620308 -0.12450754642486572 
v 0.037542637437582016 -0.017629390582442284 -0.1224115863442421 
v 0.08329205214977264 -0.021857110783457756 -0.12291129678487778 
v 0.08197339624166489 -0.06687954068183899 -0.1206664890050888 
v 0.07385574281215668 0.12086457759141922 -0.14316393435001373 
v 0.07375344634056091 0.11856341361999512 -0.13504399359226227 
v 0.03895397484302521 0.11859279125928879 -0.1359228640794754 
v 0.12866485118865967 0.12467090785503387 -0.1405484974384308 
v 0.14065593481063843 0.12477605789899826 -0.1319873183965683 
v 0.12098321318626404 0.12152032554149628 -0.1331559717655182 
v 0.12019788473844528 -0.1602308750152588 -0.07057511061429977 
v 0.11694661527872086 -0.20720554888248444 -0.06805334240198135 
v 0.11710494011640549 -0.20900984108448029 -0.11048121005296707 
v 0.03411438316106796 -0.19990530610084534 -0.11438212543725967 
v 0.07513698190450668 -0.20528212189674377 -0.1120356023311615 
v 0.07229647785425186 -0.2523936927318573 -0.10895202308893204 
v 0.11067906767129898 -0.5450097918510437 -0.062006548047065735 
v 0.11470827460289001 -0.5937308073043823 -0.06520292907953262 
v 0.10677610337734222 -0.6026135683059692 -0.10131535679101944 
v 0.03335500881075859 -0.579042911529541 -0.1155526265501976 
v 0.0711684301495552 -0.5889745354652405 -0.11004993319511414 
v 0.07531795650720596 -0.6377425789833069 -0.11514667421579361 
v 0.14394156634807587 -1.3410018682479858 0.05772663652896881 
v 0.14223282039165497 -1.3461651802062988 0.13596023619174957 
v 0.062431465834379196 -1.3426316976547241 0.13882231712341309 
v 0.1746886670589447 -1.0976269245147705 0.10833770036697388 
v 0.18380658328533173 -1.1611335277557373 0.11301165074110031 
v 0.18377356231212616 -1.1581629514694214 0.04692789167165756 
v 0.18307438492774963 -1.160884976387024 0.1788293868303299 
v 0.1169624850153923 -1.1615513563156128 0.1788569986820221 
v 0.12322115898132324 -1.227799892425537 0.18864795565605164 
v 0.194404736161232 -1.2267028093338013 0.11825490742921829 
v 0.20568232238292694 -1.2873293161392212 0.12344615906476974 
v 0.20510494709014893 -1.282010555267334 0.05068664625287056 
v 0.20697174966335297 -1.289672613143921 0.19928671419620514 
v 0.12940892577171326 -1.2889117002487183 0.19892410933971405 
v 0.13486602902412415 -1.3508656024932861 0.2125024050474167 
v 0.14277850091457367 -0.8633143901824951 0.09056065231561661 
v 0.15048842132091522 -0.9186451435089111 0.09512759000062943 
v 0.1514723002910614 -0.919467031955719 0.041068460792303085 
v 0.15108142793178558 -0.9146909713745117 0.1498757004737854 
v 0.0956069752573967 -0.9147776961326599 0.14780905842781067 
v 0.101054847240448 -0.9745602607727051 0.15534573793411255 
v 0.11498992145061493 -0.6409034729003906 0.07013579457998276 
v 0.12089351564645767 -0.6950324177742004 0.07458531856536865 
v 0.12512840330600739 -0.6932036876678467 0.03260396793484688 
v 0.11504233628511429 -0.6961885690689087 0.11530513316392899 
v 0.07362565398216248 -0.6896528005599976 0.1195201501250267 
v 0.07893729954957962 -0.7448644042015076 0.12613384425640106 
v 0.1276586949825287 -0.7501540780067444 0.0796392560005188 
v 0.1350352168083191 -0.8063277006149292 0.08504164963960648 
v 0.1370691955089569 -0.804168701171875 0.03661612421274185 
v 0.13333652913570404 -0.8020564913749695 0.13305804133415222 
v 0.08448569476604462 -0.8005344271659851 0.13315808773040771 
v 0.09007038921117783 -0.8569287657737732 0.14037902653217316 
v 0.15835808217525482 -0.9764854907989502 0.09960184246301651 
v 0.1663510948419571 -1.036098837852478 0.10396111011505127 
v 0.16652044653892517 -1.0345948934555054 0.04370150342583656 
v 0.16646480560302734 -1.0333025455474854 0.16434155404567719 
v 0.10611394792795181 -1.0349458456039429 0.16269662976264954 
v 0.11134198307991028 -1.097238302230835 0.1703955978155136 
v 0.10416308045387268 -0.4351641833782196 0.06335397809743881 
v 0.10469670593738556 -0.48486462235450745 0.06305992603302002 
v 0.11203756928443909 -0.4853949546813965 0.028551941737532616 
v 0.0916544571518898 -0.4843011796474457 0.09340342879295349 
v 0.060760803520679474 -0.47626161575317383 0.10462827235460281 
v 0.06227918341755867 -0.5288496613502502 0.10611928999423981 
v 0.1118442714214325 -0.24261845648288727 0.0733383446931839 
v 0.1090128943324089 -0.2893499732017517 0.0701708272099495 
v 0.11258253455162048 -0.2934087812900543 0.03148587793111801 
v 0.10565413534641266 -0.2826969623565674 0.10990487784147263 
v 0.06597698479890823 -0.28012460470199585 0.11091496050357819 
v 0.0634411871433258 -0.32666540145874023 0.108115553855896 
v 0.10662221908569336 -0.33729007840156555 0.06722569465637207 
v 0.10490045696496964 -0.3860049247741699 0.06483632326126099 
v 0.11099814623594284 -0.3890494704246521 0.02926826849579811 
v 0.09576290845870972 -0.37712857127189636 0.09877967089414597 
v 0.061240699142217636 -0.3730698525905609 0.10598661005496979 
v 0.06047380343079567 -0.4242090880870819 0.10464753955602646 
v 0.12270253896713257 -0.06121024861931801 0.08364108204841614 
v 0.12041077017784119 -0.10586633533239365 0.0817064642906189 
v 0.1202564537525177 -0.10758847743272781 0.03675967454910278 
v 0.1232239156961441 -0.10549841821193695 0.12918543815612793 
v 0.07659447193145752 -0.10224843770265579 0.12393596768379211 
v 0.07446654886007309 -0.14669711887836456 0.12092632800340652 
v 0.12790225446224213 0.11542242765426636 0.08704392611980438 
v 0.12703096866607666 0.07136234641075134 0.08656051009893417 
v 0.12793785333633423 0.06804310530424118 0.039843153208494186 
v 0.12776881456375122 0.07620921730995178 0.13463805615901947 
v 0.08028953522443771 0.07375116646289825 0.13160410523414612 
v 0.07997196912765503 0.029549727216362953 0.13027693331241608 
v 0.1364167481660843 0.11609610170125961 0.07504643499851227 
v 0.13458549976348877 0.1212514117360115 0.12130354344844818 
v 0.1259143054485321 0.02687942050397396 0.08596538752317429 
v 0.12453734874725342 -0.01695987582206726 0.08503933995962143 
v 0.12426233291625977 -0.01911722496151924 0.038550347089767456 
v 0.12742750346660614 -0.015138629823923111 0.1338849663734436 
v 0.07930499315261841 -0.013993075117468834 0.12862101197242737 
v 0.07820214331150055 -0.05796852335333824 0.12651662528514862 
v 0.03456597402691841 0.11796028912067413 0.14006322622299194 
v 0.06857243180274963 0.11893460899591446 0.14058302342891693 
v 0.06864865869283676 0.1209140196442604 0.14866752922534943 
v 0.11435285955667496 0.12216483056545258 0.14100682735443115 
v 0.13324472308158875 0.12463946640491486 0.14036403596401215 
v 0.12151341885328293 0.12515991926193237 0.14833855628967285 
v 0.11772405356168747 -0.15090511739253998 0.07927075773477554 
v 0.11480464786291122 -0.19642941653728485 0.07643335312604904 
v 0.1160222738981247 -0.19908340275287628 0.034273456782102585 
v 0.11570274829864502 -0.19452500343322754 0.12080398201942444 
v 0.07190515846014023 -0.19124723970890045 0.11763716489076614 
v 0.06902675330638885 -0.23575587570667267 0.11421812325716019 
v 0.1066732332110405 -0.5356578826904297 0.06412769109010696 
v 0.11015772074460983 -0.5877581238746643 0.0665489062666893 
v 0.11658214032649994 -0.586276650428772 0.029719969257712364 
v 0.09915918111801147 -0.5929843187332153 0.10009105503559113 
v 0.06504544615745544 -0.581973671913147 0.10919307917356491 
v 0.06891682744026184 -0.6355267763137817 0.11375125497579575 
v 0.03903725743293762 0.2550177574157715 -0.14809028804302216 
v 0.0746423676609993 0.2546754479408264 -0.14646674692630768 
v 0.07439661026000977 0.20945613086223602 -0.1454741209745407 
v 0.039257846772670746 0.455262690782547 -0.15220071375370026 
v 0.07545946538448334 0.4539439082145691 -0.15127675235271454 
v 0.07508546113967896 0.38988617062568665 -0.14980299770832062 
v 0.15277953445911407 0.29758161306381226 -0.06619805097579956 
v 0.15197809040546417 0.25166893005371094 -0.0657363086938858 
v 0.15109878778457642 0.2533837854862213 -0.10056300461292267 
v 0.1554257869720459 0.523134708404541 -0.07059875875711441 
v 0.15485583245754242 0.45655378699302673 -0.06894127279520035 
v 0.15438200533390045 0.4533679783344269 -0.10490250587463379 
v 0.10979830473661423 0.2554847300052643 -0.1439083218574524 
v 0.12940721213817596 0.25534525513648987 -0.14208108186721802 
v 0.12879188358783722 0.21124517917633057 -0.14106518030166626 
v 0.11121688038110733 0.45082542300224304 -0.15013282001018524 
v 0.1323104351758957 0.44968360662460327 -0.1485045850276947 
v 0.13162091374397278 0.3887190818786621 -0.14664286375045776 
v 0.12918062508106232 0.5322288870811462 -0.07899409532546997 
v 0.14234544336795807 0.5283918976783752 -0.0710359439253807 
v 0.14153914153575897 0.5217854976654053 -0.11536984145641327 
v 0.03899490088224411 0.3425159752368927 -0.15010453760623932 
v 0.07494054734706879 0.34378379583358765 -0.14859911799430847 
v 0.0748772993683815 0.2993801236152649 -0.1474001556634903 
v 0.1540873795747757 0.3915380537509918 -0.06759905815124512 
v 0.15346229076385498 0.34412169456481934 -0.06681609898805618 
v 0.1527480036020279 0.34395062923431396 -0.10227200388908386 
v 0.03945666551589966 0.5282694697380066 -0.14042173326015472 
v 0.07627568393945694 0.5255618095397949 -0.13966725766658783 
v 0.07605333626270294 0.5201330780982971 -0.15259255468845367 
v 0.15089748799800873 0.2989061176776886 -0.12142735719680786 
v 0.14992655813694 0.2543937563896179 -0.12023910880088806 
v 0.14868110418319702 0.25518471002578735 -0.13956201076507568 
v 0.15435251593589783 0.5138874650001526 -0.12781545519828796 
v 0.15379813313484192 0.4512050747871399 -0.12562526762485504 
v 0.15317776799201965 0.44918638467788696 -0.14660222828388214 
v 0.15281477570533752 0.3894648551940918 -0.12401445209980011 
v 0.15190541744232178 0.3439163565635681 -0.12272736430168152 
v 0.15125897526741028 0.34387916326522827 -0.1432698667049408 
v 0.12040897458791733 0.5206778645515442 -0.13717666268348694 
v 0.14089421927928925 0.5160341262817383 -0.13586369156837463 
v 0.13329024612903595 0.5125042200088501 -0.14950191974639893 
v 0.11046645045280457 0.34380725026130676 -0.1466265618801117 
v 0.13093481957912445 0.34383100271224976 -0.14508414268493652 
v 0.13018451631069183 0.29939743876457214 -0.14346721768379211 
v 0.13094550371170044 0.6565019488334656 -0.08232250064611435 
v 0.1304742693901062 0.625395655632019 -0.08133728802204132 
v 0.13000047206878662 0.6172068119049072 -0.1269153505563736 
v 0.03965314105153084 0.6277080178260803 -0.12993697822093964 
v 0.08489517867565155 0.6234146952629089 -0.12886060774326324 
v 0.08451726287603378 0.5929485559463501 -0.12798547744750977 
v 0.0874389111995697 0.8535577654838562 -0.062065135687589645 
v 0.09349439293146133 0.8220782279968262 -0.06793447583913803 
v 0.08374247699975967 0.8605203628540039 -0.08732827752828598 
v 0.1123364046216011 0.7195804119110107 -0.11091414839029312 
v 0.11405147612094879 0.7310665249824524 -0.0656178817152977 
v 0.08538097143173218 0.6547009348869324 -0.12974384427070618 
v 0.06707166135311127 0.728500247001648 -0.11433786153793335 
v 0.12996600568294525 0.5950230956077576 -0.08051234483718872 
v 0.12948910892009735 0.5630303621292114 -0.07972458004951477 
v 0.12915562093257904 0.5555610060691833 -0.1251632422208786 
v 0.03944304212927818 0.5646252036094666 -0.12822657823562622 
v 0.08420204371213913 0.5608998537063599 -0.12715598940849304 
v 0.08393556624650955 0.5299044847488403 -0.12648004293441772 
v 0.1025487408041954 0.2563096880912781 0.15012875199317932 
v 0.06934414058923721 0.2557222247123718 0.15137219429016113 
v 0.0690641850233078 0.20945081114768982 0.15049029886722565 
v 0.10759452730417252 0.4605785608291626 0.15503036975860596 
v 0.07242501527070999 0.4637982249259949 0.15559892356395721 
v 0.0711367130279541 0.39811867475509644 0.1543331742286682 
v 0.14846178889274597 0.29679736495018005 0.07668805867433548 
v 0.1473928689956665 0.25017213821411133 0.07652059197425842 
v 0.14977620542049408 0.24752864241600037 0.04229491204023361 
v 0.15401534736156464 0.5265797972679138 0.07800696790218353 
v 0.1526128053665161 0.4595896303653717 0.0771775171160698 
v 0.1538432389497757 0.460862398147583 0.04057773947715759 
v 0.13890166580677032 0.2559456527233124 0.14699837565422058 
v 0.12105339020490646 0.2564503848552704 0.14870765805244446 
v 0.12047147750854492 0.21131309866905212 0.14804115891456604 
v 0.1395493894815445 0.5278666019439697 0.12223995476961136 
v 0.14122726023197174 0.5318016409873962 0.07822290062904358 
v 0.128229558467865 0.5360652804374695 0.08594154566526413 
v 0.1476287543773651 0.4565575420856476 0.1536177396774292 
v 0.12766149640083313 0.4584200978279114 0.1544187366962433 
v 0.12538689374923706 0.3955286741256714 0.1526806652545929 
v 0.15093813836574554 0.39343881607055664 0.07670028507709503 
v 0.14968053996562958 0.3447740375995636 0.07659731060266495 
v 0.15163837373256683 0.3442990779876709 0.04112045094370842 
v 0.10439501702785492 0.3491694927215576 0.15224385261535645 
v 0.07038726657629013 0.3499208986759186 0.1533149629831314 
v 0.06978638470172882 0.3025003969669342 0.15231774747371674 
v 0.07397986203432083 0.5304495692253113 0.15668435394763947 
v 0.07440058141946793 0.5356498956680298 0.143740713596344 
v 0.03762247785925865 0.5384846329689026 0.14386433362960815 
v 0.1431848555803299 0.30037352442741394 0.129610076546669 
v 0.14181602001190186 0.25454181432724 0.1286488026380539 
v 0.1444021612405777 0.25308001041412354 0.10979971289634705 
v 0.15146134793758392 0.5204424262046814 0.13482987880706787 
v 0.14930257201194763 0.456899493932724 0.13330239057540894 
v 0.15086278319358826 0.45792341232299805 0.11289981007575989 
v 0.1468200832605362 0.39383918046951294 0.13194601237773895 
v 0.14490321278572083 0.3468787670135498 0.1307835727930069 
v 0.14701785147190094 0.3459935486316681 0.11109719425439835 
v 0.13035093247890472 0.5217813849449158 0.155739426612854 
v 0.13824643194675446 0.5236920714378357 0.1424870491027832 
v 0.11825408786535263 0.5290908217430115 0.14322900772094727 
v 0.1427057534456253 0.34797751903533936 0.15024684369564056 
v 0.12369710206985474 0.34868213534355164 0.15124563872814178 
v 0.12216600775718689 0.30229300260543823 0.14983095228672028 
v 0.13097713887691498 0.6349326372146606 0.04121571034193039 
v 0.13064301013946533 0.6317232847213745 0.08708632737398148 
v 0.12985308468341827 0.6008155345916748 0.0866720899939537 
v 0.08389230817556381 0.6031187176704407 0.13190200924873352 
v 0.08463139832019806 0.6335052251815796 0.13254202902317047 
v 0.039111535996198654 0.6386051774024963 0.13281884789466858 
v 0.08562545478343964 0.8755407333374023 0.08742666244506836 
v 0.0947122797369957 0.8314892649650574 0.06872119754552841 
v 0.08888328075408936 0.8640541434288025 0.061837293207645416 
v 0.09794523566961288 0.8145585060119629 0.07236610352993011 
v 0.11472604423761368 0.7374898791313171 0.0690489336848259 
v 0.11430546641349792 0.7426266670227051 0.042155828326940536 
v 0.11354194581508636 0.7296876907348633 0.11509077250957489 
v 0.06735300272703171 0.7391341328620911 0.11639956384897232 
v 0.0854073166847229 0.664364218711853 0.13310621678829193 
v 0.12898656725883484 0.5680229663848877 0.08629471808671951 
v 0.1296290159225464 0.5704879760742188 0.04100992530584335 
v 0.1284487545490265 0.5634576678276062 0.13149388134479523 
v 0.0830831229686737 0.5708153247833252 0.13122928142547607 
v 0.08227270096540451 0.539589524269104 0.1307322233915329 
v 0.002979724667966366 -1.3259618282318115 -0.21198110282421112 
v 0.0035485385451465845 -1.3299528360366821 -0.13800148665905 
v -0.05465608090162277 -1.3303037881851196 -0.13780717551708221 
v -0.04439635947346687 -1.1430991888046265 -0.18075953423976898 
v 0.0038088548462837934 -1.142941951751709 -0.1809554398059845 
v 0.0036290339194238186 -1.207790493965149 -0.19044972956180573 
v -0.04886053875088692 -1.2679508924484253 -0.20024177432060242 
v 0.0034400394652038813 -1.2670730352401733 -0.20006023347377777 
v -0.0356174074113369 -0.8987632393836975 -0.1492559313774109 
v 0.004526435397565365 -0.8990432620048523 -0.14932577311992645 
v 0.004367764573544264 -0.9576998949050903 -0.15663932263851166 
v -0.026906512677669525 -0.6740962862968445 -0.12377548962831497 
v 0.005030092783272266 -0.6761578321456909 -0.1247834637761116 
v 0.004950386006385088 -0.7304311990737915 -0.1299678236246109 
v -0.03119026869535446 -0.7850610613822937 -0.13552001118659973 
v 0.00482082599774003 -0.7856388688087463 -0.1358942836523056 
v 0.0046738265082240105 -0.8417781591415405 -0.14238852262496948 
v -0.04000261798501015 -1.0177563428878784 -0.16427262127399445 
v 0.004185507073998451 -1.017855167388916 -0.16429591178894043 
v 0.003995747305452824 -1.0796003341674805 -0.172327920794487 
v -0.02273515611886978 -0.4702945053577423 -0.11172977834939957 
v 0.00450096232816577 -0.4745672941207886 -0.11277365684509277 
v 0.004686409141868353 -0.5226534008979797 -0.11431831121444702 
v -0.02524297498166561 -0.28623461723327637 -0.11331965029239655 
v 0.003865770995616913 -0.28924041986465454 -0.11304876953363419 
v 0.0040162792429327965 -0.3357963263988495 -0.11225897818803787 
v -0.023477457463741302 -0.3787154257297516 -0.11151944100856781 
v 0.0041673979721963406 -0.3819250166416168 -0.11188025772571564 
v 0.004325186368077993 -0.4279247224330902 -0.11203870922327042 
v -0.028980249539017677 -0.10182835906744003 -0.12011967599391937 
v 0.0036707017570734024 -0.10431256145238876 -0.11928744614124298 
v 0.0036227968521416187 -0.14983664453029633 -0.11748871207237244 
v 0.004022088833153248 0.028524037450551987 -0.12464921176433563 
v 0.004123002290725708 0.07302505522966385 -0.1264645904302597 
v -0.03045113943517208 0.12176080048084259 -0.13613882660865784 
v 0.004194961860775948 0.11990375071763992 -0.13633207976818085 
v 0.0041918158531188965 0.11784729361534119 -0.12815441191196442 
v -0.02985231578350067 -0.012862593866884708 -0.12348909676074982 
v 0.003909775987267494 -0.015131102874875069 -0.1228456124663353 
v 0.003778382670134306 -0.059393510222435 -0.12106423079967499 
v -0.027335532009601593 -0.19313064217567444 -0.11650822311639786 
v 0.0036450368352234364 -0.19593054056167603 -0.11577331274747849 
v 0.003732128767296672 -0.2424902766942978 -0.11426357179880142 
v -0.023253431543707848 -0.5650374889373779 -0.11543949693441391 
v 0.004860341548919678 -0.572334349155426 -0.11681123822927475 
v 0.005020097363740206 -0.6232442855834961 -0.12033075839281082 
v 0.003864519065245986 -1.338308334350586 0.06116731837391853 
v 0.003253574948757887 -1.341094732284546 0.13961896300315857 
v -0.05572877824306488 -1.341334581375122 0.13962210714817047 
v 0.05058951675891876 -1.1592748165130615 0.17937377095222473 
v 0.0014397331979125738 -1.1576263904571533 0.17944632470607758 
v 0.0017693600384518504 -1.2231504917144775 0.18977807462215424 
v 0.055653106421232224 -1.2848485708236694 0.1999945342540741 
v 0.002072433242574334 -1.282802939414978 0.20035411417484283 
v 0.0023455333430320024 -1.3418726921081543 0.21362240612506866 
v 0.04074959084391594 -0.9114888906478882 0.14728549122810364 
v 8.974422962637618e-05 -0.9084365367889404 0.14670953154563904 
v 0.0004418916651047766 -0.9686810374259949 0.15405535697937012 
v 0.031380802392959595 -0.6840109825134277 0.12232531607151031 
v 0.00015144606004469097 -0.6833868622779846 0.12319984287023544 
v -0.0008242038311436772 -0.7344489097595215 0.1272895187139511 
v 0.03591447323560715 -0.7964808940887451 0.1338483691215515 
v -0.0004967653658241034 -0.7919588685035706 0.13329599797725677 
v -0.000245987786911428 -0.8495229482650757 0.13991422951221466 
v 0.04564553126692772 -1.0324095487594604 0.16230784356594086 
v 0.0007887110114097595 -1.0303456783294678 0.16190177202224731 
v 0.0011191684752702713 -1.0933189392089844 0.17029228806495667 
v 0.026322748512029648 -0.4748534560203552 0.11058443784713745 
v -0.00023551637423224747 -0.47498151659965515 0.11186977475881577 
v -0.00021866205497644842 -0.5243297219276428 0.1132935956120491 
v 0.02807657979428768 -0.28351208567619324 0.11281196027994156 
v -0.0002687693340703845 -0.28434890508651733 0.11288132518529892 
v -0.00024142787151504308 -0.33220604062080383 0.11175686120986938 
v 0.02649182453751564 -0.37864986062049866 0.11033385992050171 
v -0.0002203782496508211 -0.38001030683517456 0.11117711663246155 
v -0.00023864094691816717 -0.42722129821777344 0.11120206117630005 
v 0.032461509108543396 -0.10127429664134979 0.12182765454053879 
v 0.00013634719653055072 -0.10097639262676239 0.1209806278347969 
v -0.00010654047946445644 -0.14482760429382324 0.11864795535802841 
v 0.03426618129014969 0.07225002348423004 0.1302318423986435 
v 2.7952060918323696e-05 0.07279153913259506 0.12937194108963013 
v 6.863593443995342e-05 0.028994765132665634 0.12739594280719757 
v 7.788070797687396e-05 0.11652052402496338 0.131156787276268 
v 9.464297909289598e-05 0.11843661963939667 0.13934209942817688 
v -0.034732282161712646 0.11991177499294281 0.1382937729358673 
v 0.033942222595214844 -0.014829115942120552 0.1263704150915146 
v 0.00018099583394359797 -0.014089690521359444 0.12537528574466705 
v 0.00036237738095223904 -0.0578734464943409 0.12332463264465332 
v 0.03035595454275608 -0.1907564103603363 0.11700604110956192 
v -0.00039655197178944945 -0.18947583436965942 0.1163959875702858 
v -0.00033188259112648666 -0.23669689893722534 0.11449096351861954 
v 0.02805374376475811 -0.5769513249397278 0.11435899138450623 
v -0.00018042470037471503 -0.5757036209106445 0.11560295522212982 
v -6.52787639410235e-05 -0.6288944482803345 0.11887528747320175 
v -0.0315982960164547 0.258331298828125 -0.14830197393894196 
v 0.0031363642774522305 0.2564074397087097 -0.14891332387924194 
v 0.0037123453803360462 0.2104981541633606 -0.1475714147090912 
v -0.0336780920624733 0.4531852900981903 -0.15213723480701447 
v 0.0028157581109553576 0.45471471548080444 -0.1525510847568512 
v 0.0029260332230478525 0.3887839615345001 -0.15154185891151428 
v 0.002261768328025937 0.533276379108429 -0.12781624495983124 
v 0.0023805645760148764 0.527893602848053 -0.140707328915596 
v -0.03477402403950691 0.5272598266601562 -0.14022129774093628 
v -0.03256269916892052 0.3426254391670227 -0.15035220980644226 
v 0.0027728164568543434 0.34098175168037415 -0.15080241858959198 
v 0.0028268075548112392 0.29967179894447327 -0.14987525343894958 
v -0.036657512187957764 0.6271963715553284 -0.12962545454502106 
v 0.0015964374179020524 0.628865659236908 -0.13016454875469208 
v 0.0018109483644366264 0.5978898406028748 -0.12925732135772705 
v -0.0018310118466615677 0.8947087526321411 -0.08543022722005844 
v -0.01096714474260807 0.8661909103393555 -0.08980742841959 
v -0.08634129166603088 0.8599824905395508 -0.08360090851783752 
v -0.0010159369558095932 0.8941341638565063 -0.0863627940416336 
v 0.07902241498231888 0.8904916644096375 -0.08479109406471252 
v 0.001390628982335329 0.6606934666633606 -0.13116687536239624 
v 0.02350514568388462 0.7488236427307129 -0.11208169907331467 
v 0.06310409307479858 0.7447437644004822 -0.11112473905086517 
v -0.03546164557337761 0.5641138553619385 -0.12798938155174255 
v 0.002039340790361166 0.5651557445526123 -0.12842412292957306 
v -0.11914990097284317 1.118647575378418 -0.11561951786279678 
v 0.003774545853957534 1.1048771142959595 -0.11409734189510345 
v -0.006230535451322794 1.0520720481872559 -0.11315784603357315 
v -0.07429855316877365 1.313167929649353 -0.072844497859478 
v -0.010890666395425797 1.2928683757781982 -0.07147453725337982 
v -0.018418671563267708 1.2576136589050293 -0.08784051984548569 
v -0.1077982485294342 1.2434680461883545 -0.10577298700809479 
v -0.002012568060308695 1.2129474878311157 -0.10112319886684418 
v -0.011148649267852306 1.1620337963104248 -0.11008498817682266 
v -0.03309879079461098 1.4117830991744995 -0.03192245215177536 
v -0.026387866586446762 1.411357045173645 -0.030647041276097298 
v -0.025243300944566727 1.3775345087051392 -0.03158514201641083 
v -0.03565043956041336 1.4727885723114014 -0.0352441631257534 
v -0.027352456003427505 1.4733703136444092 -0.033578552305698395 
v -0.028648708015680313 1.443936824798584 -0.03180885314941406 
v -0.040864765644073486 1.3497827053070068 -0.03985341638326645 
v -0.019145088270306587 1.3456069231033325 -0.04024205729365349 
v -0.022834133356809616 1.321933627128601 -0.0552961640059948 
v -0.0019693714566528797 0.8935500979423523 -0.08729663491249084 
v -0.0028627212159335613 0.9706679582595825 -0.10041535645723343 
v 0.09304974228143692 0.9724711775779724 -0.10143345594406128 
v 0.03513632342219353 0.25552183389663696 0.15177607536315918 
v 0.0003233550814911723 0.2558828890323639 0.1514989286661148 
v 0.00023747327213641256 0.20921416580677032 0.15033233165740967 
v 0.03670091927051544 0.46594610810279846 0.15578368306159973 
v 0.0006590791163034737 0.4668791890144348 0.15567556023597717 
v 0.0005579187418334186 0.4002866744995117 0.15451359748840332 
v -0.036114610731601715 0.5380376577377319 0.14339452981948853 
v 0.000792264356277883 0.5392013788223267 0.1437033712863922 
v 0.0008073138887993991 0.5445282459259033 0.13079795241355896 
v 0.035676009953022 0.35072270035743713 0.15372896194458008 
v 0.0004853592545259744 0.3513278067111969 0.15356464684009552 
v 0.00040776346577331424 0.30322226881980896 0.1525646150112152 
v 0.0005441329558379948 0.6411767601966858 0.13259579241275787 
v 0.000597209669649601 0.6093517541885376 0.13191305100917816 
v -0.06138600409030914 0.8673194050788879 0.09197639673948288 
v 0.013736726716160774 0.8750473260879517 0.09179872274398804 
v -0.002633436117321253 0.9232065081596375 0.08417471498250961 
v 0.08201131969690323 0.9089483022689819 0.08460549265146255 
v -0.0017937527736648917 0.9231142401695251 0.08499003201723099 
v 0.0006081684259697795 0.6696370840072632 0.1334029585123062 
v -0.0002739427436608821 0.7486938834190369 0.11620871722698212 
v -0.039614394307136536 0.7460018396377563 0.11638909578323364 
v 0.038262877613306046 0.5758736729621887 0.1314513385295868 
v 0.0007169920718297362 0.577555239200592 0.13130462169647217 
v -0.008747929707169533 1.10979425907135 0.10329053550958633 
v 0.0012166132219135761 1.1592397689819336 0.09883392602205276 
v -0.1277238428592682 1.1780211925506592 0.11187850683927536 
v 0.030174553394317627 1.302899956703186 0.031047478318214417 
v -0.029146192595362663 1.3037892580032349 0.033063653856515884 
v -0.017645874992012978 1.2769767045974731 0.053683266043663025 
v 0.07498148083686829 1.2651315927505493 0.07670169323682785 
v -0.028138665482401848 1.2465213537216187 0.07309871912002563 
v -0.013174405321478844 1.2067115306854248 0.08830393850803375 
v -0.01785927638411522 1.4070947170257568 -0.02026180922985077 
v -0.026681095361709595 1.407339096069336 -0.020608488470315933 
v -0.024178022518754005 1.3740910291671753 -0.0175259280949831 
v -0.018453720957040787 1.4728758335113525 -0.020598169416189194 
v -0.026279808953404427 1.4728046655654907 -0.021136973053216934 
v -0.026476308703422546 1.4423930644989014 -0.02143917605280876 
v -0.02135687693953514 1.3232804536819458 0.012399326078593731 
v -0.017993131652474403 1.3452366590499878 -0.005368539597839117 
v -0.03909257799386978 1.3463472127914429 -0.007071308325976133 
v 0.0963626429438591 1.0018678903579712 0.1001630574464798 
v -0.0043253544718027115 1.0196136236190796 0.09558199346065521 
v -0.002783161122351885 0.9230298399925232 0.08585729449987411 
v -0.09935179352760315 0.17246034741401672 -0.14311715960502625 
v -0.06536027044057846 0.1697281152009964 -0.1448347270488739 
v -0.0650353729724884 0.12654276192188263 -0.14362430572509766 
v -0.14416344463825226 0.16956211626529694 -0.06742893159389496 
v -0.14163675904273987 0.17221957445144653 -0.10140781849622726 
v -0.1394365131855011 0.17413334548473358 -0.12057016044855118 
v -0.13651256263256073 0.17580875754356384 -0.13899457454681396 
v -0.118336983025074 0.17430809140205383 -0.14129215478897095 
v -0.11887963861227036 0.13271945714950562 -0.14128342270851135 
v 0.039112988859415054 0.16487213969230652 -0.14565086364746094 
v 0.07415426522493362 0.16510672867298126 -0.14438001811504364 
v 0.15104727447032928 0.2061157375574112 -0.06538837403059006 
v 0.1500118374824524 0.16181130707263947 -0.06512678414583206 
v 0.14963234961032867 0.16529668867588043 -0.09980250895023346 
v 0.1491796225309372 0.2103564590215683 -0.11942186206579208 
v 0.14871975779533386 0.16767539083957672 -0.11923976987600327 
v 0.14733241498470306 0.16963092982769012 -0.1379859447479248 
v 0.10888989269733429 0.16677585244178772 -0.14235316216945648 
v 0.1285223811864853 0.16818822920322418 -0.14059491455554962 
v -0.14721055328845978 0.16934634745121002 0.07002422213554382 
v -0.14725226163864136 0.1680789589881897 0.03576720505952835 
v -0.03481493145227432 0.16575466096401215 0.1480032056570053 
v -0.06996750086545944 0.16781273484230042 0.1467287391424179 
v -0.06992468982934952 0.12411212176084518 0.14551952481269836 
v -0.14563968777656555 0.17331461608409882 0.12281112372875214 
v -0.14659284055233002 0.17162808775901794 0.10384025424718857 
v -0.10497789829969406 0.1705843061208725 0.14503967761993408 
v -0.12487610429525375 0.1724558025598526 0.14335358142852783 
v -0.1254681646823883 0.12941378355026245 0.14371691644191742 
v 0.1464730054140091 0.20484474301338196 0.07606077194213867 
v 0.14553208649158478 0.1611286848783493 0.07566896080970764 
v 0.14736442267894745 0.1587258279323578 0.041306428611278534 
v 0.10218672454357147 0.16665856540203094 0.14903149008750916 
v 0.06888644397258759 0.16479657590389252 0.14962711930274963 
v 0.14105908572673798 0.20948562026023865 0.1281581073999405 
v 0.14101801812648773 0.16641436517238617 0.1281844824552536 
v 0.14319837093353271 0.16434921324253082 0.10936210304498672 
v 0.13796879351139069 0.1686554253101349 0.1458999216556549 
v 0.1206325814127922 0.1680045872926712 0.147877037525177 
v -0.13523443043231964 -1.3336920738220215 -0.05791332572698593 
v -0.13573183119297028 -1.3355765342712402 0.0004066159890498966 
v -0.21060313284397125 -1.3351844549179077 -0.0012406737077981234 
v -0.18936365842819214 -1.2170478105545044 -0.0007344915647991002 
v -0.18004252016544342 -1.1523007154464722 -0.0010711733484640718 
v -0.17909012734889984 -1.1505506038665771 -0.049122851341962814 
v -0.1988147795200348 -1.276265263557434 -0.0006373650394380093 
v -0.1982421576976776 -1.2748111486434937 -0.053104717284440994 
v -0.1563376635313034 -0.9691464900970459 -0.0027283683884888887 
v -0.14919468760490417 -0.9120607972145081 -0.0036333950702100992 
v -0.14809027314186096 -0.9082517027854919 -0.04222753643989563 
v -0.12984344363212585 -0.7371474504470825 -0.0026485403068363667 
v -0.12463892996311188 -0.6802359819412231 -0.0024257274344563484 
v -0.12349169701337814 -0.6800869107246399 -0.033511653542518616 
v -0.14227023720741272 -0.8537616729736328 -0.003473581513389945 
v -0.1357548087835312 -0.7950220704078674 -0.0029739276506006718 
v -0.13473425805568695 -0.7938675880432129 -0.037976883351802826 
v -0.17162801325321198 -1.0891903638839722 -0.0015337229706346989 
v -0.16380850970745087 -1.0281744003295898 -0.002078566001728177 
v -0.16278357803821564 -1.026267647743225 -0.04570947587490082 
v -0.11397427320480347 -0.5168493390083313 -0.001647016266360879 
v -0.11208545416593552 -0.46526506543159485 -0.0013154555344954133 
v -0.11093362420797348 -0.4620157778263092 -0.02791321836411953 
v -0.11048109084367752 -0.31590571999549866 0.0004995987983420491 
v -0.11137387901544571 -0.27014508843421936 0.0002002156397793442 
v -0.11074955016374588 -0.26281729340553284 -0.027698807418346405 
v -0.11092190444469452 -0.4153708517551422 -0.0009516277932561934 
v -0.11040429025888443 -0.36472344398498535 -0.0002035440265899524 
v -0.10948300361633301 -0.35949742794036865 -0.02726759947836399 
v -0.11661309003829956 -0.1354164332151413 -9.136309381574392e-05 
v -0.11877194046974182 -0.09206091612577438 -8.032406185520813e-05 
v -0.1185518354177475 -0.09151288866996765 -0.032586704939603806 
v -0.1251593977212906 0.03502604737877846 0.0003967714146710932 
v -0.1272018551826477 0.07779926806688309 0.0006747297011315823 
v -0.1263139545917511 0.07827575504779816 -0.033327747136354446 
v -0.12096359580755234 -0.04924410581588745 1.1097449714725371e-05 
v -0.12308766692876816 -0.006905762013047934 0.00017572622164152563 
v -0.12261167913675308 -0.006507480517029762 -0.03335602208971977 
v -0.13721723854541779 0.12252432107925415 0.0010636999504640698 
v -0.14540967345237732 0.1244191974401474 0.0011257120640948415 
v -0.11276397109031677 -0.2242448478937149 8.19285778561607e-05 
v -0.11456716805696487 -0.17940689623355865 -2.907461930590216e-05 
v -0.11427315324544907 -0.1772598922252655 -0.030660146847367287 
v -0.12019562721252441 -0.6243695020675659 -0.0022321685682982206 
v -0.11663107573986053 -0.5698608160018921 -0.001971582416445017 
v -0.11540162563323975 -0.5696665048599243 -0.030050788074731827 
v -0.14804230630397797 0.21185274422168732 0.0015977466246113181 
v -0.14895755052566528 0.2578141689300537 0.001831636531278491 
v -0.1480664759874344 0.25801998376846313 -0.03286796063184738 
v -0.15116478502750397 0.3992805480957031 0.0023557133972644806 
v -0.1521594077348709 0.46440696716308594 0.002465262543410063 
v -0.15162156522274017 0.46300208568573 -0.033687666058540344 
v -0.14972804486751556 0.30432847142219543 0.0020565285813063383 
v -0.15044182538986206 0.35142433643341064 0.002220557304099202 
v -0.14971405267715454 0.35173937678337097 -0.03256940096616745 
v -0.15311768651008606 0.5299837589263916 0.0025223377160727978 
v -0.1401386708021164 0.535089373588562 0.0024647992104291916 
v -0.12871792912483215 0.6050176620483398 0.0028334837406873703 
v -0.12965093553066254 0.6362313032150269 0.0029094612691551447 
v -0.12959975004196167 0.6333377361297607 -0.0353163406252861 
v -0.08273079246282578 0.8909253478050232 -0.08049504458904266 
v -0.08731797337532043 0.90134197473526 0.0017660324228927493 
v -0.0882718414068222 0.9007223844528198 0.00083437270950526 
v -0.0858849287033081 0.8745450377464294 0.08868665993213654 
v -0.09272865206003189 0.862242579460144 0.016676653176546097 
v -0.09732351452112198 0.8327125310897827 0.025569450110197067 
v -0.13067975640296936 0.6682049632072449 0.002897165482863784 
v -0.11439613252878189 0.7444455027580261 0.0021759923547506332 
v -0.11432374268770218 0.7393206357955933 -0.03785037621855736 
v -0.12724669277668 0.5399154424667358 0.0025270795449614525 
v -0.12787741422653198 0.5720322728157043 0.00268703349865973 
v -0.12774738669395447 0.569827675819397 -0.03464982286095619 
v -0.11528591811656952 1.0768297910690308 -0.0013057878240942955 
v -0.11654706299304962 1.1387277841567993 0.007426457013934851 
v -0.08962427824735641 1.27323579788208 -0.01707461290061474 
v -0.07292640209197998 1.3038601875305176 -0.009830004535615444 
v -0.11237762868404388 1.1903374195098877 -0.00872726645320654 
v -0.10318751633167267 1.2386499643325806 -0.00035621278220787644 
v -0.032772187143564224 1.3782788515090942 -0.025116881355643272 
v -0.032172348350286484 1.4111360311508179 -0.026188187301158905 
v -0.03359712287783623 1.4436076879501343 -0.027418427169322968 
v -0.03486648201942444 1.472219705581665 -0.028783204033970833 
v -0.05651867017149925 1.3275210857391357 -0.022173112258315086 
v -0.041182100772857666 1.3497511148452759 -0.018765272572636604 
v -0.0994245707988739 0.9697944521903992 -0.09564939886331558 
v -0.1020979955792427 0.9856455326080322 0.0014398195780813694 
v 0.14277921617031097 -1.3368107080459595 -0.0584680438041687 
v 0.14377427101135254 -1.3382422924041748 -0.0002989034110214561 
v 0.06465394049882889 -1.3367364406585693 0.0008348448318429291 
v 0.17428238689899445 -1.092015266418457 -0.001458704937249422 
v 0.18314969539642334 -1.15497887134552 -0.0017313961870968342 
v 0.18213491141796112 -1.1514588594436646 -0.05029156804084778 
v 0.19336935877799988 -1.2198854684829712 -0.0019095343304798007 
v 0.20417913794517517 -1.2793182134628296 -0.0019996354822069407 
v 0.20301060378551483 -1.278322458267212 -0.05464251711964607 
v 0.14471296966075897 -0.8566035628318787 0.0004043066001031548 
v 0.15160687267780304 -0.9132230281829834 0.00010162003309233114 
v 0.152126282453537 -0.9096559286117554 -0.04008181020617485 
v 0.12240757793188095 -0.6386114954948425 0.0011608595959842205 
v 0.12691430747509003 -0.6919050812721252 0.000970380031503737 
v 0.12749865651130676 -0.6916549205780029 -0.030826225876808167 
v 0.1322292983531952 -0.7460901141166687 0.0008061758708208799 
v 0.13820646703243256 -0.8009991645812988 0.0006318195373751223 
v 0.13899998366832733 -0.7986223101615906 -0.03525732457637787 
v 0.15883009135723114 -0.9713547825813293 -0.00034555213642306626 
v 0.16632243990898132 -1.0307142734527588 -0.0009115274297073483 
v 0.1659504771232605 -1.0262813568115234 -0.04532137140631676 
v 0.11337809264659882 -0.43857014179229736 0.0021014856174588203 
v 0.11437634378671646 -0.4865582585334778 0.0018573177512735128 
v 0.11374639719724655 -0.4900512993335724 -0.02490234561264515 
v 0.11537034064531326 -0.2483198493719101 0.0033626873046159744 
v 0.11406859755516052 -0.2959304749965668 0.0030245138332247734 
v 0.11406229436397552 -0.2993212938308716 -0.025206618010997772 
v 0.11328548938035965 -0.3436472713947296 0.002685456071048975 
v 0.11305642127990723 -0.39113229513168335 0.0023741568438708782 
v 0.11249153316020966 -0.39492058753967285 -0.02438809536397457 
v 0.12304781377315521 -0.06422153860330582 0.004459248390048742 
v 0.1209954097867012 -0.10905437916517258 0.004205267410725355 
v 0.1219644695520401 -0.11099246144294739 -0.02824285440146923 
v 0.13012731075286865 0.06705833971500397 -0.02952771633863449 
v 0.1290096789598465 0.0670141652226448 0.005270521156489849 
v 0.12701648473739624 0.023074258118867874 0.004967533051967621 
v 0.1250508576631546 -0.020240850746631622 0.004706231411546469 
v 0.1262795478105545 -0.021113231778144836 -0.029155250638723373 
v 0.1308911144733429 0.11091932654380798 0.005628374870866537 
v 0.13910287618637085 0.11284884810447693 0.0057024722918868065 
v 0.1377248764038086 0.11368562281131744 0.04063621163368225 
v 0.11896640807390213 -0.15472190082073212 0.00394282815977931 
v 0.11703900247812271 -0.20117247104644775 0.0036665608640760183 
v 0.11753043532371521 -0.2039373368024826 -0.02674701437354088 
v 0.1161358654499054 -0.5357720851898193 0.001620201743207872 
v 0.1188044473528862 -0.5864900946617126 0.0013829355593770742 
v 0.11877298355102539 -0.5885729193687439 -0.027152610942721367 
v 0.15212266147136688 0.2961215376853943 0.005551180802285671 
v 0.15127688646316528 0.24870136380195618 0.0059754434041678905 
v 0.1519896686077118 0.25015023350715637 -0.030155150219798088 
v 0.15544049441814423 0.5274056196212769 0.0035161811392754316 
v 0.15454740822315216 0.4601694345474243 0.003991864155977964 
v 0.15489035844802856 0.4587889611721039 -0.03257390484213829 
v 0.15359564125537872 0.3935713469982147 0.004485229961574078 
v 0.1528777778148651 0.3443586826324463 0.005045686382800341 
v 0.15346401929855347 0.34429270029067993 -0.03099064528942108 
v 0.14204049110412598 0.533121645450592 0.04091328755021095 
v 0.14246384799480438 0.5327960848808289 0.0033993448596447706 
v 0.12948265671730042 0.537807047367096 0.0032919032964855433 
v 0.13178256154060364 0.6667195558547974 0.00239450647495687 
v 0.13110195100307465 0.6347711682319641 0.002698134398087859 
v 0.13102726638317108 0.6319228410720825 -0.035705823451280594 
v 0.08283024281263351 0.9048948884010315 -0.0023957036901265383 
v 0.08199314028024673 0.905405580997467 -0.0013882461935281754 
v 0.08116621524095535 0.905691921710968 -0.002231425140053034 
v 0.08924877643585205 0.8635010719299316 0.014828694984316826 
v 0.09779079258441925 0.8188216686248779 8.949350740294904e-05 
v 0.11433794349431992 0.7425233125686646 0.0013985252007842064 
v 0.11393332481384277 0.738623857498169 -0.039136335253715515 
v 0.13046805560588837 0.6034868359565735 0.002931966446340084 
v 0.12989459931850433 0.5702692270278931 0.0031296038068830967 
v 0.12993283569812775 0.568148672580719 -0.034551411867141724 
v 0.10646428167819977 1.1240735054016113 -0.12112399190664291 
v 0.09692390263080597 1.1271772384643555 0.0053967623971402645 
v 0.10095331072807312 1.0703715085983276 -0.004241280257701874 
v 0.011971326544880867 1.3182168006896973 -0.020748114213347435 
v 0.03259767219424248 1.29253089427948 -0.02830692008137703 
v 0.0309805478900671 1.299137830734253 -0.06848199665546417 
v 0.05311259254813194 1.2617535591125488 -0.016310125589370728 
v 0.07220537215471268 1.2227894067764282 -0.025951538234949112 
v 0.07732690125703812 1.2385185956954956 -0.10349182039499283 
v -0.017903504893183708 1.4429397583007812 -0.025955669581890106 
v -0.01822642795741558 1.4083647727966309 -0.025245655328035355 
v -0.018906956538558006 1.4090149402618408 -0.02994103543460369 
v -0.016656646504998207 1.4994527101516724 -0.02717984840273857 
v -0.018488503992557526 1.4729150533676147 -0.026564812287688255 
v -0.01866810955107212 1.4731178283691406 -0.03271860629320145 
v -0.007588709704577923 1.342285394668579 -0.03817955404520035 
v -0.0055059525184333324 1.3438897132873535 -0.017711352556943893 
v 0.09277992695569992 0.9890369176864624 -0.0019767582416534424 
v -0.14689962565898895 0.16764336824417114 0.0013746763579547405 
v -0.1458851546049118 0.16810134053230286 -0.03308061882853508 
v 0.1503273993730545 0.20183946192264557 0.006393083371222019 
v 0.148917093873024 0.15808746218681335 0.006075741723179817 
v 0.14981350302696228 0.1593976765871048 -0.02970692701637745 
v 0.003969929646700621 -1.3333392143249512 -0.059101402759552 
v 0.004070395603775978 -1.3357750177383423 0.0012069949880242348 
v -0.05647765472531319 -1.3354566097259521 0.0011597361881285906 
v -0.02602379396557808 1.4997050762176514 -0.019881559535861015 
v -0.02646980993449688 1.4991387128829956 -0.02806553803384304 
v -0.03705061972141266 1.4998100996017456 -0.02882583811879158 
v -0.030816826969385147 0.16742637753486633 -0.1457456797361374 
v 0.004029166419059038 0.16586872935295105 -0.14611326158046722 
v 0.004182801116257906 0.12207428365945816 -0.14452430605888367 
v 0.03478894382715225 0.164022758603096 0.14958593249320984 
v 0.00016073342703748494 0.16438663005828857 0.1490209400653839 
v 0.00010582984396023676 0.12047955393791199 0.14752702414989471 
v -0.12590429186820984 0.1235646978020668 -0.07946071028709412 
v -0.030230863019824028 0.07523214817047119 -0.12666349112987518 
v -0.18286246061325073 -1.157861590385437 0.17725971341133118 
v -0.20265789330005646 -1.2864898443222046 0.2020183801651001 
v -0.1528504341840744 -0.9023948907852173 0.1457214057445526 
v -0.11620739847421646 -0.6856753826141357 0.11394357681274414 
v -0.1345944106578827 -0.7900108098983765 0.1296268105506897 
v -0.1677335947751999 -1.0264332294464111 0.16082875430583954 
v -0.09122046828269958 -0.4873156249523163 0.09313607960939407 
v -0.1036953255534172 -0.28808438777923584 0.10685233026742935 
v -0.09317460656166077 -0.38379982113838196 0.09613127261400223 
v -0.12531313300132751 -0.10216458141803741 0.1251896619796753 
v -0.12802033126354218 0.035304613411426544 0.08083920180797577 
v -0.03452295437455177 0.07422667741775513 0.1285642683506012 
v -0.13096170127391815 -0.009766430594027042 0.12895716726779938 
v -0.11575742810964584 -0.19529838860034943 0.117714062333107 
v -0.10043556243181229 -0.5872909426689148 0.10069315135478973 
v -0.07157233357429504 0.5203462839126587 -0.15192364156246185 
v -0.12909910082817078 0.5147824287414551 -0.14966413378715515 
v -0.09039577841758728 0.8527200222015381 -0.058899663388729095 
v -0.06234135851264 0.7436150908470154 -0.10983092337846756 
v -0.07273553311824799 0.5300767421722412 0.15537552535533905 
v -0.14538732171058655 0.2612254023551941 0.14267781376838684 
v -0.12657515704631805 0.5373464822769165 0.0842333510518074 
v -0.12958648800849915 0.5213541984558105 0.1527710109949112 
v -0.1490488499403 0.4584576189517975 0.14948944747447968 
v -0.14762690663337708 0.3519255816936493 0.14618486166000366 
v -0.1270429641008377 0.6253353357315063 0.13197794556617737 
v -0.12901225686073303 0.6624376177787781 0.08750709891319275 
v -0.03656695410609245 0.5758660435676575 0.13104017078876495 
v 0.21524947881698608 -1.3407540321350098 -0.13152344524860382 
v 0.08596040308475494 0.11670848727226257 -0.12655846774578094 
v 0.14880046248435974 0.11791442334651947 -0.06490713357925415 
v 0.14014223217964172 0.11347290128469467 -0.02962731011211872 
v 0.14861492812633514 0.12491670250892639 -0.11977650225162506 
v 0.22033986449241638 -1.3490240573883057 0.12814722955226898 
v 0.08049085736274719 0.11773856729269028 0.13266073167324066 
v 0.14450876414775848 0.11802463978528976 0.07518094778060913 
v 0.1416967213153839 0.12402619421482086 0.12865623831748962 
v 0.14264832437038422 0.5313881635665894 -0.033844877034425735 
v 0.09681223332881927 0.8054989576339722 -0.0710211768746376 
v 0.09303520619869232 0.8123319149017334 -0.09432604908943176 
v 0.13135117292404175 0.6632388830184937 0.08759649097919464 
v 0.13037943840026855 0.6263219714164734 0.13266614079475403 
v 0.09443256258964539 0.8245292901992798 0.09565174579620361 
v 0.0633934885263443 0.7558199167251587 0.11289101839065552 
v 0.0024893153458833694 0.5222632884979248 -0.1536010503768921 
v -0.00023760875046718866 0.837196409702301 -0.09516384452581406 
v -0.026419401168823242 1.4995713233947754 -0.0360298715531826 
v 0.0007604547427035868 0.5337836146354675 0.1566115766763687 
v 0.02284861169755459 0.8416776061058044 0.09736253321170807 
v -0.085145004093647 0.909433901309967 0.08547525107860565 
v 0.10718978196382523 1.1721452474594116 0.1106439158320427 
v -0.06929433345794678 1.3143287897109985 0.0319683700799942 
v -0.10593616217374802 1.2744210958480835 0.07875584810972214 
v -0.03178887441754341 1.4079362154006958 -0.02096438966691494 
v -0.033857084810733795 1.4729183912277222 -0.0217855516821146 
v -0.0064893742091953754 1.34163498878479 -0.006260070949792862 
v -0.10524113476276398 1.0074583292007446 0.10108853131532669 
v -0.14429807662963867 0.1745193600654602 0.14095693826675415 
v -0.12902703881263733 0.12076057493686676 0.000996422371827066 
v -0.08639034628868103 0.9017378091812134 0.0008859264198690653 
v 0.2179025411605835 -1.3384621143341064 -0.002247906755656004 
v 0.1473054587841034 0.11492661386728287 0.005770029034465551 
v 0.0867411270737648 1.1797655820846558 -0.010155758820474148 
v -0.016811490058898926 1.3739789724349976 -0.024404631927609444 
vt 9.999999747378752e-05 0.960241436958313 
vt 0.039758577942848206 0.9998999834060669 
vt 9.999999747378752e-05 0.9998999834060669 
vt 0.8400999903678894 0.9597585201263428 
vt 0.8400999903678894 0.9202414155006409 
vt 0.8598585724830627 0.9399999976158142 
vt 0.8797585368156433 0.9598999619483948 
vt 0.8402413725852966 0.9598999619483948 
vt 0.85999995470047 0.9401413798332214 
vt 0.8798999786376953 0.9202414155006409 
vt 0.8798999786376953 0.9597585797309875 
vt 0.860141396522522 0.9399999976158142 
vt 0.8402413725852966 0.9200999736785889 
vt 0.8797585368156433 0.9200999736785889 
vt 0.85999995470047 0.939858615398407 
vt 0.8801000118255615 0.9597585201263428 
vt 0.8801000118255615 0.9202414155006409 
vt 0.8998585939407349 0.9399999976158142 
vt 0.9197585582733154 0.9598999619483948 
vt 0.8802413940429688 0.9598999619483948 
vt 0.8999999761581421 0.9401413798332214 
vt 0.9199000000953674 0.9202414155006409 
vt 0.9199000000953674 0.9597585797309875 
vt 0.9001414179801941 0.9399999976158142 
vt 0.8802413940429688 0.9200999736785889 
vt 0.9197585582733154 0.9200999736785889 
vt 0.8999999761581421 0.939858615398407 
vt 0.9201000332832336 0.9597585201263428 
vt 0.9201000332832336 0.9202414155006409 
vt 0.939858615398407 0.9399999976158142 
vt 0.9597585797309875 0.9598999619483948 
vt 0.9202414155006409 0.9598999619483948 
vt 0.9399999976158142 0.9401413798332214 
vt 0.9599000215530396 0.9202414155006409 
vt 0.9599000215530396 0.9597585797309875 
vt 0.9401414394378662 0.9399999976158142 
vt 0.9202414155006409 0.9200999736785889 
vt 0.9597585797309875 0.9200999736785889 
vt 0.9399999976158142 0.939858615398407 
vt 0.960099995136261 0.9597585201263428 
vt 0.960099995136261 0.9202414155006409 
vt 0.9798585772514343 0.9399999976158142 
vt 0.9997585415840149 0.9598999619483948 
vt 0.9602413773536682 0.9598999619483948 
vt 0.9799999594688416 0.9401413798332214 
vt 0.9998999834060669 0.9202414155006409 
vt 0.9998999834060669 0.9597585797309875 
vt 0.9801414012908936 0.9399999976158142 
vt 0.9602413773536682 0.9200999736785889 
vt 0.9997585415840149 0.9200999736785889 
vt 0.9799999594688416 0.939858615398407 
vt 9.999999747378752e-05 0.9197585582733154 
vt 9.999999747378752e-05 0.8802414536476135 
vt 0.019858578220009804 0.9000000357627869 
vt 0.039758577942848206 0.9199000000953674 
vt 0.000241421366808936 0.9199000000953674 
vt 0.020000001415610313 0.9001414179801941 
vt 0.03989999741315842 0.8802414536476135 
vt 0.03989999741315842 0.9197586178779602 
vt 0.020141419023275375 0.9000000357627869 
vt 0.00024142135225702077 0.8801000118255615 
vt 0.03975857421755791 0.8801000118255615 
vt 0.019999999552965164 0.8998586535453796 
vt 0.04010000079870224 0.9197585582733154 
vt 0.04010000079870224 0.8802414536476135 
vt 0.05985857546329498 0.9000000357627869 
vt 0.07975857704877853 0.9199000000953674 
vt 0.04024142026901245 0.9199000000953674 
vt 0.06000000238418579 0.9001414179801941 
vt 0.7197585701942444 0.059899985790252686 
vt 0.7002414464950562 0.059899985790252686 
vt 0.7099999785423279 0.05014139413833618 
vt 0.07989999651908875 0.8802414536476135 
vt 0.07989999651908875 0.9197586178779602 
vt 0.060141418129205704 0.9000000357627869 
vt 0.04024142026901245 0.8801000118255615 
vt 0.07975856959819794 0.8801000118255615 
vt 0.05999999865889549 0.8998586535453796 
vt 0.7101414203643799 0.050000011920928955 
vt 0.7199000120162964 0.04024142026901245 
vt 0.7199000120162964 0.059758543968200684 
vt 0.4797585606575012 0.019900023937225342 
vt 0.4700999855995178 0.019900023937225342 
vt 0.4700999855995178 0.010241448879241943 
vt 0.08009999990463257 0.9197585582733154 
vt 0.08009999990463257 0.8802414536476135 
vt 0.09985857456922531 0.9000000357627869 
vt 0.11975857615470886 0.9199000000953674 
vt 0.08024141937494278 0.9199000000953674 
vt 0.10000000149011612 0.9001414179801941 
vt 0.11989999562501907 0.8802414536476135 
vt 0.11989999562501907 0.9197586178779602 
vt 0.10014142096042633 0.9000000357627869 
vt 0.08024141937494278 0.8801000118255615 
vt 0.11975857615470886 0.8801000118255615 
vt 0.09999999403953552 0.8998586535453796 
vt 0.03989999741315842 0.9997586011886597 
vt 0.00024142135225702077 0.960099995136261 
vt 0.03989999741315842 0.960099995136261 
vt 0.1200999990105629 0.9197585582733154 
vt 0.1200999990105629 0.8802414536476135 
vt 0.13985857367515564 0.9000000357627869 
vt 0.1597585678100586 0.9199000000953674 
vt 0.12024141848087311 0.9199000000953674 
vt 0.14000000059604645 0.9001414179801941 
vt 0.1598999947309494 0.8802414536476135 
vt 0.1598999947309494 0.9197586178779602 
vt 0.14014141261577606 0.9000000357627869 
vt 0.12024141848087311 0.8801000118255615 
vt 0.1597585678100586 0.8801000118255615 
vt 0.14000000059604645 0.8998586535453796 
vt 0.16009999811649323 0.9197585582733154 
vt 0.16009999811649323 0.8802414536476135 
vt 0.17985858023166656 0.9000000357627869 
vt 0.19975857436656952 0.9199000000953674 
vt 0.16024142503738403 0.9199000000953674 
vt 0.17999999225139618 0.9001414179801941 
vt 0.19990000128746033 0.8802414536476135 
vt 0.19990000128746033 0.9197586178779602 
vt 0.180141419172287 0.9000000357627869 
vt 0.16024142503738403 0.8801000118255615 
vt 0.19975857436656952 0.8801000118255615 
vt 0.17999999225139618 0.8998586535453796 
vt 0.20010000467300415 0.9197585582733154 
vt 0.20010000467300415 0.8802414536476135 
vt 0.2198585867881775 0.9000000357627869 
vt 0.23975858092308044 0.9199000000953674 
vt 0.20024143159389496 0.9199000000953674 
vt 0.2199999988079071 0.9001414179801941 
vt 0.23989999294281006 0.8802414536476135 
vt 0.23989999294281006 0.9197586178779602 
vt 0.2201414257287979 0.9000000357627869 
vt 0.20024143159389496 0.8801000118255615 
vt 0.23975858092308044 0.8801000118255615 
vt 0.2199999988079071 0.8998586535453796 
vt 0.24009999632835388 0.9197585582733154 
vt 0.24009999632835388 0.8802414536476135 
vt 0.2598585784435272 0.9000000357627869 
vt 0.2797585725784302 0.9199000000953674 
vt 0.2402414232492447 0.9199000000953674 
vt 0.25999999046325684 0.9001414179801941 
vt 0.2798999845981598 0.8802414536476135 
vt 0.2798999845981598 0.9197586178779602 
vt 0.26014140248298645 0.9000000357627869 
vt 0.2402414232492447 0.8801000118255615 
vt 0.2797585725784302 0.8801000118255615 
vt 0.25999999046325684 0.8998586535453796 
vt 0.2800999879837036 0.9197585582733154 
vt 0.2800999879837036 0.8802414536476135 
vt 0.29985857009887695 0.9000000357627869 
vt 0.3197585940361023 0.9199000000953674 
vt 0.2802414298057556 0.9199000000953674 
vt 0.30000001192092896 0.9001414179801941 
vt 0.3199000060558319 0.8802414536476135 
vt 0.3199000060558319 0.9197586178779602 
vt 0.30014142394065857 0.9000000357627869 
vt 0.2802414298057556 0.8801000118255615 
vt 0.3197585642337799 0.8801000118255615 
vt 0.30000001192092896 0.8998586535453796 
vt 0.32009997963905334 0.9197585582733154 
vt 0.32009997963905334 0.8802414536476135 
vt 0.3398585617542267 0.9000000357627869 
vt 0.35975855588912964 0.9199000000953674 
vt 0.32024142146110535 0.9199000000953674 
vt 0.3400000035762787 0.9001414179801941 
vt 0.7199000120162964 0.0602414608001709 
vt 0.7199000120162964 0.07975858449935913 
vt 0.7101414203643799 0.06999999284744263 
vt 0.35989999771118164 0.8802414536476135 
vt 0.35989999771118164 0.9197586178779602 
vt 0.3401414155960083 0.9000000357627869 
vt 0.32024142146110535 0.8801000118255615 
vt 0.35975855588912964 0.8801000118255615 
vt 0.3400000035762787 0.8998586535453796 
vt 0.7197585701942444 0.060100018978118896 
vt 0.7099999785423279 0.0698586106300354 
vt 0.7002414464950562 0.060100018978118896 
vt 0.469899982213974 0.019900023937225342 
vt 0.4602414071559906 0.019900023937225342 
vt 0.469899982213974 0.010241448879241943 
vt 0.36010000109672546 0.9197585582733154 
vt 0.36010000109672546 0.8802414536476135 
vt 0.3798585832118988 0.9000000357627869 
vt 0.39975857734680176 0.9199000000953674 
vt 0.36024144291877747 0.9199000000953674 
vt 0.3800000250339508 0.9001414179801941 
vt 0.39990001916885376 0.8802414536476135 
vt 0.39990001916885376 0.9197586178779602 
vt 0.3801414370536804 0.9000000357627869 
vt 0.36024144291877747 0.8801000118255615 
vt 0.39975857734680176 0.8801000118255615 
vt 0.3800000250339508 0.8998586535453796 
vt 0.4000999927520752 0.9197585582733154 
vt 0.4000999927520752 0.8802414536476135 
vt 0.41985857486724854 0.9000000357627869 
vt 0.4397585988044739 0.9199000000953674 
vt 0.4002414345741272 0.9199000000953674 
vt 0.42000001668930054 0.9001414179801941 
vt 0.4399000108242035 0.8802414536476135 
vt 0.4399000108242035 0.9197586178779602 
vt 0.42014142870903015 0.9000000357627869 
vt 0.4002414345741272 0.8801000118255615 
vt 0.4397585690021515 0.8801000118255615 
vt 0.42000001668930054 0.8998586535453796 
vt 0.13975857198238373 0.14010006189346313 
vt 0.1200999990105629 0.1597585678100586 
vt 0.1200999990105629 0.14010006189346313 
vt 0.1200999990105629 0.12024146318435669 
vt 0.13975857198238373 0.13990002870559692 
vt 0.1200999990105629 0.13990002870559692 
vt 0.6999000310897827 0.04024142026901245 
vt 0.6999000310897827 0.05975860357284546 
vt 0.6901414394378662 0.050000011920928955 
vt 0.4400999844074249 0.9197585582733154 
vt 0.4400999844074249 0.8802414536476135 
vt 0.45985856652259827 0.9000000357627869 
vt 0.4797585606575012 0.9199000000953674 
vt 0.44024142622947693 0.9199000000953674 
vt 0.46000000834465027 0.9001414179801941 
vt 0.14010000228881836 0.14024144411087036 
vt 0.1597585678100586 0.1599000096321106 
vt 0.14010000228881836 0.1599000096321106 
vt 0.12024141848087311 0.1599000096321106 
vt 0.13989999890327454 0.14024144411087036 
vt 0.13989999890327454 0.1599000096321106 
vt 0.1598999947309494 0.12024146318435669 
vt 0.1598999947309494 0.13990002870559692 
vt 0.14024141430854797 0.13990002870559692 
vt 0.1598999947309494 0.15975862741470337 
vt 0.14024141430854797 0.14010006189346313 
vt 0.1598999947309494 0.14010006189346313 
vt 0.6899999976158142 0.04985862970352173 
vt 0.6802414059638977 0.04009997844696045 
vt 0.6997585892677307 0.04009997844696045 
vt 0.13989999890327454 0.1397586464881897 
vt 0.12024141848087311 0.12010002136230469 
vt 0.13989999890327454 0.12010002136230469 
vt 0.1597585678100586 0.12010002136230469 
vt 0.14010000228881836 0.1397586464881897 
vt 0.14010000228881836 0.12010002136230469 
vt 0.17975857853889465 0.14010006189346313 
vt 0.16009999811649323 0.1597585678100586 
vt 0.16009999811649323 0.14010006189346313 
vt 0.4799000024795532 0.00024145841598510742 
vt 0.4799000024795532 0.009900033473968506 
vt 0.4702414274215698 0.009900033473968506 
vt 0.4799000024795532 0.8802414536476135 
vt 0.4799000024795532 0.9197586178779602 
vt 0.4601414203643799 0.9000000357627869 
vt 0.44024142622947693 0.8801000118255615 
vt 0.4797585606575012 0.8801000118255615 
vt 0.46000000834465027 0.8998586535453796 
vt 0.16009999811649323 0.12024146318435669 
vt 0.17975857853889465 0.13990002870559692 
vt 0.16009999811649323 0.13990002870559692 
vt 0.1800999939441681 0.14024144411087036 
vt 0.19975857436656952 0.1599000096321106 
vt 0.1800999939441681 0.1599000096321106 
vt 0.48009997606277466 0.9197585582733154 
vt 0.48009997606277466 0.8802414536476135 
vt 0.499858558177948 0.9000000357627869 
vt 0.5197585821151733 0.9199000000953674 
vt 0.48024141788482666 0.9199000000953674 
vt 0.5 0.9001414179801941 
vt 0.5198999643325806 0.8802414536476135 
vt 0.5198999643325806 0.9197586178779602 
vt 0.5001413822174072 0.9000000357627869 
vt 0.48024141788482666 0.8801000118255615 
vt 0.5197585821151733 0.8801000118255615 
vt 0.5 0.8998586535453796 
vt 0.16024142503738403 0.1599000096321106 
vt 0.17989999055862427 0.14024144411087036 
vt 0.17989999055862427 0.1599000096321106 
vt 0.7002414464950562 0.04009997844696045 
vt 0.7197585701942444 0.04009997844696045 
vt 0.7099999785423279 0.04985862970352173 
vt 0.1802414208650589 0.13990002870559692 
vt 0.19990000128746033 0.12024146318435669 
vt 0.19990000128746033 0.13990002870559692 
vt 0.5200999975204468 0.9197585582733154 
vt 0.5200999975204468 0.8802414536476135 
vt 0.5398585796356201 0.9000000357627869 
vt 0.5597585439682007 0.9199000000953674 
vt 0.520241379737854 0.9199000000953674 
vt 0.5399999618530273 0.9001414179801941 
vt 0.19990000128746033 0.15975862741470337 
vt 0.1802414208650589 0.14010006189346313 
vt 0.19990000128746033 0.14010006189346313 
vt 0.17989999055862427 0.1397586464881897 
vt 0.16024142503738403 0.12010002136230469 
vt 0.17989999055862427 0.12010002136230469 
vt 0.1800999939441681 0.12010002136230469 
vt 0.19975857436656952 0.12010002136230469 
vt 0.1800999939441681 0.1397586464881897 
vt 0.21975858509540558 0.14010006189346313 
vt 0.20010000467300415 0.1597585678100586 
vt 0.20010000467300415 0.14010006189346313 
vt 0.7001000046730042 0.04024142026901245 
vt 0.7098585963249207 0.050000011920928955 
vt 0.7001000046730042 0.05975860357284546 
vt 0.20010000467300415 0.12024146318435669 
vt 0.21975858509540558 0.13990002870559692 
vt 0.20010000467300415 0.13990002870559692 
vt 0.22010000050067902 0.14024144411087036 
vt 0.23975858092308044 0.1599000096321106 
vt 0.22010000050067902 0.1599000096321106 
vt 0.20024143159389496 0.1599000096321106 
vt 0.2199000120162964 0.14024144411087036 
vt 0.2198999971151352 0.1599000096321106 
vt 0.4702414274215698 0.010100066661834717 
vt 0.4799000024795532 0.010100066661834717 
vt 0.4799000024795532 0.01975858211517334 
vt 0.7397586107254028 0.060100018978118896 
vt 0.7300000190734863 0.0698586106300354 
vt 0.7202414274215698 0.060100018978118896 
vt 0.5598999857902527 0.8802414536476135 
vt 0.5598999857902527 0.9197586178779602 
vt 0.5401414036750793 0.9000000357627869 
vt 0.22024142742156982 0.13990002870559692 
vt 0.23989999294281006 0.12024146318435669 
vt 0.23989999294281006 0.13990002870559692 
vt 0.23989999294281006 0.15975862741470337 
vt 0.22024142742156982 0.14010006189346313 
vt 0.23989999294281006 0.14010006189346313 
vt 0.04010000079870224 0.960241436958313 
vt 0.07975857704877853 0.9998999834060669 
vt 0.04010000079870224 0.9998999834060669 
vt 0.520241379737854 0.8801000118255615 
vt 0.5597585439682007 0.8801000118255615 
vt 0.5399999618530273 0.8998586535453796 
vt 0.5601000189781189 0.9197585582733154 
vt 0.5601000189781189 0.8802414536476135 
vt 0.5798586010932922 0.9000000357627869 
vt 0.5997585654258728 0.9199000000953674 
vt 0.5602414011955261 0.9199000000953674 
vt 0.5799999833106995 0.9001414179801941 
vt 0.5999000072479248 0.8802414536476135 
vt 0.5999000072479248 0.9197586178779602 
vt 0.5801414251327515 0.9000000357627869 
vt 0.5602414011955261 0.8801000118255615 
vt 0.5997585654258728 0.8801000118255615 
vt 0.5799999833106995 0.8998586535453796 
vt 0.600100040435791 0.9197585582733154 
vt 0.600100040435791 0.8802414536476135 
vt 0.6198586225509644 0.9000000357627869 
vt 0.6397585868835449 0.9199000000953674 
vt 0.6002414226531982 0.9199000000953674 
vt 0.6200000047683716 0.9001414179801941 
vt 0.6399000287055969 0.8802414536476135 
vt 0.6399000287055969 0.9197586178779602 
vt 0.6201414465904236 0.9000000357627869 
vt 0.6002414226531982 0.8801000118255615 
vt 0.6397585868835449 0.8801000118255615 
vt 0.6200000047683716 0.8998586535453796 
vt 0.6401000022888184 0.9197585582733154 
vt 0.6401000022888184 0.8802414536476135 
vt 0.6598585844039917 0.9000000357627869 
vt 0.6797585487365723 0.9199000000953674 
vt 0.6402413845062256 0.9199000000953674 
vt 0.6599999666213989 0.9001414179801941 
vt 0.6798999905586243 0.8802414536476135 
vt 0.6798999905586243 0.9197586178779602 
vt 0.6601414084434509 0.9000000357627869 
vt 0.6402413845062256 0.8801000118255615 
vt 0.6797585487365723 0.8801000118255615 
vt 0.6599999666213989 0.8998586535453796 
vt 0.6801000237464905 0.9197585582733154 
vt 0.6801000237464905 0.8802414536476135 
vt 0.6998586058616638 0.9000000357627869 
vt 0.7197585701942444 0.9199000000953674 
vt 0.6802414059638977 0.9199000000953674 
vt 0.699999988079071 0.9001414179801941 
vt 0.7199000120162964 0.8802414536476135 
vt 0.7199000120162964 0.9197586178779602 
vt 0.700141429901123 0.9000000357627869 
vt 0.6802414059638977 0.8801000118255615 
vt 0.7197585701942444 0.8801000118255615 
vt 0.699999988079071 0.8998586535453796 
vt 0.7201000452041626 0.9197585582733154 
vt 0.7201000452041626 0.8802414536476135 
vt 0.7398586273193359 0.9000000357627869 
vt 0.7597585916519165 0.9199000000953674 
vt 0.7202414274215698 0.9199000000953674 
vt 0.7400000095367432 0.9001414179801941 
vt 0.7599000334739685 0.8802414536476135 
vt 0.7599000334739685 0.9197586178779602 
vt 0.7401414513587952 0.9000000357627869 
vt 0.7202414274215698 0.8801000118255615 
vt 0.7597585916519165 0.8801000118255615 
vt 0.7400000095367432 0.8998586535453796 
vt 0.7601000070571899 0.9197585582733154 
vt 0.7601000070571899 0.8802414536476135 
vt 0.7798585891723633 0.9000000357627869 
vt 0.7298586368560791 0.06999999284744263 
vt 0.7201000452041626 0.07975852489471436 
vt 0.7201000452041626 0.0602414608001709 
vt 0.7997585535049438 0.9199000000953674 
vt 0.7602413892745972 0.9199000000953674 
vt 0.7799999713897705 0.9001414179801941 
vt 0.7998999953269958 0.8802414536476135 
vt 0.7998999953269958 0.9197586178779602 
vt 0.7801414132118225 0.9000000357627869 
vt 0.7201000452041626 0.059758543968200684 
vt 0.7201000452041626 0.04024142026901245 
vt 0.7298586368560791 0.050000011920928955 
vt 0.4799000024795532 0.020241498947143555 
vt 0.4799000024795532 0.029900014400482178 
vt 0.4702414274215698 0.029900014400482178 
vt 0.7602413892745972 0.8801000118255615 
vt 0.7997585535049438 0.8801000118255615 
vt 0.7799999713897705 0.8998586535453796 
vt 0.8001000285148621 0.9197585582733154 
vt 0.8001000285148621 0.8802414536476135 
vt 0.8198586106300354 0.9000000357627869 
vt 0.839758574962616 0.9199000000953674 
vt 0.8002414107322693 0.9199000000953674 
vt 0.8199999928474426 0.9001414179801941 
vt 0.839900016784668 0.8802414536476135 
vt 0.839900016784668 0.9197586178779602 
vt 0.8201414346694946 0.9000000357627869 
vt 0.07989999651908875 0.9997586011886597 
vt 0.04024142026901245 0.960099995136261 
vt 0.07989999651908875 0.960099995136261 
vt 0.8002414107322693 0.8801000118255615 
vt 0.839758574962616 0.8801000118255615 
vt 0.8199999928474426 0.8998586535453796 
vt 0.8400999903678894 0.9197585582733154 
vt 0.8400999903678894 0.8802414536476135 
vt 0.8598585724830627 0.9000000357627869 
vt 0.8797585368156433 0.9199000000953674 
vt 0.8402413725852966 0.9199000000953674 
vt 0.85999995470047 0.9001414179801941 
vt 0.8798999786376953 0.8802414536476135 
vt 0.8798999786376953 0.9197586178779602 
vt 0.860141396522522 0.9000000357627869 
vt 0.8402413725852966 0.8801000118255615 
vt 0.8797585368156433 0.8801000118255615 
vt 0.85999995470047 0.8998586535453796 
vt 0.8801000118255615 0.9197585582733154 
vt 0.8801000118255615 0.8802414536476135 
vt 0.8998585939407349 0.9000000357627869 
vt 0.9197585582733154 0.9199000000953674 
vt 0.8802413940429688 0.9199000000953674 
vt 0.8999999761581421 0.9001414179801941 
vt 0.9199000000953674 0.8802414536476135 
vt 0.9199000000953674 0.9197586178779602 
vt 0.9001414179801941 0.9000000357627869 
vt 0.8802413940429688 0.8801000118255615 
vt 0.9197585582733154 0.8801000118255615 
vt 0.8999999761581421 0.8998586535453796 
vt 0.9201000332832336 0.9197585582733154 
vt 0.9201000332832336 0.8802414536476135 
vt 0.939858615398407 0.9000000357627869 
vt 0.9597585797309875 0.9199000000953674 
vt 0.9202414155006409 0.9199000000953674 
vt 0.9399999976158142 0.9001414179801941 
vt 0.9599000215530396 0.8802414536476135 
vt 0.9599000215530396 0.9197586178779602 
vt 0.9401414394378662 0.9000000357627869 
vt 0.9202414155006409 0.8801000118255615 
vt 0.9597585797309875 0.8801000118255615 
vt 0.9399999976158142 0.8998586535453796 
vt 0.960099995136261 0.9197585582733154 
vt 0.960099995136261 0.8802414536476135 
vt 0.9798585772514343 0.9000000357627869 
vt 0.9997585415840149 0.9199000000953674 
vt 0.9602413773536682 0.9199000000953674 
vt 0.9799999594688416 0.9001414179801941 
vt 0.9998999834060669 0.8802414536476135 
vt 0.9998999834060669 0.9197586178779602 
vt 0.9801414012908936 0.9000000357627869 
vt 0.9602413773536682 0.8801000118255615 
vt 0.9997585415840149 0.8801000118255615 
vt 0.9799999594688416 0.8998586535453796 
vt 9.999999747378752e-05 0.8797585368156433 
vt 9.999999747378752e-05 0.8402414321899414 
vt 0.019858578220009804 0.8600000143051147 
vt 0.039758577942848206 0.8798999786376953 
vt 0.000241421366808936 0.8798999786376953 
vt 0.020000001415610313 0.860141396522522 
vt 0.03989999741315842 0.8402414321899414 
vt 0.03989999741315842 0.8797585964202881 
vt 0.020141419023275375 0.8600000143051147 
vt 0.00024142135225702077 0.8400999903678894 
vt 0.03975857421755791 0.8400999903678894 
vt 0.019999999552965164 0.8598586320877075 
vt 0.04010000079870224 0.8797585368156433 
vt 0.04010000079870224 0.8402414321899414 
vt 0.05985857546329498 0.8600000143051147 
vt 0.7202414274215698 0.059899985790252686 
vt 0.7300000190734863 0.05014139413833618 
vt 0.7397586107254028 0.059899985790252686 
vt 0.07975857704877853 0.8798999786376953 
vt 0.04024142026901245 0.8798999786376953 
vt 0.06000000238418579 0.860141396522522 
vt 0.07989999651908875 0.8402414321899414 
vt 0.07989999651908875 0.8797585964202881 
vt 0.060141418129205704 0.8600000143051147 
vt 0.7401000261306763 0.07975852489471436 
vt 0.7401000261306763 0.06024140119552612 
vt 0.7498586177825928 0.06999999284744263 
vt 0.4799000024795532 0.03010004758834839 
vt 0.4799000024795532 0.03975862264633179 
vt 0.4702414274215698 0.03010004758834839 
vt 0.04024142026901245 0.8400999903678894 
vt 0.07975856959819794 0.8400999903678894 
vt 0.05999999865889549 0.8598586320877075 
vt 0.08009999990463257 0.8797585368156433 
vt 0.08009999990463257 0.8402414321899414 
vt 0.09985857456922531 0.8600000143051147 
vt 0.11975857615470886 0.8798999786376953 
vt 0.08024141937494278 0.8798999786376953 
vt 0.10000000149011612 0.860141396522522 
vt 0.11989999562501907 0.8402414321899414 
vt 0.11989999562501907 0.8797585964202881 
vt 0.10014142096042633 0.8600000143051147 
vt 0.08024141937494278 0.8400999903678894 
vt 0.11975857615470886 0.8400999903678894 
vt 0.09999999403953552 0.8598586320877075 
vt 0.1200999990105629 0.8797585368156433 
vt 0.1200999990105629 0.8402414321899414 
vt 0.13985857367515564 0.8600000143051147 
vt 0.1597585678100586 0.8798999786376953 
vt 0.12024141848087311 0.8798999786376953 
vt 0.14000000059604645 0.860141396522522 
vt 0.1598999947309494 0.8402414321899414 
vt 0.1598999947309494 0.8797585964202881 
vt 0.14014141261577606 0.8600000143051147 
vt 0.2198999971151352 0.1397586464881897 
vt 0.20024143159389496 0.12010002136230469 
vt 0.2198999971151352 0.12010002136230469 
vt 0.23975858092308044 0.12010002136230469 
vt 0.22010000050067902 0.1397586464881897 
vt 0.22010000050067902 0.12010002136230469 
vt 0.24009999632835388 0.1597585678100586 
vt 0.24009999632835388 0.14010006189346313 
vt 0.2597585618495941 0.14010006189346313 
vt 0.12024141848087311 0.8400999903678894 
vt 0.1597585678100586 0.8400999903678894 
vt 0.14000000059604645 0.8598586320877075 
vt 0.16009999811649323 0.8797585368156433 
vt 0.16009999811649323 0.8402414321899414 
vt 0.17985858023166656 0.8600000143051147 
vt 0.7597585916519165 0.07989996671676636 
vt 0.7402414679527283 0.07989996671676636 
vt 0.75 0.07014137506484985 
vt 0.24009999632835388 0.12024146318435669 
vt 0.2597585618495941 0.13990002870559692 
vt 0.24009999632835388 0.13990002870559692 
vt 0.26010000705718994 0.14024144411087036 
vt 0.2797585725784302 0.1599000096321106 
vt 0.26010000705718994 0.1599000096321106 
vt 0.2402414232492447 0.1599000096321106 
vt 0.2599000036716461 0.14024144411087036 
vt 0.2599000036716461 0.1599000096321106 
vt 0.7300000190734863 0.07014137506484985 
vt 0.7397586107254028 0.07989996671676636 
vt 0.7202414274215698 0.07989996671676636 
vt 0.26024141907691956 0.13990002870559692 
vt 0.2798999845981598 0.12024146318435669 
vt 0.2798999845981598 0.13990002870559692 
vt 0.2798999845981598 0.15975862741470337 
vt 0.26024141907691956 0.14010006189346313 
vt 0.2798999845981598 0.14010006189346313 
vt 0.2599000036716461 0.1397586464881897 
vt 0.2402414232492447 0.12010002136230469 
vt 0.2599000036716461 0.12010002136230469 
vt 0.7399000525474548 0.07975852489471436 
vt 0.7301414608955383 0.06999999284744263 
vt 0.7399000525474548 0.06024140119552612 
vt 0.19975857436656952 0.8798999786376953 
vt 0.16024142503738403 0.8798999786376953 
vt 0.17999999225139618 0.860141396522522 
vt 0.19990000128746033 0.8402414321899414 
vt 0.19990000128746033 0.8797585964202881 
vt 0.180141419172287 0.8600000143051147 
vt 0.2797585725784302 0.12010002136230469 
vt 0.26010000705718994 0.1397586464881897 
vt 0.26010000705718994 0.12010002136230469 
vt 0.29975858330726624 0.14010006189346313 
vt 0.2800999879837036 0.1597585678100586 
vt 0.2800999879837036 0.14010006189346313 
vt 0.16024142503738403 0.8400999903678894 
vt 0.19975857436656952 0.8400999903678894 
vt 0.17999999225139618 0.8598586320877075 
vt 0.20010000467300415 0.8797585368156433 
vt 0.20010000467300415 0.8402414321899414 
vt 0.2198585867881775 0.8600000143051147 
vt 0.23975858092308044 0.8798999786376953 
vt 0.20024143159389496 0.8798999786376953 
vt 0.2199999988079071 0.860141396522522 
vt 0.23989999294281006 0.8402414321899414 
vt 0.23989999294281006 0.8797585964202881 
vt 0.2201414257287979 0.8600000143051147 
vt 0.2800999879837036 0.12024146318435669 
vt 0.29975858330726624 0.13990002870559692 
vt 0.2800999879837036 0.13990002870559692 
vt 0.3000999987125397 0.1599000096321106 
vt 0.3000999987125397 0.14024144411087036 
vt 0.3197585940361023 0.1599000096321106 
vt 0.2802414298057556 0.1599000096321106 
vt 0.29989999532699585 0.14024144411087036 
vt 0.29989999532699585 0.1599000096321106 
vt 0.20024143159389496 0.8400999903678894 
vt 0.23975858092308044 0.8400999903678894 
vt 0.2199999988079071 0.8598586320877075 
vt 0.24009999632835388 0.8797585368156433 
vt 0.24009999632835388 0.8402414321899414 
vt 0.2598585784435272 0.8600000143051147 
vt 0.7597585916519165 0.059899985790252686 
vt 0.7402414679527283 0.059899985790252686 
vt 0.75 0.05014139413833618 
vt 0.3002414107322693 0.13990002870559692 
vt 0.3199000060558319 0.12024146318435669 
vt 0.3199000060558319 0.13990002870559692 
vt 0.3199000060558319 0.15975862741470337 
vt 0.3002414107322693 0.14010006189346313 
vt 0.3199000060558319 0.14010006189346313 
vt 0.29989999532699585 0.1397586464881897 
vt 0.2802414298057556 0.12010002136230469 
vt 0.29989999532699585 0.12010002136230469 
vt 0.7599000334739685 0.059758543968200684 
vt 0.750141441822052 0.050000011920928955 
vt 0.7599000334739685 0.04024142026901245 
vt 0.3197585642337799 0.12010002136230469 
vt 0.3000999987125397 0.1397586464881897 
vt 0.3000999987125397 0.12010002136230469 
vt 0.33975857496261597 0.14010006189346313 
vt 0.32009997963905334 0.1597585678100586 
vt 0.32009997963905334 0.14010006189346313 
vt 0.32009997963905334 0.12024146318435669 
vt 0.33975857496261597 0.13990002870559692 
vt 0.32009997963905334 0.13990002870559692 
vt 0.750141441822052 0.06999999284744263 
vt 0.7599000334739685 0.0602414608001709 
vt 0.7599000334739685 0.07975858449935913 
vt 0.2797585725784302 0.8798999786376953 
vt 0.2402414232492447 0.8798999786376953 
vt 0.25999999046325684 0.860141396522522 
vt 0.2798999845981598 0.8402414321899414 
vt 0.2798999845981598 0.8797585964202881 
vt 0.26014140248298645 0.8600000143051147 
vt 0.3400999903678894 0.14024144411087036 
vt 0.35975855588912964 0.1599000096321106 
vt 0.3400999903678894 0.1599000096321106 
vt 0.32024142146110535 0.1599000096321106 
vt 0.3398999869823456 0.14024144411087036 
vt 0.3398999869823456 0.1599000096321106 
vt 0.2402414232492447 0.8400999903678894 
vt 0.2797585725784302 0.8400999903678894 
vt 0.25999999046325684 0.8598586320877075 
vt 0.2800999879837036 0.8797585368156433 
vt 0.2800999879837036 0.8402414321899414 
vt 0.29985857009887695 0.8600000143051147 
vt 0.3197585940361023 0.8798999786376953 
vt 0.2802414298057556 0.8798999786376953 
vt 0.30000001192092896 0.860141396522522 
vt 0.3199000060558319 0.8402414321899414 
vt 0.3199000060558319 0.8797585964202881 
vt 0.30014142394065857 0.8600000143051147 
vt 0.2802414298057556 0.8400999903678894 
vt 0.3197585642337799 0.8400999903678894 
vt 0.30000001192092896 0.8598586320877075 
vt 0.32009997963905334 0.8797585368156433 
vt 0.32009997963905334 0.8402414321899414 
vt 0.3398585617542267 0.8600000143051147 
vt 0.35975855588912964 0.8798999786376953 
vt 0.32024142146110535 0.8798999786376953 
vt 0.3400000035762787 0.860141396522522 
vt 0.35989999771118164 0.8402414321899414 
vt 0.35989999771118164 0.8797585964202881 
vt 0.3401414155960083 0.8600000143051147 
vt 0.32024142146110535 0.8400999903678894 
vt 0.35975855588912964 0.8400999903678894 
vt 0.3400000035762787 0.8598586320877075 
vt 0.36010000109672546 0.8797585368156433 
vt 0.36010000109672546 0.8402414321899414 
vt 0.3798585832118988 0.8600000143051147 
vt 0.39975857734680176 0.8798999786376953 
vt 0.36024144291877747 0.8798999786376953 
vt 0.3800000250339508 0.860141396522522 
vt 0.39990001916885376 0.8402414321899414 
vt 0.39990001916885376 0.8797585964202881 
vt 0.3801414370536804 0.8600000143051147 
vt 0.7402414679527283 0.060100018978118896 
vt 0.7597585916519165 0.060100018978118896 
vt 0.75 0.0698586106300354 
vt 0.36024144291877747 0.8400999903678894 
vt 0.39975857734680176 0.8400999903678894 
vt 0.3800000250339508 0.8598586320877075 
vt 0.4000999927520752 0.8797585368156433 
vt 0.4000999927520752 0.8402414321899414 
vt 0.41985857486724854 0.8600000143051147 
vt 0.4397585988044739 0.8798999786376953 
vt 0.4002414345741272 0.8798999786376953 
vt 0.42000001668930054 0.860141396522522 
vt 0.4399000108242035 0.8402414321899414 
vt 0.4399000108242035 0.8797585964202881 
vt 0.42014142870903015 0.8600000143051147 
vt 0.4002414345741272 0.8400999903678894 
vt 0.4397585690021515 0.8400999903678894 
vt 0.42000001668930054 0.8598586320877075 
vt 0.4400999844074249 0.8797585368156433 
vt 0.4400999844074249 0.8402414321899414 
vt 0.45985856652259827 0.8600000143051147 
vt 0.4797585606575012 0.8798999786376953 
vt 0.44024142622947693 0.8798999786376953 
vt 0.46000000834465027 0.860141396522522 
vt 0.4799000024795532 0.8402414321899414 
vt 0.4799000024795532 0.8797585964202881 
vt 0.4601414203643799 0.8600000143051147 
vt 0.44024142622947693 0.8400999903678894 
vt 0.4797585606575012 0.8400999903678894 
vt 0.46000000834465027 0.8598586320877075 
vt 0.48009997606277466 0.8797585368156433 
vt 0.48009997606277466 0.8402414321899414 
vt 0.499858558177948 0.8600000143051147 
vt 0.5197585821151733 0.8798999786376953 
vt 0.48024141788482666 0.8798999786376953 
vt 0.5 0.860141396522522 
vt 0.5198999643325806 0.8402414321899414 
vt 0.5198999643325806 0.8797585964202881 
vt 0.5001413822174072 0.8600000143051147 
vt 0.48024141788482666 0.8400999903678894 
vt 0.5197585821151733 0.8400999903678894 
vt 0.5 0.8598586320877075 
vt 0.5200999975204468 0.8797585368156433 
vt 0.5200999975204468 0.8402414321899414 
vt 0.5398585796356201 0.8600000143051147 
vt 0.5597585439682007 0.8798999786376953 
vt 0.520241379737854 0.8798999786376953 
vt 0.5399999618530273 0.860141396522522 
vt 0.7399000525474548 0.04024142026901245 
vt 0.7399000525474548 0.05975860357284546 
vt 0.7301414608955383 0.050000011920928955 
vt 0.5598999857902527 0.8402414321899414 
vt 0.5598999857902527 0.8797585964202881 
vt 0.5401414036750793 0.8600000143051147 
vt 0.520241379737854 0.8400999903678894 
vt 0.5597585439682007 0.8400999903678894 
vt 0.5399999618530273 0.8598586320877075 
vt 0.5601000189781189 0.8797585368156433 
vt 0.5601000189781189 0.8402414321899414 
vt 0.5798586010932922 0.8600000143051147 
vt 0.5997585654258728 0.8798999786376953 
vt 0.5602414011955261 0.8798999786376953 
vt 0.5799999833106995 0.860141396522522 
vt 0.5999000072479248 0.8402414321899414 
vt 0.5999000072479248 0.8797585964202881 
vt 0.5801414251327515 0.8600000143051147 
vt 0.7202414274215698 0.04009997844696045 
vt 0.7397586107254028 0.04009997844696045 
vt 0.7300000190734863 0.04985862970352173 
vt 0.5602414011955261 0.8400999903678894 
vt 0.5997585654258728 0.8400999903678894 
vt 0.5799999833106995 0.8598586320877075 
vt 0.340241402387619 0.13990002870559692 
vt 0.35989999771118164 0.12024146318435669 
vt 0.35989999771118164 0.13990002870559692 
vt 0.600100040435791 0.8797585368156433 
vt 0.600100040435791 0.8402414321899414 
vt 0.6198586225509644 0.8600000143051147 
vt 0.5402414202690125 0.03010004758834839 
vt 0.5497585535049438 0.03010004758834839 
vt 0.5449999570846558 0.034858644008636475 
vt 0.6397585868835449 0.8798999786376953 
vt 0.6002414226531982 0.8798999786376953 
vt 0.6200000047683716 0.860141396522522 
vt 0.35989999771118164 0.15975862741470337 
vt 0.340241402387619 0.14010006189346313 
vt 0.35989999771118164 0.14010006189346313 
vt 0.08009999990463257 0.960241436958313 
vt 0.11975857615470886 0.9998999834060669 
vt 0.08009999990463257 0.9998999834060669 
vt 0.6399000287055969 0.8402414321899414 
vt 0.6399000287055969 0.8797585964202881 
vt 0.6201414465904236 0.8600000143051147 
vt 0.6002414226531982 0.8400999903678894 
vt 0.6397585868835449 0.8400999903678894 
vt 0.6200000047683716 0.8598586320877075 
vt 0.7402414679527283 0.04009997844696045 
vt 0.7597585916519165 0.04009997844696045 
vt 0.75 0.04985862970352173 
vt 0.7401000261306763 0.05975860357284546 
vt 0.7401000261306763 0.04024142026901245 
vt 0.7498586177825928 0.050000011920928955 
vt 0.3398999869823456 0.1397586464881897 
vt 0.32024142146110535 0.12010002136230469 
vt 0.3398999869823456 0.12010002136230469 
vt 0.11989999562501907 0.9997586011886597 
vt 0.08024141937494278 0.960099995136261 
vt 0.11989999562501907 0.960099995136261 
vt 0.6401000022888184 0.8797585368156433 
vt 0.6401000022888184 0.8402414321899414 
vt 0.6598585844039917 0.8600000143051147 
vt 0.6797585487365723 0.8798999786376953 
vt 0.6402413845062256 0.8798999786376953 
vt 0.6599999666213989 0.860141396522522 
vt 0.7602413892745972 0.060100018978118896 
vt 0.7797585725784302 0.060100018978118896 
vt 0.7699999809265137 0.0698586106300354 
vt 0.6798999905586243 0.8402414321899414 
vt 0.6798999905586243 0.8797585964202881 
vt 0.6601414084434509 0.8600000143051147 
vt 0.35975855588912964 0.12010002136230469 
vt 0.3400999903678894 0.1397586464881897 
vt 0.3400999903678894 0.12010002136230469 
vt 0.6599999666213989 0.8598586320877075 
vt 0.6402413845062256 0.8400999903678894 
vt 0.6797585487365723 0.8400999903678894 
vt 0.5400999784469604 0.03975856304168701 
vt 0.5400999784469604 0.03024148941040039 
vt 0.5448585748672485 0.0350000262260437 
vt 0.6801000237464905 0.8797585368156433 
vt 0.6801000237464905 0.8402414321899414 
vt 0.6998586058616638 0.8600000143051147 
vt 0.3797585964202881 0.14010006189346313 
vt 0.36010000109672546 0.1597585678100586 
vt 0.36010000109672546 0.14010006189346313 
vt 0.1200999990105629 0.960241436958313 
vt 0.1597585678100586 0.9998999834060669 
vt 0.1200999990105629 0.9998999834060669 
vt 0.7197585701942444 0.8798999786376953 
vt 0.6802414059638977 0.8798999786376953 
vt 0.699999988079071 0.860141396522522 
vt 0.7199000120162964 0.8402414321899414 
vt 0.7199000120162964 0.8797585964202881 
vt 0.700141429901123 0.8600000143051147 
vt 0.7601000070571899 0.07975852489471436 
vt 0.7601000070571899 0.0602414608001709 
vt 0.7698585987091064 0.06999999284744263 
vt 0.7601000070571899 0.059758543968200684 
vt 0.7601000070571899 0.04024142026901245 
vt 0.7698585987091064 0.050000011920928955 
vt 0.36010000109672546 0.12024146318435669 
vt 0.3797585964202881 0.13990002870559692 
vt 0.36010000109672546 0.13990002870559692 
vt 0.1598999947309494 0.9997586011886597 
vt 0.12024141848087311 0.960099995136261 
vt 0.1598999947309494 0.960099995136261 
vt 0.6802414059638977 0.8400999903678894 
vt 0.7197585701942444 0.8400999903678894 
vt 0.699999988079071 0.8598586320877075 
vt 0.7201000452041626 0.8797585368156433 
vt 0.7201000452041626 0.8402414321899414 
vt 0.7398586273193359 0.8600000143051147 
vt 0.3801000118255615 0.14024144411087036 
vt 0.39975857734680176 0.1599000096321106 
vt 0.3801000118255615 0.1599000096321106 
vt 0.36024144291877747 0.1599000096321106 
vt 0.3799000084400177 0.14024144411087036 
vt 0.3799000084400177 0.1599000096321106 
vt 0.7597585916519165 0.8798999786376953 
vt 0.7202414274215698 0.8798999786376953 
vt 0.7400000095367432 0.860141396522522 
vt 0.7599000334739685 0.8402414321899414 
vt 0.7599000334739685 0.8797585964202881 
vt 0.7401414513587952 0.8600000143051147 
vt 0.38024142384529114 0.13990002870559692 
vt 0.39990001916885376 0.12024146318435669 
vt 0.39990001916885376 0.13990002870559692 
vt 0.39990001916885376 0.15975862741470337 
vt 0.38024142384529114 0.14010006189346313 
vt 0.39990001916885376 0.14010006189346313 
vt 0.7202414274215698 0.8400999903678894 
vt 0.7597585916519165 0.8400999903678894 
vt 0.7400000095367432 0.8598586320877075 
vt 0.7601000070571899 0.8797585368156433 
vt 0.7601000070571899 0.8402414321899414 
vt 0.7798585891723633 0.8600000143051147 
vt 0.3799000084400177 0.1397586464881897 
vt 0.36024144291877747 0.12010002136230469 
vt 0.3799000084400177 0.12010002136230469 
vt 0.39975857734680176 0.12010002136230469 
vt 0.3801000118255615 0.1397586464881897 
vt 0.3801000118255615 0.12010002136230469 
vt 0.7997585535049438 0.8798999786376953 
vt 0.7602413892745972 0.8798999786376953 
vt 0.7799999713897705 0.860141396522522 
vt 0.7998999953269958 0.8402414321899414 
vt 0.7998999953269958 0.8797585964202881 
vt 0.7801414132118225 0.8600000143051147 
vt 0.4197585880756378 0.14010006189346313 
vt 0.4000999927520752 0.1597585678100586 
vt 0.4000999927520752 0.14010006189346313 
vt 0.4000999927520752 0.12024146318435669 
vt 0.4197585880756378 0.13990002870559692 
vt 0.4000999927520752 0.13990002870559692 
vt 0.7602413892745972 0.8400999903678894 
vt 0.7997585535049438 0.8400999903678894 
vt 0.7799999713897705 0.8598586320877075 
vt 0.8001000285148621 0.8797585368156433 
vt 0.8001000285148621 0.8402414321899414 
vt 0.8198586106300354 0.8600000143051147 
vt 0.839758574962616 0.8798999786376953 
vt 0.8002414107322693 0.8798999786376953 
vt 0.8199999928474426 0.860141396522522 
vt 0.839900016784668 0.8402414321899414 
vt 0.839900016784668 0.8797585964202881 
vt 0.8201414346694946 0.8600000143051147 
vt 0.8002414107322693 0.8400999903678894 
vt 0.839758574962616 0.8400999903678894 
vt 0.8199999928474426 0.8598586320877075 
vt 0.8400999903678894 0.8797585368156433 
vt 0.8400999903678894 0.8402414321899414 
vt 0.8598585724830627 0.8600000143051147 
vt 0.8797585368156433 0.8798999786376953 
vt 0.8402413725852966 0.8798999786376953 
vt 0.85999995470047 0.860141396522522 
vt 0.8798999786376953 0.8402414321899414 
vt 0.8798999786376953 0.8797585964202881 
vt 0.860141396522522 0.8600000143051147 
vt 0.8402413725852966 0.8400999903678894 
vt 0.8797585368156433 0.8400999903678894 
vt 0.85999995470047 0.8598586320877075 
vt 0.8801000118255615 0.8797585368156433 
vt 0.8801000118255615 0.8402414321899414 
vt 0.8998585939407349 0.8600000143051147 
vt 0.9197585582733154 0.8798999786376953 
vt 0.8802413940429688 0.8798999786376953 
vt 0.8999999761581421 0.860141396522522 
vt 0.9199000000953674 0.8402414321899414 
vt 0.9199000000953674 0.8797585964202881 
vt 0.9001414179801941 0.8600000143051147 
vt 0.8802413940429688 0.8400999903678894 
vt 0.9197585582733154 0.8400999903678894 
vt 0.8999999761581421 0.8598586320877075 
vt 0.7797585725784302 0.059899985790252686 
vt 0.7602413892745972 0.059899985790252686 
vt 0.7699999809265137 0.05014139413833618 
vt 0.9201000332832336 0.8797585368156433 
vt 0.9201000332832336 0.8402414321899414 
vt 0.939858615398407 0.8600000143051147 
vt 0.9597585797309875 0.8798999786376953 
vt 0.9202414155006409 0.8798999786376953 
vt 0.9399999976158142 0.860141396522522 
vt 0.9599000215530396 0.8402414321899414 
vt 0.9599000215530396 0.8797585964202881 
vt 0.9401414394378662 0.8600000143051147 
vt 0.9202414155006409 0.8400999903678894 
vt 0.9597585797309875 0.8400999903678894 
vt 0.9399999976158142 0.8598586320877075 
vt 0.960099995136261 0.8797585368156433 
vt 0.960099995136261 0.8402414321899414 
vt 0.9798585772514343 0.8600000143051147 
vt 0.7800999879837036 0.07975852489471436 
vt 0.7800999879837036 0.06024140119552612 
vt 0.7898585796356201 0.06999999284744263 
vt 0.42010000348091125 0.14024144411087036 
vt 0.4397585988044739 0.1599000096321106 
vt 0.42010000348091125 0.1599000096321106 
vt 0.5448585748672485 0.025000035762786865 
vt 0.5400999784469604 0.029758572578430176 
vt 0.5400999784469604 0.02024143934249878 
vt 0.9799999594688416 0.860141396522522 
vt 0.9997585415840149 0.8798999786376953 
vt 0.9602413773536682 0.8798999786376953 
vt 0.9998999834060669 0.8402414321899414 
vt 0.9998999834060669 0.8797585964202881 
vt 0.9801414012908936 0.8600000143051147 
vt 0.4002414345741272 0.1599000096321106 
vt 0.41990000009536743 0.14024144411087036 
vt 0.41990000009536743 0.1599000096321106 
vt 0.16009999811649323 0.960241436958313 
vt 0.19975857436656952 0.9998999834060669 
vt 0.16009999811649323 0.9998999834060669 
vt 0.9602413773536682 0.8400999903678894 
vt 0.9997585415840149 0.8400999903678894 
vt 0.9799999594688416 0.8598586320877075 
vt 9.999999747378752e-05 0.8397585153579712 
vt 9.999999747378752e-05 0.8002414703369141 
vt 0.019858578220009804 0.8200000524520874 
vt 0.7997585535049438 0.07989996671676636 
vt 0.7802414298057556 0.07989996671676636 
vt 0.7899999618530273 0.07014137506484985 
vt 0.7797585725784302 0.07989996671676636 
vt 0.7602413892745972 0.07989996671676636 
vt 0.7699999809265137 0.07014137506484985 
vt 0.42024141550064087 0.13990002870559692 
vt 0.4399000108242035 0.12024146318435669 
vt 0.4399000108242035 0.13990002870559692 
vt 0.19990000128746033 0.9997586011886597 
vt 0.16024142503738403 0.960099995136261 
vt 0.19990000128746033 0.960099995136261 
vt 0.039758577942848206 0.839900016784668 
vt 0.000241421366808936 0.839900016784668 
vt 0.020000001415610313 0.8201414346694946 
vt 0.03989999741315842 0.8002414703369141 
vt 0.03989999741315842 0.8397586345672607 
vt 0.020141419023275375 0.8200000524520874 
vt 0.00024142135225702077 0.8000999689102173 
vt 0.03975857421755791 0.8000999689102173 
vt 0.019999999552965164 0.8198586702346802 
vt 0.04010000079870224 0.8397585153579712 
vt 0.04010000079870224 0.8002414703369141 
vt 0.05985857546329498 0.8200000524520874 
vt 0.07975857704877853 0.839900016784668 
vt 0.04024142026901245 0.839900016784668 
vt 0.06000000238418579 0.8201414346694946 
vt 0.07989999651908875 0.8002414703369141 
vt 0.07989999651908875 0.8397586345672607 
vt 0.060141418129205704 0.8200000524520874 
vt 0.04024142026901245 0.8000999689102173 
vt 0.07975856959819794 0.8000999689102173 
vt 0.05999999865889549 0.8198586702346802 
vt 0.08009999990463257 0.8397585153579712 
vt 0.08009999990463257 0.8002414703369141 
vt 0.09985857456922531 0.8200000524520874 
vt 0.11975857615470886 0.839900016784668 
vt 0.08024141937494278 0.839900016784668 
vt 0.10000000149011612 0.8201414346694946 
vt 0.11989999562501907 0.8002414703369141 
vt 0.11989999562501907 0.8397586345672607 
vt 0.10014142096042633 0.8200000524520874 
vt 0.08024141937494278 0.8000999689102173 
vt 0.11975857615470886 0.8000999689102173 
vt 0.09999999403953552 0.8198586702346802 
vt 0.1200999990105629 0.8397585153579712 
vt 0.1200999990105629 0.8002414703369141 
vt 0.13985857367515564 0.8200000524520874 
vt 0.1597585678100586 0.839900016784668 
vt 0.12024141848087311 0.839900016784668 
vt 0.14000000059604645 0.8201414346694946 
vt 0.7799000144004822 0.06024140119552612 
vt 0.7799000144004822 0.07975852489471436 
vt 0.7701414227485657 0.06999999284744263 
vt 0.1598999947309494 0.8002414703369141 
vt 0.1598999947309494 0.8397586345672607 
vt 0.14014141261577606 0.8200000524520874 
vt 0.12024141848087311 0.8000999689102173 
vt 0.1597585678100586 0.8000999689102173 
vt 0.14000000059604645 0.8198586702346802 
vt 0.16009999811649323 0.8397585153579712 
vt 0.16009999811649323 0.8002414703369141 
vt 0.17985858023166656 0.8200000524520874 
vt 0.19975857436656952 0.839900016784668 
vt 0.16024142503738403 0.839900016784668 
vt 0.17999999225139618 0.8201414346694946 
vt 0.19990000128746033 0.8002414703369141 
vt 0.19990000128746033 0.8397586345672607 
vt 0.180141419172287 0.8200000524520874 
vt 0.7997585535049438 0.059899985790252686 
vt 0.7802414298057556 0.059899985790252686 
vt 0.7899999618530273 0.05014139413833618 
vt 0.4399000108242035 0.15975862741470337 
vt 0.42024141550064087 0.14010006189346313 
vt 0.4399000108242035 0.14010006189346313 
vt 0.5402414202690125 0.029900014400482178 
vt 0.5449999570846558 0.025141417980194092 
vt 0.5497585535049438 0.029900014400482178 
vt 0.19975857436656952 0.8000999689102173 
vt 0.17999999225139618 0.8198586702346802 
vt 0.16024142503738403 0.8000999689102173 
vt 0.20010000467300415 0.8397585153579712 
vt 0.20010000467300415 0.8002414703369141 
vt 0.2198585867881775 0.8200000524520874 
vt 0.41990000009536743 0.1397586464881897 
vt 0.4002414345741272 0.12010002136230469 
vt 0.41990000009536743 0.12010002136230469 
vt 0.20010000467300415 0.960241436958313 
vt 0.23975858092308044 0.9998999834060669 
vt 0.20010000467300415 0.9998999834060669 
vt 0.4397585690021515 0.12010002136230469 
vt 0.42010000348091125 0.1397586464881897 
vt 0.42010000348091125 0.12010002136230469 
vt 0.23975858092308044 0.839900016784668 
vt 0.20024143159389496 0.839900016784668 
vt 0.2199999988079071 0.8201414346694946 
vt 0.7998999953269958 0.04024142026901245 
vt 0.7998999953269958 0.059758543968200684 
vt 0.7901414036750793 0.050000011920928955 
vt 0.7998999953269958 0.0602414608001709 
vt 0.7998999953269958 0.07975858449935913 
vt 0.7901414036750793 0.06999999284744263 
vt 0.45975857973098755 0.14010006189346313 
vt 0.4400999844074249 0.1597585678100586 
vt 0.4400999844074249 0.14010006189346313 
vt 0.23989999294281006 0.9997586011886597 
vt 0.20024143159389496 0.960099995136261 
vt 0.23989999294281006 0.960099995136261 
vt 0.23989999294281006 0.8002414703369141 
vt 0.23989999294281006 0.8397586345672607 
vt 0.2201414257287979 0.8200000524520874 
vt 0.20024143159389496 0.8000999689102173 
vt 0.23975858092308044 0.8000999689102173 
vt 0.2199999988079071 0.8198586702346802 
vt 0.24009999632835388 0.8397585153579712 
vt 0.24009999632835388 0.8002414703369141 
vt 0.2598585784435272 0.8200000524520874 
vt 0.469899982213974 0.02975863218307495 
vt 0.4602414071559906 0.020100057125091553 
vt 0.469899982213974 0.020100057125091553 
vt 0.2797585725784302 0.839900016784668 
vt 0.2402414232492447 0.839900016784668 
vt 0.25999999046325684 0.8201414346694946 
vt 0.2798999845981598 0.8002414703369141 
vt 0.2798999845981598 0.8397586345672607 
vt 0.26014140248298645 0.8200000524520874 
vt 0.2797585725784302 0.9998999834060669 
vt 0.24009999632835388 0.9998999834060669 
vt 0.24009999632835388 0.960241436958313 
vt 0.2797585725784302 0.8000999689102173 
vt 0.25999999046325684 0.8198586702346802 
vt 0.2402414232492447 0.8000999689102173 
vt 0.2800999879837036 0.8002414703369141 
vt 0.29985857009887695 0.8200000524520874 
vt 0.2800999879837036 0.8397585153579712 
vt 0.2802414298057556 0.839900016784668 
vt 0.30000001192092896 0.8201414346694946 
vt 0.3197585940361023 0.839900016784668 
vt 0.3199000060558319 0.8397586345672607 
vt 0.30014142394065857 0.8200000524520874 
vt 0.3199000060558319 0.8002414703369141 
vt 0.3197585642337799 0.8000999689102173 
vt 0.30000001192092896 0.8198586702346802 
vt 0.2802414298057556 0.8000999689102173 
vt 0.32009997963905334 0.8002414703369141 
vt 0.3398585617542267 0.8200000524520874 
vt 0.32009997963905334 0.8397585153579712 
vt 0.32024142146110535 0.839900016784668 
vt 0.3400000035762787 0.8201414346694946 
vt 0.35975855588912964 0.839900016784668 
vt 0.35989999771118164 0.8397586345672607 
vt 0.3401414155960083 0.8200000524520874 
vt 0.35989999771118164 0.8002414703369141 
vt 0.35975855588912964 0.8000999689102173 
vt 0.3400000035762787 0.8198586702346802 
vt 0.32024142146110535 0.8000999689102173 
vt 0.36010000109672546 0.8002414703369141 
vt 0.3798585832118988 0.8200000524520874 
vt 0.36010000109672546 0.8397585153579712 
vt 0.36024144291877747 0.839900016784668 
vt 0.3800000250339508 0.8201414346694946 
vt 0.39975857734680176 0.839900016784668 
vt 0.39990001916885376 0.8397586345672607 
vt 0.3801414370536804 0.8200000524520874 
vt 0.39990001916885376 0.8002414703369141 
vt 0.39975857734680176 0.8000999689102173 
vt 0.3800000250339508 0.8198586702346802 
vt 0.36024144291877747 0.8000999689102173 
vt 0.4000999927520752 0.8002414703369141 
vt 0.41985857486724854 0.8200000524520874 
vt 0.4000999927520752 0.8397585153579712 
vt 0.4002414345741272 0.839900016784668 
vt 0.42000001668930054 0.8201414346694946 
vt 0.4397585988044739 0.839900016784668 
vt 0.4399000108242035 0.8397586345672607 
vt 0.42014142870903015 0.8200000524520874 
vt 0.4399000108242035 0.8002414703369141 
vt 0.4397585690021515 0.8000999689102173 
vt 0.42000001668930054 0.8198586702346802 
vt 0.4002414345741272 0.8000999689102173 
vt 0.4400999844074249 0.8002414703369141 
vt 0.45985856652259827 0.8200000524520874 
vt 0.4400999844074249 0.8397585153579712 
vt 0.44024142622947693 0.839900016784668 
vt 0.46000000834465027 0.8201414346694946 
vt 0.4797585606575012 0.839900016784668 
vt 0.4799000024795532 0.8397586345672607 
vt 0.4601414203643799 0.8200000524520874 
vt 0.4799000024795532 0.8002414703369141 
vt 0.4797585606575012 0.8000999689102173 
vt 0.46000000834465027 0.8198586702346802 
vt 0.44024142622947693 0.8000999689102173 
vt 0.48009997606277466 0.8002414703369141 
vt 0.499858558177948 0.8200000524520874 
vt 0.48009997606277466 0.8397585153579712 
vt 0.7899999618530273 0.0698586106300354 
vt 0.7802414298057556 0.060100018978118896 
vt 0.7997585535049438 0.060100018978118896 
vt 0.48024141788482666 0.839900016784668 
vt 0.5 0.8201414346694946 
vt 0.5197585821151733 0.839900016784668 
vt 0.5198999643325806 0.8397586345672607 
vt 0.5001413822174072 0.8200000524520874 
vt 0.5198999643325806 0.8002414703369141 
vt 0.7799000144004822 0.05975860357284546 
vt 0.7701414227485657 0.050000011920928955 
vt 0.7799000144004822 0.04024142026901245 
vt 0.4797585606575012 0.020100057125091553 
vt 0.4700999855995178 0.02975863218307495 
vt 0.4700999855995178 0.020100057125091553 
vt 0.5197585821151733 0.8000999689102173 
vt 0.5 0.8198586702346802 
vt 0.48024141788482666 0.8000999689102173 
vt 0.5200999975204468 0.8002414703369141 
vt 0.5398585796356201 0.8200000524520874 
vt 0.5200999975204468 0.8397585153579712 
vt 0.520241379737854 0.839900016784668 
vt 0.5399999618530273 0.8201414346694946 
vt 0.5597585439682007 0.839900016784668 
vt 0.5598999857902527 0.8397586345672607 
vt 0.5401414036750793 0.8200000524520874 
vt 0.5598999857902527 0.8002414703369141 
vt 0.2402414232492447 0.960099995136261 
vt 0.2798999845981598 0.960099995136261 
vt 0.2798999845981598 0.9997586011886597 
vt 0.5597585439682007 0.8000999689102173 
vt 0.5399999618530273 0.8198586702346802 
vt 0.520241379737854 0.8000999689102173 
vt 0.5601000189781189 0.8002414703369141 
vt 0.5798586010932922 0.8200000524520874 
vt 0.5601000189781189 0.8397585153579712 
vt 0.5602414011955261 0.839900016784668 
vt 0.5799999833106995 0.8201414346694946 
vt 0.5997585654258728 0.839900016784668 
vt 0.5999000072479248 0.8397586345672607 
vt 0.5801414251327515 0.8200000524520874 
vt 0.5999000072479248 0.8002414703369141 
vt 0.5997585654258728 0.8000999689102173 
vt 0.5799999833106995 0.8198586702346802 
vt 0.5602414011955261 0.8000999689102173 
vt 0.600100040435791 0.8002414703369141 
vt 0.6198586225509644 0.8200000524520874 
vt 0.600100040435791 0.8397585153579712 
vt 0.6002414226531982 0.839900016784668 
vt 0.6200000047683716 0.8201414346694946 
vt 0.6397585868835449 0.839900016784668 
vt 0.6399000287055969 0.8397586345672607 
vt 0.6201414465904236 0.8200000524520874 
vt 0.6399000287055969 0.8002414703369141 
vt 0.6397585868835449 0.8000999689102173 
vt 0.6200000047683716 0.8198586702346802 
vt 0.6002414226531982 0.8000999689102173 
vt 0.6401000022888184 0.8002414703369141 
vt 0.6598585844039917 0.8200000524520874 
vt 0.6401000022888184 0.8397585153579712 
vt 0.6402413845062256 0.839900016784668 
vt 0.6599999666213989 0.8201414346694946 
vt 0.6797585487365723 0.839900016784668 
vt 0.6798999905586243 0.8397586345672607 
vt 0.6601414084434509 0.8200000524520874 
vt 0.6798999905586243 0.8002414703369141 
vt 0.6797585487365723 0.8000999689102173 
vt 0.6599999666213989 0.8198586702346802 
vt 0.6402413845062256 0.8000999689102173 
vt 0.6801000237464905 0.8002414703369141 
vt 0.6998586058616638 0.8200000524520874 
vt 0.6801000237464905 0.8397585153579712 
vt 0.6802414059638977 0.839900016784668 
vt 0.699999988079071 0.8201414346694946 
vt 0.7197585701942444 0.839900016784668 
vt 0.7199000120162964 0.8397586345672607 
vt 0.700141429901123 0.8200000524520874 
vt 0.7199000120162964 0.8002414703369141 
vt 0.7197585701942444 0.8000999689102173 
vt 0.699999988079071 0.8198586702346802 
vt 0.6802414059638977 0.8000999689102173 
vt 0.7201000452041626 0.8002414703369141 
vt 0.7398586273193359 0.8200000524520874 
vt 0.7201000452041626 0.8397585153579712 
vt 0.7202414274215698 0.839900016784668 
vt 0.7400000095367432 0.8201414346694946 
vt 0.7597585916519165 0.839900016784668 
vt 0.7599000334739685 0.8397586345672607 
vt 0.7401414513587952 0.8200000524520874 
vt 0.7599000334739685 0.8002414703369141 
vt 0.7597585916519165 0.8000999689102173 
vt 0.7400000095367432 0.8198586702346802 
vt 0.7202414274215698 0.8000999689102173 
vt 0.7601000070571899 0.8002414703369141 
vt 0.7798585891723633 0.8200000524520874 
vt 0.7601000070571899 0.8397585153579712 
vt 0.7602413892745972 0.04009997844696045 
vt 0.7797585725784302 0.04009997844696045 
vt 0.7699999809265137 0.04985862970352173 
vt 0.7602413892745972 0.839900016784668 
vt 0.7799999713897705 0.8201414346694946 
vt 0.7997585535049438 0.839900016784668 
vt 0.7998999953269958 0.8397586345672607 
vt 0.7801414132118225 0.8200000524520874 
vt 0.7998999953269958 0.8002414703369141 
vt 0.7997585535049438 0.04009997844696045 
vt 0.7899999618530273 0.04985862970352173 
vt 0.7802414298057556 0.04009997844696045 
vt 0.45989999175071716 0.009900033473968506 
vt 0.45024141669273376 0.009900033473968506 
vt 0.45989999175071716 0.00024145841598510742 
vt 0.7997585535049438 0.8000999689102173 
vt 0.7799999713897705 0.8198586702346802 
vt 0.7602413892745972 0.8000999689102173 
vt 0.8001000285148621 0.8002414703369141 
vt 0.8198586106300354 0.8200000524520874 
vt 0.8001000285148621 0.8397585153579712 
vt 0.8002414107322693 0.839900016784668 
vt 0.8199999928474426 0.8201414346694946 
vt 0.839758574962616 0.839900016784668 
vt 0.839900016784668 0.8397586345672607 
vt 0.8201414346694946 0.8200000524520874 
vt 0.839900016784668 0.8002414703369141 
vt 0.839758574962616 0.8000999689102173 
vt 0.8199999928474426 0.8198586702346802 
vt 0.8002414107322693 0.8000999689102173 
vt 0.8400999903678894 0.8002414703369141 
vt 0.8598585724830627 0.8200000524520874 
vt 0.8400999903678894 0.8397585153579712 
vt 0.8402413725852966 0.839900016784668 
vt 0.85999995470047 0.8201414346694946 
vt 0.8797585368156433 0.839900016784668 
vt 0.8798999786376953 0.8397586345672607 
vt 0.860141396522522 0.8200000524520874 
vt 0.8798999786376953 0.8002414703369141 
vt 0.45975857973098755 0.13990002870559692 
vt 0.4400999844074249 0.13990002870559692 
vt 0.4400999844074249 0.12024146318435669 
vt 0.4797585606575012 0.1599000096321106 
vt 0.460099995136261 0.1599000096321106 
vt 0.460099995136261 0.14024144411087036 
vt 0.44024142622947693 0.1599000096321106 
vt 0.45989999175071716 0.14024144411087036 
vt 0.45989999175071716 0.1599000096321106 
vt 0.8797585368156433 0.8000999689102173 
vt 0.85999995470047 0.8198586702346802 
vt 0.8402413725852966 0.8000999689102173 
vt 0.8801000118255615 0.8002414703369141 
vt 0.8998585939407349 0.8200000524520874 
vt 0.8801000118255615 0.8397585153579712 
vt 0.4799000024795532 0.12024146318435669 
vt 0.4799000024795532 0.13990002870559692 
vt 0.4602414071559906 0.13990002870559692 
vt 0.4602414071559906 0.14010006189346313 
vt 0.4799000024795532 0.14010006189346313 
vt 0.4799000024795532 0.15975862741470337 
vt 0.7800999879837036 0.04024142026901245 
vt 0.7898585796356201 0.050000011920928955 
vt 0.7800999879837036 0.05975860357284546 
vt 0.44024142622947693 0.12010002136230469 
vt 0.45989999175071716 0.12010002136230469 
vt 0.45989999175071716 0.1397586464881897 
vt 0.8100000023841858 0.0698586106300354 
vt 0.8002414107322693 0.060100018978118896 
vt 0.8197585940361023 0.060100018978118896 
vt 0.460099995136261 0.1397586464881897 
vt 0.460099995136261 0.12010002136230469 
vt 0.4797585606575012 0.12010002136230469 
vt 0.48009997606277466 0.1597585678100586 
vt 0.48009997606277466 0.14010006189346313 
vt 0.4997585713863373 0.14010006189346313 
vt 0.4997585713863373 0.13990002870559692 
vt 0.48009997606277466 0.13990002870559692 
vt 0.48009997606277466 0.12024146318435669 
vt 0.8001000285148621 0.07975852489471436 
vt 0.8001000285148621 0.0602414608001709 
vt 0.8098585605621338 0.06999999284744263 
vt 0.8802413940429688 0.839900016784668 
vt 0.8999999761581421 0.8201414346694946 
vt 0.9197585582733154 0.839900016784668 
vt 0.8098585605621338 0.050000011920928955 
vt 0.8001000285148621 0.059758543968200684 
vt 0.8001000285148621 0.04024142026901245 
vt 0.5197585821151733 0.1599000096321106 
vt 0.5001000165939331 0.1599000096321106 
vt 0.5001000165939331 0.14024144411087036 
vt 0.4998999834060669 0.14024144411087036 
vt 0.4998999834060669 0.1599000096321106 
vt 0.48024141788482666 0.1599000096321106 
vt 0.9199000000953674 0.8397586345672607 
vt 0.9001414179801941 0.8200000524520874 
vt 0.9199000000953674 0.8002414703369141 
vt 0.9197585582733154 0.8000999689102173 
vt 0.8999999761581421 0.8198586702346802 
vt 0.8802413940429688 0.8000999689102173 
vt 0.9201000332832336 0.8002414703369141 
vt 0.939858615398407 0.8200000524520874 
vt 0.9201000332832336 0.8397585153579712 
vt 0.9202414155006409 0.839900016784668 
vt 0.9399999976158142 0.8201414346694946 
vt 0.9597585797309875 0.839900016784668 
vt 0.5198999643325806 0.12024146318435669 
vt 0.5198999643325806 0.13990002870559692 
vt 0.5002413988113403 0.13990002870559692 
vt 0.5198999643325806 0.14010006189346313 
vt 0.5198999643325806 0.15975862741470337 
vt 0.5002413988113403 0.14010006189346313 
vt 0.48024141788482666 0.12010002136230469 
vt 0.4998999834060669 0.12010002136230469 
vt 0.4998999834060669 0.1397586464881897 
vt 0.9599000215530396 0.8397586345672607 
vt 0.9401414394378662 0.8200000524520874 
vt 0.9599000215530396 0.8002414703369141 
vt 0.9597585797309875 0.8000999689102173 
vt 0.9399999976158142 0.8198586702346802 
vt 0.9202414155006409 0.8000999689102173 
vt 0.5001000165939331 0.1397586464881897 
vt 0.5001000165939331 0.12010002136230469 
vt 0.5197585821151733 0.12010002136230469 
vt 0.5200999975204468 0.1597585678100586 
vt 0.5200999975204468 0.14010006189346313 
vt 0.539758563041687 0.14010006189346313 
vt 0.8002414107322693 0.059899985790252686 
vt 0.8100000023841858 0.05014139413833618 
vt 0.8197585940361023 0.059899985790252686 
vt 0.539758563041687 0.13990002870559692 
vt 0.5200999975204468 0.13990002870559692 
vt 0.5200999975204468 0.12024146318435669 
vt 0.8201000094413757 0.07975852489471436 
vt 0.8201000094413757 0.06024140119552612 
vt 0.8298586010932922 0.06999999284744263 
vt 0.5597585439682007 0.1599000096321106 
vt 0.5400999784469604 0.1599000096321106 
vt 0.5400999784469604 0.14024144411087036 
vt 0.539900004863739 0.14024144411087036 
vt 0.539900004863739 0.1599000096321106 
vt 0.520241379737854 0.1599000096321106 
vt 0.5598999857902527 0.12024146318435669 
vt 0.5598999857902527 0.13990002870559692 
vt 0.5402414202690125 0.13990002870559692 
vt 0.839758574962616 0.07989996671676636 
vt 0.8202414512634277 0.07989996671676636 
vt 0.8300000429153442 0.07014137506484985 
vt 0.960099995136261 0.8002414703369141 
vt 0.9798585772514343 0.8200000524520874 
vt 0.960099995136261 0.8397585153579712 
vt 0.9602413773536682 0.839900016784668 
vt 0.9799999594688416 0.8201414346694946 
vt 0.9997585415840149 0.839900016784668 
vt 0.5402414202690125 0.14010006189346313 
vt 0.5598999857902527 0.14010006189346313 
vt 0.5598999857902527 0.15975862741470337 
vt 0.520241379737854 0.12010002136230469 
vt 0.539900004863739 0.12010002136230469 
vt 0.539900004863739 0.1397586464881897 
vt 0.3197585940361023 0.9998999834060669 
vt 0.2800999879837036 0.9998999834060669 
vt 0.2800999879837036 0.960241436958313 
vt 0.9998999834060669 0.8397586345672607 
vt 0.9801414012908936 0.8200000524520874 
vt 0.9998999834060669 0.8002414703369141 
vt 0.9997585415840149 0.8000999689102173 
vt 0.9799999594688416 0.8198586702346802 
vt 0.9602413773536682 0.8000999689102173 
vt 9.999999747378752e-05 0.7602414488792419 
vt 0.019858578220009804 0.7800000309944153 
vt 9.999999747378752e-05 0.7997585535049438 
vt 0.000241421366808936 0.7998999953269958 
vt 0.020000001415610313 0.7801414132118225 
vt 0.039758577942848206 0.7998999953269958 
vt 0.03989999741315842 0.7997586131095886 
vt 0.020141419023275375 0.7800000309944153 
vt 0.03989999741315842 0.7602414488792419 
vt 0.03975857421755791 0.7601000070571899 
vt 0.019999999552965164 0.7798586487770081 
vt 0.00024142135225702077 0.7601000070571899 
vt 0.04010000079870224 0.7602414488792419 
vt 0.05985857546329498 0.7800000309944153 
vt 0.04010000079870224 0.7997585535049438 
vt 0.04024142026901245 0.7998999953269958 
vt 0.06000000238418579 0.7801414132118225 
vt 0.07975857704877853 0.7998999953269958 
vt 0.07989999651908875 0.7997586131095886 
vt 0.060141418129205704 0.7800000309944153 
vt 0.07989999651908875 0.7602414488792419 
vt 0.07975856959819794 0.7601000070571899 
vt 0.05999999865889549 0.7798586487770081 
vt 0.04024142026901245 0.7601000070571899 
vt 0.08009999990463257 0.7602414488792419 
vt 0.09985857456922531 0.7800000309944153 
vt 0.08009999990463257 0.7997585535049438 
vt 0.08024141937494278 0.7998999953269958 
vt 0.10000000149011612 0.7801414132118225 
vt 0.11975857615470886 0.7998999953269958 
vt 0.11989999562501907 0.7997586131095886 
vt 0.10014142096042633 0.7800000309944153 
vt 0.11989999562501907 0.7602414488792419 
vt 0.11975857615470886 0.7601000070571899 
vt 0.09999999403953552 0.7798586487770081 
vt 0.08024141937494278 0.7601000070571899 
vt 0.1200999990105629 0.7602414488792419 
vt 0.13985857367515564 0.7800000309944153 
vt 0.1200999990105629 0.7997585535049438 
vt 0.12024141848087311 0.7998999953269958 
vt 0.14000000059604645 0.7801414132118225 
vt 0.1597585678100586 0.7998999953269958 
vt 0.1598999947309494 0.7997586131095886 
vt 0.14014141261577606 0.7800000309944153 
vt 0.1598999947309494 0.7602414488792419 
vt 0.1597585678100586 0.7601000070571899 
vt 0.14000000059604645 0.7798586487770081 
vt 0.12024141848087311 0.7601000070571899 
vt 0.16009999811649323 0.7602414488792419 
vt 0.17985858023166656 0.7800000309944153 
vt 0.16009999811649323 0.7997585535049438 
vt 0.16024142503738403 0.7998999953269958 
vt 0.17999999225139618 0.7801414132118225 
vt 0.19975857436656952 0.7998999953269958 
vt 0.19990000128746033 0.7997586131095886 
vt 0.180141419172287 0.7800000309944153 
vt 0.19990000128746033 0.7602414488792419 
vt 0.19975857436656952 0.7601000070571899 
vt 0.17999999225139618 0.7798586487770081 
vt 0.16024142503738403 0.7601000070571899 
vt 0.8002414107322693 0.07989996671676636 
vt 0.8100000023841858 0.07014137506484985 
vt 0.8197585940361023 0.07989996671676636 
vt 0.20010000467300415 0.7602414488792419 
vt 0.2198585867881775 0.7800000309944153 
vt 0.20010000467300415 0.7997585535049438 
vt 0.20024143159389496 0.7998999953269958 
vt 0.2199999988079071 0.7801414132118225 
vt 0.23975858092308044 0.7998999953269958 
vt 0.8101414442062378 0.06999999284744263 
vt 0.8199000358581543 0.06024140119552612 
vt 0.8199000358581543 0.07975852489471436 
vt 0.45989999175071716 0.019758641719818115 
vt 0.45024141669273376 0.010100066661834717 
vt 0.45989999175071716 0.010100066661834717 
vt 0.23989999294281006 0.7997586131095886 
vt 0.2201414257287979 0.7800000309944153 
vt 0.23989999294281006 0.7602414488792419 
vt 0.23975858092308044 0.7601000070571899 
vt 0.2199999988079071 0.7798586487770081 
vt 0.20024143159389496 0.7601000070571899 
vt 0.24009999632835388 0.7602414488792419 
vt 0.2598585784435272 0.7800000309944153 
vt 0.24009999632835388 0.7997585535049438 
vt 0.2402414232492447 0.7998999953269958 
vt 0.25999999046325684 0.7801414132118225 
vt 0.2797585725784302 0.7998999953269958 
vt 0.2802414298057556 0.960099995136261 
vt 0.3199000060558319 0.960099995136261 
vt 0.3199000060558319 0.9997586011886597 
vt 0.2798999845981598 0.7997586131095886 
vt 0.26014140248298645 0.7800000309944153 
vt 0.2798999845981598 0.7602414488792419 
vt 0.2797585725784302 0.7601000070571899 
vt 0.25999999046325684 0.7798586487770081 
vt 0.2402414232492447 0.7601000070571899 
vt 0.2800999879837036 0.7602414488792419 
vt 0.29985857009887695 0.7800000309944153 
vt 0.2800999879837036 0.7997585535049438 
vt 0.2802414298057556 0.7998999953269958 
vt 0.30000001192092896 0.7801414132118225 
vt 0.3197585940361023 0.7998999953269958 
vt 0.3199000060558319 0.7997586131095886 
vt 0.30014142394065857 0.7800000309944153 
vt 0.3199000060558319 0.7602414488792419 
vt 0.3197585642337799 0.7601000070571899 
vt 0.30000001192092896 0.7798586487770081 
vt 0.2802414298057556 0.7601000070571899 
vt 0.32009997963905334 0.7602414488792419 
vt 0.3398585617542267 0.7800000309944153 
vt 0.32009997963905334 0.7997585535049438 
vt 0.32024142146110535 0.7998999953269958 
vt 0.3400000035762787 0.7801414132118225 
vt 0.35975855588912964 0.7998999953269958 
vt 0.35989999771118164 0.7997586131095886 
vt 0.3401414155960083 0.7800000309944153 
vt 0.35989999771118164 0.7602414488792419 
vt 0.35975855588912964 0.7601000070571899 
vt 0.3400000035762787 0.7798586487770081 
vt 0.32024142146110535 0.7601000070571899 
vt 0.36010000109672546 0.7602414488792419 
vt 0.3798585832118988 0.7800000309944153 
vt 0.36010000109672546 0.7997585535049438 
vt 0.36024144291877747 0.7998999953269958 
vt 0.3800000250339508 0.7801414132118225 
vt 0.39975857734680176 0.7998999953269958 
vt 0.39990001916885376 0.7997586131095886 
vt 0.3801414370536804 0.7800000309944153 
vt 0.39990001916885376 0.7602414488792419 
vt 0.39975857734680176 0.7601000070571899 
vt 0.3800000250339508 0.7798586487770081 
vt 0.36024144291877747 0.7601000070571899 
vt 0.4000999927520752 0.7602414488792419 
vt 0.41985857486724854 0.7800000309944153 
vt 0.4000999927520752 0.7997585535049438 
vt 0.4002414345741272 0.7998999953269958 
vt 0.42000001668930054 0.7801414132118225 
vt 0.4397585988044739 0.7998999953269958 
vt 0.4399000108242035 0.7997586131095886 
vt 0.42014142870903015 0.7800000309944153 
vt 0.4399000108242035 0.7602414488792419 
vt 0.4397585690021515 0.7601000070571899 
vt 0.42000001668930054 0.7798586487770081 
vt 0.4002414345741272 0.7601000070571899 
vt 0.4400999844074249 0.7602414488792419 
vt 0.45985856652259827 0.7800000309944153 
vt 0.4400999844074249 0.7997585535049438 
vt 0.44024142622947693 0.7998999953269958 
vt 0.46000000834465027 0.7801414132118225 
vt 0.4797585606575012 0.7998999953269958 
vt 0.4799000024795532 0.7997586131095886 
vt 0.4601414203643799 0.7800000309944153 
vt 0.4799000024795532 0.7602414488792419 
vt 0.4797585606575012 0.7601000070571899 
vt 0.46000000834465027 0.7798586487770081 
vt 0.44024142622947693 0.7601000070571899 
vt 0.8202414512634277 0.059899985790252686 
vt 0.8299999833106995 0.05014139413833618 
vt 0.839758574962616 0.059899985790252686 
vt 0.48009997606277466 0.7602414488792419 
vt 0.499858558177948 0.7800000309944153 
vt 0.48009997606277466 0.7997585535049438 
vt 0.48024141788482666 0.7998999953269958 
vt 0.5 0.7801414132118225 
vt 0.5197585821151733 0.7998999953269958 
vt 0.839900016784668 0.04024142026901245 
vt 0.839900016784668 0.059758543968200684 
vt 0.8301414251327515 0.050000011920928955 
vt 0.4499000012874603 0.00010001659393310547 
vt 0.4499000012874603 0.00975865125656128 
vt 0.44024142622947693 0.00010001659393310547 
vt 0.5198999643325806 0.7997586131095886 
vt 0.5001413822174072 0.7800000309944153 
vt 0.5198999643325806 0.7602414488792419 
vt 0.5197585821151733 0.7601000070571899 
vt 0.5 0.7798586487770081 
vt 0.48024141788482666 0.7601000070571899 
vt 0.5200999975204468 0.7602414488792419 
vt 0.5398585796356201 0.7800000309944153 
vt 0.5200999975204468 0.7997585535049438 
vt 0.520241379737854 0.7998999953269958 
vt 0.5399999618530273 0.7801414132118225 
vt 0.5597585439682007 0.7998999953269958 
vt 0.5598999857902527 0.7997586131095886 
vt 0.5401414036750793 0.7800000309944153 
vt 0.5598999857902527 0.7602414488792419 
vt 0.5597585439682007 0.7601000070571899 
vt 0.5399999618530273 0.7798586487770081 
vt 0.520241379737854 0.7601000070571899 
vt 0.5601000189781189 0.7602414488792419 
vt 0.5798586010932922 0.7800000309944153 
vt 0.5601000189781189 0.7997585535049438 
vt 0.5602414011955261 0.7998999953269958 
vt 0.5799999833106995 0.7801414132118225 
vt 0.5997585654258728 0.7998999953269958 
vt 0.5400999784469604 0.1397586464881897 
vt 0.5400999784469604 0.12010002136230469 
vt 0.5597585439682007 0.12010002136230469 
vt 0.5601000189781189 0.1597585678100586 
vt 0.5601000189781189 0.14010006189346313 
vt 0.5797585844993591 0.14010006189346313 
vt 0.839900016784668 0.07975858449935913 
vt 0.8301414251327515 0.06999999284744263 
vt 0.839900016784668 0.0602414608001709 
vt 0.5999000072479248 0.7997586131095886 
vt 0.5801414251327515 0.7800000309944153 
vt 0.5999000072479248 0.7602414488792419 
vt 0.5997585654258728 0.7601000070571899 
vt 0.5799999833106995 0.7798586487770081 
vt 0.5602414011955261 0.7601000070571899 
vt 0.5601000189781189 0.12024146318435669 
vt 0.5797585844993591 0.13990002870559692 
vt 0.5601000189781189 0.13990002870559692 
vt 0.5997585654258728 0.1599000096321106 
vt 0.5800999999046326 0.1599000096321106 
vt 0.5800999999046326 0.14024144411087036 
vt 0.5799000263214111 0.14024144411087036 
vt 0.5799000263214111 0.1599000096321106 
vt 0.5602414011955261 0.1599000096321106 
vt 0.5999000072479248 0.12024146318435669 
vt 0.5999000072479248 0.13990002870559692 
vt 0.5802414417266846 0.13990002870559692 
vt 0.8299999833106995 0.0698586106300354 
vt 0.8202414512634277 0.060100018978118896 
vt 0.839758574962616 0.060100018978118896 
vt 0.5802414417266846 0.14010006189346313 
vt 0.5999000072479248 0.14010006189346313 
vt 0.5999000072479248 0.15975862741470337 
vt 0.5602414011955261 0.12010002136230469 
vt 0.5799000263214111 0.12010002136230469 
vt 0.5799000263214111 0.1397586464881897 
vt 0.5800999999046326 0.1397586464881897 
vt 0.5800999999046326 0.12010002136230469 
vt 0.5997585654258728 0.12010002136230469 
vt 0.45975857973098755 0.00010001659393310547 
vt 0.45010000467300415 0.00975865125656128 
vt 0.45010000467300415 0.00010001659393310547 
vt 0.600100040435791 0.7602414488792419 
vt 0.6198586225509644 0.7800000309944153 
vt 0.600100040435791 0.7997585535049438 
vt 0.8199000358581543 0.04024142026901245 
vt 0.8199000358581543 0.05975860357284546 
vt 0.8101414442062378 0.050000011920928955 
vt 0.600100040435791 0.1597585678100586 
vt 0.600100040435791 0.14010006189346313 
vt 0.6197586059570312 0.14010006189346313 
vt 0.6197586059570312 0.13990002870559692 
vt 0.600100040435791 0.13990002870559692 
vt 0.600100040435791 0.12024146318435669 
vt 0.6002414226531982 0.7998999953269958 
vt 0.6200000047683716 0.7801414132118225 
vt 0.6397585868835449 0.7998999953269958 
vt 0.6399000287055969 0.7997586131095886 
vt 0.6201414465904236 0.7800000309944153 
vt 0.6399000287055969 0.7602414488792419 
vt 0.6397585868835449 0.7601000070571899 
vt 0.6200000047683716 0.7798586487770081 
vt 0.6002414226531982 0.7601000070571899 
vt 0.6401000022888184 0.7602414488792419 
vt 0.6598585844039917 0.7800000309944153 
vt 0.6401000022888184 0.7997585535049438 
vt 0.6397585868835449 0.1599000096321106 
vt 0.6201000213623047 0.1599000096321106 
vt 0.6201000213623047 0.14024144411087036 
vt 0.8197585940361023 0.04009997844696045 
vt 0.8100000023841858 0.04985862970352173 
vt 0.8002414107322693 0.04009997844696045 
vt 0.6199000477790833 0.14024144411087036 
vt 0.6199000477790833 0.1599000096321106 
vt 0.6002414226531982 0.1599000096321106 
vt 0.6402413845062256 0.7998999953269958 
vt 0.6599999666213989 0.7801414132118225 
vt 0.6797585487365723 0.7998999953269958 
vt 0.6798999905586243 0.7997586131095886 
vt 0.6601414084434509 0.7800000309944153 
vt 0.6798999905586243 0.7602414488792419 
vt 0.6399000287055969 0.13990002870559692 
vt 0.6202414631843567 0.13990002870559692 
vt 0.6399000287055969 0.12024146318435669 
vt 0.6202414631843567 0.14010006189346313 
vt 0.6399000287055969 0.14010006189346313 
vt 0.6399000287055969 0.15975862741470337 
vt 0.6002414226531982 0.12010002136230469 
vt 0.6199000477790833 0.12010002136230469 
vt 0.6199000477790833 0.1397586464881897 
vt 0.6201000213623047 0.1397586464881897 
vt 0.6201000213623047 0.12010002136230469 
vt 0.6397585868835449 0.12010002136230469 
vt 0.8202414512634277 0.04009997844696045 
vt 0.839758574962616 0.04009997844696045 
vt 0.8299999833106995 0.04985862970352173 
vt 0.6401000022888184 0.1597585678100586 
vt 0.6401000022888184 0.14010006189346313 
vt 0.6597585678100586 0.14010006189346313 
vt 0.6597585678100586 0.13990002870559692 
vt 0.6401000022888184 0.13990002870559692 
vt 0.6401000022888184 0.12024146318435669 
vt 0.6797585487365723 0.1599000096321106 
vt 0.660099983215332 0.1599000096321106 
vt 0.660099983215332 0.14024144411087036 
vt 0.469899982213974 0.00010001659393310547 
vt 0.469899982213974 0.00975865125656128 
vt 0.4602414071559906 0.00010001659393310547 
vt 0.6797585487365723 0.7601000070571899 
vt 0.6599999666213989 0.7798586487770081 
vt 0.6402413845062256 0.7601000070571899 
vt 0.8298586010932922 0.050000011920928955 
vt 0.8201000094413757 0.05975860357284546 
vt 0.8201000094413757 0.04024142026901245 
vt 0.6599000096321106 0.14024144411087036 
vt 0.6599000096321106 0.1599000096321106 
vt 0.6402413845062256 0.1599000096321106 
vt 0.6798999905586243 0.12024146318435669 
vt 0.6798999905586243 0.13990002870559692 
vt 0.660241425037384 0.13990002870559692 
vt 0.6801000237464905 0.7602414488792419 
vt 0.6998586058616638 0.7800000309944153 
vt 0.6801000237464905 0.7997585535049438 
vt 0.6802414059638977 0.7998999953269958 
vt 0.699999988079071 0.7801414132118225 
vt 0.7197585701942444 0.7998999953269958 
vt 0.7199000120162964 0.7997586131095886 
vt 0.700141429901123 0.7800000309944153 
vt 0.7199000120162964 0.7602414488792419 
vt 0.7197585701942444 0.7601000070571899 
vt 0.699999988079071 0.7798586487770081 
vt 0.6802414059638977 0.7601000070571899 
vt 0.7201000452041626 0.7602414488792419 
vt 0.7398586273193359 0.7800000309944153 
vt 0.7201000452041626 0.7997585535049438 
vt 0.7202414274215698 0.7998999953269958 
vt 0.7400000095367432 0.7801414132118225 
vt 0.7597585916519165 0.7998999953269958 
vt 0.7599000334739685 0.7997586131095886 
vt 0.7401414513587952 0.7800000309944153 
vt 0.7599000334739685 0.7602414488792419 
vt 0.7597585916519165 0.7601000070571899 
vt 0.7400000095367432 0.7798586487770081 
vt 0.7202414274215698 0.7601000070571899 
vt 0.7601000070571899 0.7602414488792419 
vt 0.7798585891723633 0.7800000309944153 
vt 0.7601000070571899 0.7997585535049438 
vt 0.7602413892745972 0.7998999953269958 
vt 0.7799999713897705 0.7801414132118225 
vt 0.7997585535049438 0.7998999953269958 
vt 0.7998999953269958 0.7997586131095886 
vt 0.7801414132118225 0.7800000309944153 
vt 0.7998999953269958 0.7602414488792419 
vt 0.7997585535049438 0.7601000070571899 
vt 0.7799999713897705 0.7798586487770081 
vt 0.7602413892745972 0.7601000070571899 
vt 0.8597585558891296 0.060100018978118896 
vt 0.8499999642372131 0.0698586106300354 
vt 0.8402413725852966 0.060100018978118896 
vt 0.8001000285148621 0.7602414488792419 
vt 0.8198586106300354 0.7800000309944153 
vt 0.8001000285148621 0.7997585535049438 
vt 0.8002414107322693 0.7998999953269958 
vt 0.8199999928474426 0.7801414132118225 
vt 0.839758574962616 0.7998999953269958 
vt 0.839900016784668 0.7997586131095886 
vt 0.8201414346694946 0.7800000309944153 
vt 0.839900016784668 0.7602414488792419 
vt 0.839758574962616 0.7601000070571899 
vt 0.8199999928474426 0.7798586487770081 
vt 0.8002414107322693 0.7601000070571899 
vt 0.8400999903678894 0.7602414488792419 
vt 0.8598585724830627 0.7800000309944153 
vt 0.8400999903678894 0.7997585535049438 
vt 0.8402413725852966 0.7998999953269958 
vt 0.85999995470047 0.7801414132118225 
vt 0.8797585368156433 0.7998999953269958 
vt 0.8798999786376953 0.7997586131095886 
vt 0.860141396522522 0.7800000309944153 
vt 0.8798999786376953 0.7602414488792419 
vt 0.8797585368156433 0.7601000070571899 
vt 0.85999995470047 0.7798586487770081 
vt 0.8402413725852966 0.7601000070571899 
vt 0.8801000118255615 0.7602414488792419 
vt 0.8998585939407349 0.7800000309944153 
vt 0.8801000118255615 0.7997585535049438 
vt 0.8802413940429688 0.7998999953269958 
vt 0.8999999761581421 0.7801414132118225 
vt 0.9197585582733154 0.7998999953269958 
vt 0.9199000000953674 0.7997586131095886 
vt 0.9001414179801941 0.7800000309944153 
vt 0.9199000000953674 0.7602414488792419 
vt 0.9197585582733154 0.7601000070571899 
vt 0.8999999761581421 0.7798586487770081 
vt 0.8802413940429688 0.7601000070571899 
vt 0.9201000332832336 0.7602414488792419 
vt 0.939858615398407 0.7800000309944153 
vt 0.9201000332832336 0.7997585535049438 
vt 0.9202414155006409 0.7998999953269958 
vt 0.9399999976158142 0.7801414132118225 
vt 0.9597585797309875 0.7998999953269958 
vt 0.9599000215530396 0.7997586131095886 
vt 0.9401414394378662 0.7800000309944153 
vt 0.9599000215530396 0.7602414488792419 
vt 0.8400999903678894 0.0602414608001709 
vt 0.8498585224151611 0.06999999284744263 
vt 0.8400999903678894 0.07975852489471436 
vt 0.9597585797309875 0.7601000070571899 
vt 0.9399999976158142 0.7798586487770081 
vt 0.9202414155006409 0.7601000070571899 
vt 0.960099995136261 0.7602414488792419 
vt 0.9798585772514343 0.7800000309944153 
vt 0.960099995136261 0.7997585535049438 
vt 0.9602413773536682 0.7998999953269958 
vt 0.9799999594688416 0.7801414132118225 
vt 0.9997585415840149 0.7998999953269958 
vt 0.9998999834060669 0.7997586131095886 
vt 0.9801414012908936 0.7800000309944153 
vt 0.9998999834060669 0.7602414488792419 
vt 0.9997585415840149 0.7601000070571899 
vt 0.9799999594688416 0.7798586487770081 
vt 0.9602413773536682 0.7601000070571899 
vt 0.8400999903678894 0.04024142026901245 
vt 0.8498585224151611 0.050000011920928955 
vt 0.8400999903678894 0.059758543968200684 
vt 9.999999747378752e-05 0.7202414274215698 
vt 0.019858578220009804 0.7400000095367432 
vt 9.999999747378752e-05 0.7597585320472717 
vt 0.660241425037384 0.14010006189346313 
vt 0.6798999905586243 0.14010006189346313 
vt 0.6798999905586243 0.15975862741470337 
vt 0.020000001415610313 0.7401413917541504 
vt 0.039758577942848206 0.7598999738693237 
vt 0.000241421366808936 0.7598999738693237 
vt 0.5548585653305054 0.0350000262260437 
vt 0.5500999689102173 0.03975856304168701 
vt 0.5500999689102173 0.030241429805755615 
vt 0.35975855588912964 0.9998999834060669 
vt 0.32009997963905334 0.9998999834060669 
vt 0.32009997963905334 0.960241436958313 
vt 0.6402413845062256 0.12010002136230469 
vt 0.6599000096321106 0.12010002136230469 
vt 0.6599000096321106 0.1397586464881897 
vt 0.03989999741315842 0.7597585916519165 
vt 0.020141419023275375 0.7400000095367432 
vt 0.03989999741315842 0.7202414274215698 
vt 0.660099983215332 0.1397586464881897 
vt 0.660099983215332 0.12010002136230469 
vt 0.6797585487365723 0.12010002136230469 
vt 0.03975857421755791 0.7200999855995178 
vt 0.019999999552965164 0.7398586273193359 
vt 0.00024142135225702077 0.7200999855995178 
vt 0.8402413725852966 0.059899985790252686 
vt 0.8499999642372131 0.05014139413833618 
vt 0.8597585558891296 0.059899985790252686 
vt 0.8600999712944031 0.06024140119552612 
vt 0.8698585629463196 0.06999999284744263 
vt 0.8600999712944031 0.07975852489471436 
vt 0.8602414131164551 0.07989996671676636 
vt 0.8700000047683716 0.07014137506484985 
vt 0.8797585368156433 0.07989996671676636 
vt 0.32024142146110535 0.960099995136261 
vt 0.35989999771118164 0.960099995136261 
vt 0.35989999771118164 0.9997586011886597 
vt 0.04010000079870224 0.7202414274215698 
vt 0.05985857546329498 0.7400000095367432 
vt 0.04010000079870224 0.7597585320472717 
vt 0.04024142026901245 0.7598999738693237 
vt 0.06000000238418579 0.7401413917541504 
vt 0.07975857704877853 0.7598999738693237 
vt 0.8402413725852966 0.07989996671676636 
vt 0.8499999642372131 0.07014137506484985 
vt 0.8597585558891296 0.07989996671676636 
vt 0.07989999651908875 0.7597585916519165 
vt 0.060141418129205704 0.7400000095367432 
vt 0.07989999651908875 0.7202414274215698 
vt 0.6801000237464905 0.1597585678100586 
vt 0.6801000237464905 0.14010006189346313 
vt 0.6997585892677307 0.14010006189346313 
vt 0.04024142026901245 0.7200999855995178 
vt 0.07975856959819794 0.7200999855995178 
vt 0.05999999865889549 0.7398586273193359 
vt 0.5597585439682007 0.039900004863739014 
vt 0.5502414107322693 0.039900004863739014 
vt 0.5550000071525574 0.03514140844345093 
vt 0.39975857734680176 0.9998999834060669 
vt 0.36010000109672546 0.9998999834060669 
vt 0.36010000109672546 0.960241436958313 
vt 0.6997585892677307 0.13990002870559692 
vt 0.6801000237464905 0.13990002870559692 
vt 0.6801000237464905 0.12024146318435669 
vt 0.08009999990463257 0.7202414274215698 
vt 0.09985857456922531 0.7400000095367432 
vt 0.08009999990463257 0.7597585320472717 
vt 0.7197585701942444 0.1599000096321106 
vt 0.7001000046730042 0.1599000096321106 
vt 0.7001000046730042 0.14024144411087036 
vt 0.08024141937494278 0.7598999738693237 
vt 0.10000000149011612 0.7401413917541504 
vt 0.11975857615470886 0.7598999738693237 
vt 0.8598999977111816 0.07975852489471436 
vt 0.8501414060592651 0.06999999284744263 
vt 0.8598999977111816 0.06024140119552612 
vt 0.8602414131164551 0.059899985790252686 
vt 0.8699999451637268 0.05014139413833618 
vt 0.8797585368156433 0.059899985790252686 
vt 0.8798999786376953 0.059758543968200684 
vt 0.8701413869857788 0.050000011920928955 
vt 0.8798999786376953 0.04024142026901245 
vt 0.36024144291877747 0.960099995136261 
vt 0.39990001916885376 0.960099995136261 
vt 0.39990001916885376 0.9997586011886597 
vt 0.11989999562501907 0.7597585916519165 
vt 0.10014142096042633 0.7400000095367432 
vt 0.11989999562501907 0.7202414274215698 
vt 0.11975857615470886 0.7200999855995178 
vt 0.09999999403953552 0.7398586273193359 
vt 0.08024141937494278 0.7200999855995178 
vt 0.6999000310897827 0.14024144411087036 
vt 0.6999000310897827 0.1599000096321106 
vt 0.6802414059638977 0.1599000096321106 
vt 0.7199000120162964 0.12024146318435669 
vt 0.7199000120162964 0.13990002870559692 
vt 0.7002414464950562 0.13990002870559692 
vt 0.1200999990105629 0.7202414274215698 
vt 0.13985857367515564 0.7400000095367432 
vt 0.1200999990105629 0.7597585320472717 
vt 0.12024141848087311 0.7598999738693237 
vt 0.14000000059604645 0.7401413917541504 
vt 0.1597585678100586 0.7598999738693237 
vt 0.7002414464950562 0.14010006189346313 
vt 0.7199000120162964 0.14010006189346313 
vt 0.7199000120162964 0.15975862741470337 
vt 0.6802414059638977 0.12010002136230469 
vt 0.6999000310897827 0.12010002136230469 
vt 0.6999000310897827 0.1397586464881897 
vt 0.1598999947309494 0.7597585916519165 
vt 0.14014141261577606 0.7400000095367432 
vt 0.1598999947309494 0.7202414274215698 
vt 0.1597585678100586 0.7200999855995178 
vt 0.14000000059604645 0.7398586273193359 
vt 0.12024141848087311 0.7200999855995178 
vt 0.7001000046730042 0.1397586464881897 
vt 0.7001000046730042 0.12010002136230469 
vt 0.7197585701942444 0.12010002136230469 
vt 0.7201000452041626 0.1597585678100586 
vt 0.7201000452041626 0.14010006189346313 
vt 0.7397586107254028 0.14010006189346313 
vt 0.16009999811649323 0.7202414274215698 
vt 0.17985858023166656 0.7400000095367432 
vt 0.16009999811649323 0.7597585320472717 
vt 0.16024142503738403 0.7598999738693237 
vt 0.17999999225139618 0.7401413917541504 
vt 0.19975857436656952 0.7598999738693237 
vt 0.7397586107254028 0.13990002870559692 
vt 0.7201000452041626 0.13990002870559692 
vt 0.7201000452041626 0.12024146318435669 
vt 0.7597585916519165 0.1599000096321106 
vt 0.7401000261306763 0.1599000096321106 
vt 0.7401000261306763 0.14024144411087036 
vt 0.19990000128746033 0.7597585916519165 
vt 0.180141419172287 0.7400000095367432 
vt 0.19990000128746033 0.7202414274215698 
vt 0.19975857436656952 0.7200999855995178 
vt 0.17999999225139618 0.7398586273193359 
vt 0.16024142503738403 0.7200999855995178 
vt 0.20010000467300415 0.7202414274215698 
vt 0.2198585867881775 0.7400000095367432 
vt 0.20010000467300415 0.7597585320472717 
vt 0.20024143159389496 0.7598999738693237 
vt 0.2199999988079071 0.7401413917541504 
vt 0.23975858092308044 0.7598999738693237 
vt 0.23989999294281006 0.7597585916519165 
vt 0.2201414257287979 0.7400000095367432 
vt 0.23989999294281006 0.7202414274215698 
vt 0.23975858092308044 0.7200999855995178 
vt 0.2199999988079071 0.7398586273193359 
vt 0.20024143159389496 0.7200999855995178 
vt 0.24009999632835388 0.7202414274215698 
vt 0.2598585784435272 0.7400000095367432 
vt 0.24009999632835388 0.7597585320472717 
vt 0.2402414232492447 0.7598999738693237 
vt 0.25999999046325684 0.7401413917541504 
vt 0.2797585725784302 0.7598999738693237 
vt 0.2798999845981598 0.7597585916519165 
vt 0.26014140248298645 0.7400000095367432 
vt 0.2798999845981598 0.7202414274215698 
vt 0.2797585725784302 0.7200999855995178 
vt 0.25999999046325684 0.7398586273193359 
vt 0.2402414232492447 0.7200999855995178 
vt 0.2800999879837036 0.7202414274215698 
vt 0.29985857009887695 0.7400000095367432 
vt 0.2800999879837036 0.7597585320472717 
vt 0.2802414298057556 0.7598999738693237 
vt 0.30000001192092896 0.7401413917541504 
vt 0.3197585940361023 0.7598999738693237 
vt 0.3199000060558319 0.7597585916519165 
vt 0.30014142394065857 0.7400000095367432 
vt 0.3199000060558319 0.7202414274215698 
vt 0.8798999786376953 0.07975858449935913 
vt 0.8701413869857788 0.06999999284744263 
vt 0.8798999786376953 0.0602414608001709 
vt 0.3197585642337799 0.7200999855995178 
vt 0.30000001192092896 0.7398586273193359 
vt 0.2802414298057556 0.7200999855995178 
vt 0.32009997963905334 0.7202414274215698 
vt 0.3398585617542267 0.7400000095367432 
vt 0.32009997963905334 0.7597585320472717 
vt 0.32024142146110535 0.7598999738693237 
vt 0.3400000035762787 0.7401413917541504 
vt 0.35975855588912964 0.7598999738693237 
vt 0.35989999771118164 0.7597585916519165 
vt 0.3401414155960083 0.7400000095367432 
vt 0.35989999771118164 0.7202414274215698 
vt 0.35975855588912964 0.7200999855995178 
vt 0.3400000035762787 0.7398586273193359 
vt 0.32024142146110535 0.7200999855995178 
vt 0.8797585368156433 0.060100018978118896 
vt 0.8699999451637268 0.0698586106300354 
vt 0.8602414131164551 0.060100018978118896 
vt 0.7399000525474548 0.14024144411087036 
vt 0.7399000525474548 0.1599000096321106 
vt 0.7202414274215698 0.1599000096321106 
vt 0.5402414202690125 0.039900004863739014 
vt 0.5449999570846558 0.03514140844345093 
vt 0.5497585535049438 0.039900004863739014 
vt 0.36010000109672546 0.7597585320472717 
vt 0.36010000109672546 0.7202414274215698 
vt 0.3798585832118988 0.7400000095367432 
vt 0.4397585988044739 0.9998999834060669 
vt 0.4000999927520752 0.9998999834060669 
vt 0.4000999927520752 0.960241436958313 
vt 0.7599000334739685 0.12024146318435669 
vt 0.7599000334739685 0.13990002870559692 
vt 0.7402414679527283 0.13990002870559692 
vt 0.36024144291877747 0.7598999738693237 
vt 0.3800000250339508 0.7401413917541504 
vt 0.39975857734680176 0.7598999738693237 
vt 0.7402414679527283 0.14010006189346313 
vt 0.7599000334739685 0.14010006189346313 
vt 0.7599000334739685 0.15975862741470337 
vt 0.39990001916885376 0.7597585916519165 
vt 0.3801414370536804 0.7400000095367432 
vt 0.39990001916885376 0.7202414274215698 
vt 0.8598999977111816 0.05975860357284546 
vt 0.8501414060592651 0.050000011920928955 
vt 0.8598999977111816 0.04024142026901245 
vt 0.8597585558891296 0.04009997844696045 
vt 0.8499999642372131 0.04985862970352173 
vt 0.8402413725852966 0.04009997844696045 
vt 0.8797585368156433 0.04009997844696045 
vt 0.8699999451637268 0.04985862970352173 
vt 0.8602414131164551 0.04009997844696045 
vt 0.4002414345741272 0.960099995136261 
vt 0.4399000108242035 0.960099995136261 
vt 0.4399000108242035 0.9997586011886597 
vt 0.39975857734680176 0.7200999855995178 
vt 0.3800000250339508 0.7398586273193359 
vt 0.36024144291877747 0.7200999855995178 
vt 0.4000999927520752 0.7202414274215698 
vt 0.41985857486724854 0.7400000095367432 
vt 0.4000999927520752 0.7597585320472717 
vt 0.4002414345741272 0.7598999738693237 
vt 0.42000001668930054 0.7401413917541504 
vt 0.4397585988044739 0.7598999738693237 
vt 0.4399000108242035 0.7597585916519165 
vt 0.42014142870903015 0.7400000095367432 
vt 0.4399000108242035 0.7202414274215698 
vt 0.4397585690021515 0.7200999855995178 
vt 0.42000001668930054 0.7398586273193359 
vt 0.4002414345741272 0.7200999855995178 
vt 0.4400999844074249 0.7202414274215698 
vt 0.45985856652259827 0.7400000095367432 
vt 0.4400999844074249 0.7597585320472717 
vt 0.44024142622947693 0.7598999738693237 
vt 0.46000000834465027 0.7401413917541504 
vt 0.4797585606575012 0.7598999738693237 
vt 0.4799000024795532 0.7597585916519165 
vt 0.4601414203643799 0.7400000095367432 
vt 0.4799000024795532 0.7202414274215698 
vt 0.4797585606575012 0.7200999855995178 
vt 0.46000000834465027 0.7398586273193359 
vt 0.44024142622947693 0.7200999855995178 
vt 0.48009997606277466 0.7202414274215698 
vt 0.499858558177948 0.7400000095367432 
vt 0.48009997606277466 0.7597585320472717 
vt 0.48024141788482666 0.7598999738693237 
vt 0.5 0.7401413917541504 
vt 0.5197585821151733 0.7598999738693237 
vt 0.5198999643325806 0.7597585916519165 
vt 0.5001413822174072 0.7400000095367432 
vt 0.5198999643325806 0.7202414274215698 
vt 0.5197585821151733 0.7200999855995178 
vt 0.5 0.7398586273193359 
vt 0.48024141788482666 0.7200999855995178 
vt 0.8600999712944031 0.04024142026901245 
vt 0.8698585629463196 0.050000011920928955 
vt 0.8600999712944031 0.05975860357284546 
vt 0.5200999975204468 0.7202414274215698 
vt 0.5398585796356201 0.7400000095367432 
vt 0.5200999975204468 0.7597585320472717 
vt 0.520241379737854 0.7598999738693237 
vt 0.5399999618530273 0.7401413917541504 
vt 0.5597585439682007 0.7598999738693237 
vt 0.5598999857902527 0.7597585916519165 
vt 0.5401414036750793 0.7400000095367432 
vt 0.5598999857902527 0.7202414274215698 
vt 0.5597585439682007 0.7200999855995178 
vt 0.5399999618530273 0.7398586273193359 
vt 0.520241379737854 0.7200999855995178 
vt 0.5601000189781189 0.7202414274215698 
vt 0.5798586010932922 0.7400000095367432 
vt 0.5601000189781189 0.7597585320472717 
vt 0.8997585773468018 0.060100018978118896 
vt 0.8899999856948853 0.0698586106300354 
vt 0.8802413940429688 0.060100018978118896 
vt 0.7202414274215698 0.12010002136230469 
vt 0.7399000525474548 0.12010002136230469 
vt 0.7399000525474548 0.1397586464881897 
vt 0.5498999953269958 0.03975856304168701 
vt 0.5451413989067078 0.0350000262260437 
vt 0.5498999953269958 0.030241429805755615 
vt 0.7401000261306763 0.1397586464881897 
vt 0.7401000261306763 0.12010002136230469 
vt 0.7597585916519165 0.12010002136230469 
vt 0.5602414011955261 0.7598999738693237 
vt 0.5799999833106995 0.7401413917541504 
vt 0.5997585654258728 0.7598999738693237 
vt 0.7601000070571899 0.1597585678100586 
vt 0.7601000070571899 0.14010006189346313 
vt 0.7797585725784302 0.14010006189346313 
vt 0.5999000072479248 0.7597585916519165 
vt 0.5801414251327515 0.7400000095367432 
vt 0.5999000072479248 0.7202414274215698 
vt 0.5997585654258728 0.7200999855995178 
vt 0.5799999833106995 0.7398586273193359 
vt 0.5602414011955261 0.7200999855995178 
vt 0.600100040435791 0.7202414274215698 
vt 0.6198586225509644 0.7400000095367432 
vt 0.600100040435791 0.7597585320472717 
vt 0.8801000118255615 0.0602414608001709 
vt 0.889858603477478 0.06999999284744263 
vt 0.8801000118255615 0.07975852489471436 
vt 0.8801000118255615 0.04024142026901245 
vt 0.889858603477478 0.050000011920928955 
vt 0.8801000118255615 0.059758543968200684 
vt 0.8802413940429688 0.059899985790252686 
vt 0.8899999856948853 0.05014139413833618 
vt 0.8997585773468018 0.059899985790252686 
vt 0.4797585606575012 0.9998999834060669 
vt 0.4400999844074249 0.9998999834060669 
vt 0.4400999844074249 0.960241436958313 
vt 0.6002414226531982 0.7598999738693237 
vt 0.6200000047683716 0.7401413917541504 
vt 0.6397585868835449 0.7598999738693237 
vt 0.6399000287055969 0.7597585916519165 
vt 0.6201414465904236 0.7400000095367432 
vt 0.6399000287055969 0.7202414274215698 
vt 0.6397585868835449 0.7200999855995178 
vt 0.6200000047683716 0.7398586273193359 
vt 0.6002414226531982 0.7200999855995178 
vt 0.4700999855995178 0.00975865125656128 
vt 0.4700999855995178 0.00010001659393310547 
vt 0.4797585606575012 0.00010001659393310547 
vt 0.6401000022888184 0.7202414274215698 
vt 0.6598585844039917 0.7400000095367432 
vt 0.6401000022888184 0.7597585320472717 
vt 0.6402413845062256 0.7598999738693237 
vt 0.6599999666213989 0.7401413917541504 
vt 0.6797585487365723 0.7598999738693237 
vt 0.6798999905586243 0.7597585916519165 
vt 0.6601414084434509 0.7400000095367432 
vt 0.6798999905586243 0.7202414274215698 
vt 0.6599999666213989 0.7398586273193359 
vt 0.6402413845062256 0.7200999855995178 
vt 0.6797585487365723 0.7200999855995178 
vt 0.6801000237464905 0.7202414274215698 
vt 0.6998586058616638 0.7400000095367432 
vt 0.6801000237464905 0.7597585320472717 
vt 0.6802414059638977 0.7598999738693237 
vt 0.699999988079071 0.7401413917541504 
vt 0.7197585701942444 0.7598999738693237 
vt 0.700141429901123 0.7400000095367432 
vt 0.7199000120162964 0.7202414274215698 
vt 0.7199000120162964 0.7597585916519165 
vt 0.7197585701942444 0.7200999855995178 
vt 0.699999988079071 0.7398586273193359 
vt 0.6802414059638977 0.7200999855995178 
vt 0.460099995136261 0.019758641719818115 
vt 0.460099995136261 0.010100066661834717 
vt 0.4697585701942444 0.010100066661834717 
vt 0.460099995136261 0.009900033473968506 
vt 0.460099995136261 0.00024145841598510742 
vt 0.4697585701942444 0.009900033473968506 
vt 0.48024141788482666 0.020100057125091553 
vt 0.48989999294281006 0.020100057125091553 
vt 0.48989999294281006 0.02975863218307495 
vt 0.7201000452041626 0.7202414274215698 
vt 0.7398586273193359 0.7400000095367432 
vt 0.7201000452041626 0.7597585320472717 
vt 0.7400000095367432 0.7401413917541504 
vt 0.7597585916519165 0.7598999738693237 
vt 0.7202414274215698 0.7598999738693237 
vt 0.7599000334739685 0.7597585916519165 
vt 0.7401414513587952 0.7400000095367432 
vt 0.7599000334739685 0.7202414274215698 
vt 0.7597585916519165 0.7200999855995178 
vt 0.7400000095367432 0.7398586273193359 
vt 0.7202414274215698 0.7200999855995178 
vt 0.7798585891723633 0.7400000095367432 
vt 0.7601000070571899 0.7597585320472717 
vt 0.7601000070571899 0.7202414274215698 
vt 0.7602413892745972 0.7598999738693237 
vt 0.7799999713897705 0.7401413917541504 
vt 0.7997585535049438 0.7598999738693237 
vt 0.7998999953269958 0.7597585916519165 
vt 0.7801414132118225 0.7400000095367432 
vt 0.7998999953269958 0.7202414274215698 
vt 0.7799999713897705 0.7398586273193359 
vt 0.7602413892745972 0.7200999855995178 
vt 0.7997585535049438 0.7200999855995178 
vt 0.8001000285148621 0.7202414274215698 
vt 0.8198586106300354 0.7400000095367432 
vt 0.8001000285148621 0.7597585320472717 
vt 0.44024142622947693 0.960099995136261 
vt 0.4799000024795532 0.960099995136261 
vt 0.4799000024795532 0.9997586011886597 
vt 0.48009997606277466 0.9998999834060669 
vt 0.48009997606277466 0.960241436958313 
vt 0.5197585821151733 0.9998999834060669 
vt 0.48024141788482666 0.960099995136261 
vt 0.5198999643325806 0.960099995136261 
vt 0.5198999643325806 0.9997586011886597 
vt 0.9000999927520752 0.06024140119552612 
vt 0.9098585844039917 0.06999999284744263 
vt 0.9000999927520752 0.07975852489471436 
vt 0.9099999666213989 0.07014137506484985 
vt 0.9197585582733154 0.07989996671676636 
vt 0.9002414345741272 0.07989996671676636 
vt 0.8802413940429688 0.07989996671676636 
vt 0.8899999856948853 0.07014137506484985 
vt 0.8997585773468018 0.07989996671676636 
vt 0.8999000191688538 0.07975852489471436 
vt 0.8901414275169373 0.06999999284744263 
vt 0.8999000191688538 0.06024140119552612 
vt 0.9099999666213989 0.05014139413833618 
vt 0.9197585582733154 0.059899985790252686 
vt 0.9002414345741272 0.059899985790252686 
vt 0.9199000000953674 0.059758543968200684 
vt 0.9101414084434509 0.050000011920928955 
vt 0.9199000000953674 0.04024142026901245 
vt 0.9199000000953674 0.07975858449935913 
vt 0.9101414084434509 0.06999999284744263 
vt 0.9199000000953674 0.0602414608001709 
vt 0.9099999666213989 0.0698586106300354 
vt 0.9002414345741272 0.060100018978118896 
vt 0.9197585582733154 0.060100018978118896 
vt 0.8999000191688538 0.05975860357284546 
vt 0.8901414275169373 0.050000011920928955 
vt 0.8999000191688538 0.04024142026901245 
vt 0.8002414107322693 0.7598999738693237 
vt 0.8199999928474426 0.7401413917541504 
vt 0.839758574962616 0.7598999738693237 
vt 0.8201414346694946 0.7400000095367432 
vt 0.839900016784668 0.7202414274215698 
vt 0.839900016784668 0.7597585916519165 
vt 0.839758574962616 0.7200999855995178 
vt 0.8199999928474426 0.7398586273193359 
vt 0.8002414107322693 0.7200999855995178 
vt 0.8400999903678894 0.7202414274215698 
vt 0.8598585724830627 0.7400000095367432 
vt 0.8400999903678894 0.7597585320472717 
vt 0.85999995470047 0.7401413917541504 
vt 0.8797585368156433 0.7598999738693237 
vt 0.8402413725852966 0.7598999738693237 
vt 0.8798999786376953 0.7597585916519165 
vt 0.860141396522522 0.7400000095367432 
vt 0.8798999786376953 0.7202414274215698 
vt 0.8797585368156433 0.7200999855995178 
vt 0.85999995470047 0.7398586273193359 
vt 0.8402413725852966 0.7200999855995178 
vt 0.8998585939407349 0.7400000095367432 
vt 0.8801000118255615 0.7597585320472717 
vt 0.8801000118255615 0.7202414274215698 
vt 0.8802413940429688 0.7598999738693237 
vt 0.8999999761581421 0.7401413917541504 
vt 0.9197585582733154 0.7598999738693237 
vt 0.7797585725784302 0.13990002870559692 
vt 0.7601000070571899 0.13990002870559692 
vt 0.7601000070571899 0.12024146318435669 
vt 0.7800999879837036 0.1599000096321106 
vt 0.7800999879837036 0.14024144411087036 
vt 0.7997585535049438 0.1599000096321106 
vt 0.7799000144004822 0.14024144411087036 
vt 0.7799000144004822 0.1599000096321106 
vt 0.7602413892745972 0.1599000096321106 
vt 0.9199000000953674 0.7597585916519165 
vt 0.9001414179801941 0.7400000095367432 
vt 0.9199000000953674 0.7202414274215698 
vt 0.8999999761581421 0.7398586273193359 
vt 0.8802413940429688 0.7200999855995178 
vt 0.9197585582733154 0.7200999855995178 
vt 0.9201000332832336 0.7202414274215698 
vt 0.939858615398407 0.7400000095367432 
vt 0.9201000332832336 0.7597585320472717 
vt 0.7998999953269958 0.12024146318435669 
vt 0.7998999953269958 0.13990002870559692 
vt 0.7802414298057556 0.13990002870559692 
vt 0.7998999953269958 0.14010006189346313 
vt 0.7998999953269958 0.15975862741470337 
vt 0.7802414298057556 0.14010006189346313 
vt 0.7602413892745972 0.12010002136230469 
vt 0.7799000144004822 0.12010002136230469 
vt 0.7799000144004822 0.1397586464881897 
vt 0.5300999879837036 0.030241429805755615 
vt 0.5348585844039917 0.0350000262260437 
vt 0.5300999879837036 0.03975856304168701 
vt 0.5349999666213989 0.03514140844345093 
vt 0.539758563041687 0.039900004863739014 
vt 0.5302414298057556 0.039900004863739014 
vt 0.520241379737854 0.039900004863739014 
vt 0.5249999761581421 0.03514140844345093 
vt 0.5297585725784302 0.039900004863739014 
vt 0.7800999879837036 0.1397586464881897 
vt 0.7800999879837036 0.12010002136230469 
vt 0.7997585535049438 0.12010002136230469 
vt 0.8001000285148621 0.14010006189346313 
vt 0.8197585940361023 0.14010006189346313 
vt 0.8001000285148621 0.1597585678100586 
vt 0.8197585940361023 0.13990002870559692 
vt 0.8001000285148621 0.13990002870559692 
vt 0.8001000285148621 0.12024146318435669 
vt 0.8997585773468018 0.04009997844696045 
vt 0.8899999856948853 0.04985862970352173 
vt 0.8802413940429688 0.04009997844696045 
vt 0.9099999666213989 0.04985862970352173 
vt 0.9002414345741272 0.04009997844696045 
vt 0.9197585582733154 0.04009997844696045 
vt 0.9000999927520752 0.04024142026901245 
vt 0.9098585844039917 0.050000011920928955 
vt 0.9000999927520752 0.05975860357284546 
vt 0.9202414155006409 0.7598999738693237 
vt 0.9399999976158142 0.7401413917541504 
vt 0.9597585797309875 0.7598999738693237 
vt 0.9401414394378662 0.7400000095367432 
vt 0.9599000215530396 0.7202414274215698 
vt 0.9599000215530396 0.7597585916519165 
vt 0.9597585797309875 0.7200999855995178 
vt 0.9399999976158142 0.7398586273193359 
vt 0.9202414155006409 0.7200999855995178 
vt 0.960099995136261 0.7202414274215698 
vt 0.9798585772514343 0.7400000095367432 
vt 0.960099995136261 0.7597585320472717 
vt 0.9799999594688416 0.7401413917541504 
vt 0.9997585415840149 0.7598999738693237 
vt 0.9602413773536682 0.7598999738693237 
vt 0.9998999834060669 0.7597585916519165 
vt 0.9801414012908936 0.7400000095367432 
vt 0.9998999834060669 0.7202414274215698 
vt 0.9997585415840149 0.7200999855995178 
vt 0.9799999594688416 0.7398586273193359 
vt 0.9602413773536682 0.7200999855995178 
vt 0.019858578220009804 0.7000000476837158 
vt 9.999999747378752e-05 0.7197585105895996 
vt 9.999999747378752e-05 0.6802414655685425 
vt 0.000241421366808936 0.7199000120162964 
vt 0.020000001415610313 0.700141429901123 
vt 0.039758577942848206 0.7199000120162964 
vt 0.03989999741315842 0.7197586297988892 
vt 0.020141419023275375 0.7000000476837158 
vt 0.03989999741315842 0.6802414655685425 
vt 0.019999999552965164 0.6998586654663086 
vt 0.00024142135225702077 0.6800999641418457 
vt 0.03975857421755791 0.6800999641418457 
vt 0.04010000079870224 0.6802414655685425 
vt 0.05985857546329498 0.7000000476837158 
vt 0.04010000079870224 0.7197585105895996 
vt 0.04024142026901245 0.7199000120162964 
vt 0.06000000238418579 0.700141429901123 
vt 0.07975857704877853 0.7199000120162964 
vt 0.060141418129205704 0.7000000476837158 
vt 0.07989999651908875 0.6802414655685425 
vt 0.07989999651908875 0.7197586297988892 
vt 0.07975856959819794 0.6800999641418457 
vt 0.05999999865889549 0.6998586654663086 
vt 0.04024142026901245 0.6800999641418457 
vt 0.9397585988044739 0.060100018978118896 
vt 0.9300000071525574 0.0698586106300354 
vt 0.9202414155006409 0.060100018978118896 
vt 0.9298585653305054 0.06999999284744263 
vt 0.9201000332832336 0.07975852489471436 
vt 0.9201000332832336 0.0602414608001709 
vt 0.9201000332832336 0.04024142026901245 
vt 0.9298585653305054 0.050000011920928955 
vt 0.9201000332832336 0.059758543968200684 
vt 0.08009999990463257 0.6802414655685425 
vt 0.09985857456922531 0.7000000476837158 
vt 0.08009999990463257 0.7197585105895996 
vt 0.10000000149011612 0.700141429901123 
vt 0.11975857615470886 0.7199000120162964 
vt 0.08024141937494278 0.7199000120162964 
vt 0.11989999562501907 0.7197586297988892 
vt 0.10014142096042633 0.7000000476837158 
vt 0.11989999562501907 0.6802414655685425 
vt 0.11975857615470886 0.6800999641418457 
vt 0.09999999403953552 0.6998586654663086 
vt 0.08024141937494278 0.6800999641418457 
vt 0.13985857367515564 0.7000000476837158 
vt 0.1200999990105629 0.7197585105895996 
vt 0.1200999990105629 0.6802414655685425 
vt 0.12024141848087311 0.7199000120162964 
vt 0.14000000059604645 0.700141429901123 
vt 0.1597585678100586 0.7199000120162964 
vt 0.1598999947309494 0.7197586297988892 
vt 0.14014141261577606 0.7000000476837158 
vt 0.1598999947309494 0.6802414655685425 
vt 0.14000000059604645 0.6998586654663086 
vt 0.12024141848087311 0.6800999641418457 
vt 0.1597585678100586 0.6800999641418457 
vt 0.16009999811649323 0.6802414655685425 
vt 0.17985858023166656 0.7000000476837158 
vt 0.16009999811649323 0.7197585105895996 
vt 0.16024142503738403 0.7199000120162964 
vt 0.17999999225139618 0.700141429901123 
vt 0.19975857436656952 0.7199000120162964 
vt 0.180141419172287 0.7000000476837158 
vt 0.19990000128746033 0.6802414655685425 
vt 0.19990000128746033 0.7197586297988892 
vt 0.19975857436656952 0.6800999641418457 
vt 0.17999999225139618 0.6998586654663086 
vt 0.16024142503738403 0.6800999641418457 
vt 0.20010000467300415 0.6802414655685425 
vt 0.2198585867881775 0.7000000476837158 
vt 0.20010000467300415 0.7197585105895996 
vt 0.2199999988079071 0.700141429901123 
vt 0.23975858092308044 0.7199000120162964 
vt 0.20024143159389496 0.7199000120162964 
vt 0.23989999294281006 0.7197586297988892 
vt 0.2201414257287979 0.7000000476837158 
vt 0.23989999294281006 0.6802414655685425 
vt 0.23975858092308044 0.6800999641418457 
vt 0.2199999988079071 0.6998586654663086 
vt 0.20024143159389496 0.6800999641418457 
vt 0.2598585784435272 0.7000000476837158 
vt 0.24009999632835388 0.7197585105895996 
vt 0.24009999632835388 0.6802414655685425 
vt 0.2402414232492447 0.7199000120162964 
vt 0.25999999046325684 0.700141429901123 
vt 0.2797585725784302 0.7199000120162964 
vt 0.2798999845981598 0.7197586297988892 
vt 0.26014140248298645 0.7000000476837158 
vt 0.2798999845981598 0.6802414655685425 
vt 0.25999999046325684 0.6998586654663086 
vt 0.2402414232492447 0.6800999641418457 
vt 0.2797585725784302 0.6800999641418457 
vt 0.2800999879837036 0.6802414655685425 
vt 0.29985857009887695 0.7000000476837158 
vt 0.2800999879837036 0.7197585105895996 
vt 0.2802414298057556 0.7199000120162964 
vt 0.30000001192092896 0.700141429901123 
vt 0.3197585940361023 0.7199000120162964 
vt 0.30014142394065857 0.7000000476837158 
vt 0.3199000060558319 0.6802414655685425 
vt 0.3199000060558319 0.7197586297988892 
vt 0.3197585642337799 0.6800999641418457 
vt 0.30000001192092896 0.6998586654663086 
vt 0.2802414298057556 0.6800999641418457 
vt 0.32009997963905334 0.6802414655685425 
vt 0.3398585617542267 0.7000000476837158 
vt 0.32009997963905334 0.7197585105895996 
vt 0.3400000035762787 0.700141429901123 
vt 0.35975855588912964 0.7199000120162964 
vt 0.32024142146110535 0.7199000120162964 
vt 0.35989999771118164 0.7197586297988892 
vt 0.3401414155960083 0.7000000476837158 
vt 0.35989999771118164 0.6802414655685425 
vt 0.35975855588912964 0.6800999641418457 
vt 0.3400000035762787 0.6998586654663086 
vt 0.32024142146110535 0.6800999641418457 
vt 0.3798585832118988 0.7000000476837158 
vt 0.36010000109672546 0.7197585105895996 
vt 0.36010000109672546 0.6802414655685425 
vt 0.36024144291877747 0.7199000120162964 
vt 0.3800000250339508 0.700141429901123 
vt 0.39975857734680176 0.7199000120162964 
vt 0.39990001916885376 0.7197586297988892 
vt 0.3801414370536804 0.7000000476837158 
vt 0.39990001916885376 0.6802414655685425 
vt 0.3800000250339508 0.6998586654663086 
vt 0.36024144291877747 0.6800999641418457 
vt 0.39975857734680176 0.6800999641418457 
vt 0.4000999927520752 0.6802414655685425 
vt 0.41985857486724854 0.7000000476837158 
vt 0.4000999927520752 0.7197585105895996 
vt 0.4002414345741272 0.7199000120162964 
vt 0.42000001668930054 0.700141429901123 
vt 0.4397585988044739 0.7199000120162964 
vt 0.42014142870903015 0.7000000476837158 
vt 0.4399000108242035 0.6802414655685425 
vt 0.4399000108242035 0.7197586297988892 
vt 0.4397585690021515 0.6800999641418457 
vt 0.42000001668930054 0.6998586654663086 
vt 0.4002414345741272 0.6800999641418457 
vt 0.4400999844074249 0.6802414655685425 
vt 0.45985856652259827 0.7000000476837158 
vt 0.4400999844074249 0.7197585105895996 
vt 0.46000000834465027 0.700141429901123 
vt 0.4797585606575012 0.7199000120162964 
vt 0.44024142622947693 0.7199000120162964 
vt 0.4799000024795532 0.7197586297988892 
vt 0.4601414203643799 0.7000000476837158 
vt 0.4799000024795532 0.6802414655685425 
vt 0.5597585439682007 0.9998999834060669 
vt 0.5200999975204468 0.9998999834060669 
vt 0.5200999975204468 0.960241436958313 
vt 0.5598999857902527 0.960099995136261 
vt 0.5598999857902527 0.9997586011886597 
vt 0.520241379737854 0.960099995136261 
vt 0.5997585654258728 0.9998999834060669 
vt 0.5601000189781189 0.9998999834060669 
vt 0.5601000189781189 0.960241436958313 
vt 0.9202414155006409 0.059899985790252686 
vt 0.9300000071525574 0.05014139413833618 
vt 0.9397585988044739 0.059899985790252686 
vt 0.9498586058616638 0.06999999284744263 
vt 0.9401000142097473 0.07975852489471436 
vt 0.9401000142097473 0.06024140119552612 
vt 0.9402414560317993 0.07989996671676636 
vt 0.9500000476837158 0.07014137506484985 
vt 0.9597585797309875 0.07989996671676636 
vt 0.9202414155006409 0.07989996671676636 
vt 0.9300000071525574 0.07014137506484985 
vt 0.9397585988044739 0.07989996671676636 
vt 0.9301414489746094 0.06999999284744263 
vt 0.9399000406265259 0.06024140119552612 
vt 0.9399000406265259 0.07975852489471436 
vt 0.9402414560317993 0.059899985790252686 
vt 0.949999988079071 0.05014139413833618 
vt 0.9597585797309875 0.059899985790252686 
vt 0.9599000215530396 0.059758543968200684 
vt 0.950141429901123 0.050000011920928955 
vt 0.9599000215530396 0.04024142026901245 
vt 0.950141429901123 0.06999999284744263 
vt 0.9599000215530396 0.0602414608001709 
vt 0.9599000215530396 0.07975858449935913 
vt 0.9597585797309875 0.060100018978118896 
vt 0.949999988079071 0.0698586106300354 
vt 0.9402414560317993 0.060100018978118896 
vt 0.4797585606575012 0.6800999641418457 
vt 0.46000000834465027 0.6998586654663086 
vt 0.44024142622947693 0.6800999641418457 
vt 0.499858558177948 0.7000000476837158 
vt 0.48009997606277466 0.7197585105895996 
vt 0.48009997606277466 0.6802414655685425 
vt 0.48024141788482666 0.7199000120162964 
vt 0.5 0.700141429901123 
vt 0.5197585821151733 0.7199000120162964 
vt 0.839758574962616 0.1599000096321106 
vt 0.8201000094413757 0.1599000096321106 
vt 0.8201000094413757 0.14024144411087036 
vt 0.8199000358581543 0.1599000096321106 
vt 0.8002414107322693 0.1599000096321106 
vt 0.8199000358581543 0.14024144411087036 
vt 0.839900016784668 0.12024146318435669 
vt 0.839900016784668 0.13990002870559692 
vt 0.8202414512634277 0.13990002870559692 
vt 0.5198999643325806 0.7197586297988892 
vt 0.5001413822174072 0.7000000476837158 
vt 0.5198999643325806 0.6802414655685425 
vt 0.5 0.6998586654663086 
vt 0.48024141788482666 0.6800999641418457 
vt 0.5197585821151733 0.6800999641418457 
vt 0.5200999975204468 0.6802414655685425 
vt 0.5398585796356201 0.7000000476837158 
vt 0.5200999975204468 0.7197585105895996 
vt 0.8202414512634277 0.14010006189346313 
vt 0.839900016784668 0.14010006189346313 
vt 0.839900016784668 0.15975862741470337 
vt 0.8199000358581543 0.12010002136230469 
vt 0.8199000358581543 0.1397586464881897 
vt 0.8002414107322693 0.12010002136230469 
vt 0.8201000094413757 0.1397586464881897 
vt 0.8201000094413757 0.12010002136230469 
vt 0.839758574962616 0.12010002136230469 
vt 0.5602414011955261 0.960099995136261 
vt 0.5999000072479248 0.960099995136261 
vt 0.5999000072479248 0.9997586011886597 
vt 0.600100040435791 0.9998999834060669 
vt 0.600100040435791 0.960241436958313 
vt 0.6397585868835449 0.9998999834060669 
vt 0.6002414226531982 0.960099995136261 
vt 0.6399000287055969 0.960099995136261 
vt 0.6399000287055969 0.9997586011886597 
vt 0.5597585439682007 0.7199000120162964 
vt 0.520241379737854 0.7199000120162964 
vt 0.5399999618530273 0.700141429901123 
vt 0.5598999857902527 0.7197586297988892 
vt 0.5401414036750793 0.7000000476837158 
vt 0.5598999857902527 0.6802414655685425 
vt 0.520241379737854 0.6800999641418457 
vt 0.5597585439682007 0.6800999641418457 
vt 0.5399999618530273 0.6998586654663086 
vt 0.5298999547958374 0.03975856304168701 
vt 0.5251414179801941 0.0350000262260437 
vt 0.5298999547958374 0.030241429805755615 
vt 0.5349999666213989 0.025141417980194092 
vt 0.539758563041687 0.029900014400482178 
vt 0.5302414298057556 0.029900014400482178 
vt 0.539900004863739 0.029758572578430176 
vt 0.5351414084434509 0.025000035762786865 
vt 0.539900004863739 0.02024143934249878 
vt 0.8400999903678894 0.1597585678100586 
vt 0.8400999903678894 0.14010006189346313 
vt 0.8597585558891296 0.14010006189346313 
vt 0.8400999903678894 0.13990002870559692 
vt 0.8400999903678894 0.12024146318435669 
vt 0.8597585558891296 0.13990002870559692 
vt 0.8797585368156433 0.1599000096321106 
vt 0.8600999712944031 0.1599000096321106 
vt 0.8600999712944031 0.14024144411087036 
vt 0.9399000406265259 0.05975860357284546 
vt 0.9301414489746094 0.050000011920928955 
vt 0.9399000406265259 0.04024142026901245 
vt 0.9300000071525574 0.04985862970352173 
vt 0.9202414155006409 0.04009997844696045 
vt 0.9397585988044739 0.04009997844696045 
vt 0.9597585797309875 0.04009997844696045 
vt 0.949999988079071 0.04985862970352173 
vt 0.9402414560317993 0.04009997844696045 
vt 0.5601000189781189 0.6802414655685425 
vt 0.5798586010932922 0.7000000476837158 
vt 0.5601000189781189 0.7197585105895996 
vt 0.5799999833106995 0.700141429901123 
vt 0.5997585654258728 0.7199000120162964 
vt 0.5602414011955261 0.7199000120162964 
vt 0.5999000072479248 0.7197586297988892 
vt 0.5801414251327515 0.7000000476837158 
vt 0.5999000072479248 0.6802414655685425 
vt 0.5997585654258728 0.6800999641418457 
vt 0.5799999833106995 0.6998586654663086 
vt 0.5602414011955261 0.6800999641418457 
vt 0.6198586225509644 0.7000000476837158 
vt 0.600100040435791 0.7197585105895996 
vt 0.600100040435791 0.6802414655685425 
vt 0.6002414226531982 0.7199000120162964 
vt 0.6200000047683716 0.700141429901123 
vt 0.6397585868835449 0.7199000120162964 
vt 0.6399000287055969 0.7197586297988892 
vt 0.6201414465904236 0.7000000476837158 
vt 0.6399000287055969 0.6802414655685425 
vt 0.6200000047683716 0.6998586654663086 
vt 0.6002414226531982 0.6800999641418457 
vt 0.6397585868835449 0.6800999641418457 
vt 0.6401000022888184 0.6802414655685425 
vt 0.6598585844039917 0.7000000476837158 
vt 0.6401000022888184 0.7197585105895996 
vt 0.6402413845062256 0.7199000120162964 
vt 0.6599999666213989 0.700141429901123 
vt 0.6797585487365723 0.7199000120162964 
vt 0.6601414084434509 0.7000000476837158 
vt 0.6798999905586243 0.6802414655685425 
vt 0.6798999905586243 0.7197586297988892 
vt 0.6797585487365723 0.6800999641418457 
vt 0.6599999666213989 0.6998586654663086 
vt 0.6402413845062256 0.6800999641418457 
vt 0.6801000237464905 0.6802414655685425 
vt 0.6998586058616638 0.7000000476837158 
vt 0.6801000237464905 0.7197585105895996 
vt 0.699999988079071 0.700141429901123 
vt 0.7197585701942444 0.7199000120162964 
vt 0.6802414059638977 0.7199000120162964 
vt 0.7199000120162964 0.7197586297988892 
vt 0.700141429901123 0.7000000476837158 
vt 0.7199000120162964 0.6802414655685425 
vt 0.9401000142097473 0.04024142026901245 
vt 0.9498586058616638 0.050000011920928955 
vt 0.9401000142097473 0.05975860357284546 
vt 0.9699999690055847 0.0698586106300354 
vt 0.9602413773536682 0.060100018978118896 
vt 0.9797585606575012 0.060100018978118896 
vt 0.960099995136261 0.0602414608001709 
vt 0.9698585271835327 0.06999999284744263 
vt 0.960099995136261 0.07975852489471436 
vt 0.7197585701942444 0.6800999641418457 
vt 0.699999988079071 0.6998586654663086 
vt 0.6802414059638977 0.6800999641418457 
vt 0.7398586273193359 0.7000000476837158 
vt 0.7201000452041626 0.7197585105895996 
vt 0.7201000452041626 0.6802414655685425 
vt 0.7202414274215698 0.7199000120162964 
vt 0.7400000095367432 0.700141429901123 
vt 0.7597585916519165 0.7199000120162964 
vt 0.7599000334739685 0.7197586297988892 
vt 0.7401414513587952 0.7000000476837158 
vt 0.7599000334739685 0.6802414655685425 
vt 0.7400000095367432 0.6998586654663086 
vt 0.7202414274215698 0.6800999641418457 
vt 0.7597585916519165 0.6800999641418457 
vt 0.7601000070571899 0.6802414655685425 
vt 0.7798585891723633 0.7000000476837158 
vt 0.7601000070571899 0.7197585105895996 
vt 0.7602413892745972 0.7199000120162964 
vt 0.7799999713897705 0.700141429901123 
vt 0.7997585535049438 0.7199000120162964 
vt 0.7801414132118225 0.7000000476837158 
vt 0.7998999953269958 0.6802414655685425 
vt 0.7998999953269958 0.7197586297988892 
vt 0.7997585535049438 0.6800999641418457 
vt 0.7799999713897705 0.6998586654663086 
vt 0.7602413892745972 0.6800999641418457 
vt 0.8001000285148621 0.6802414655685425 
vt 0.8198586106300354 0.7000000476837158 
vt 0.8001000285148621 0.7197585105895996 
vt 0.8199999928474426 0.700141429901123 
vt 0.839758574962616 0.7199000120162964 
vt 0.8002414107322693 0.7199000120162964 
vt 0.839900016784668 0.7197586297988892 
vt 0.8201414346694946 0.7000000476837158 
vt 0.839900016784668 0.6802414655685425 
vt 0.839758574962616 0.6800999641418457 
vt 0.8199999928474426 0.6998586654663086 
vt 0.8002414107322693 0.6800999641418457 
vt 0.8598585724830627 0.7000000476837158 
vt 0.8400999903678894 0.7197585105895996 
vt 0.8400999903678894 0.6802414655685425 
vt 0.8402413725852966 0.7199000120162964 
vt 0.85999995470047 0.700141429901123 
vt 0.8797585368156433 0.7199000120162964 
vt 0.8798999786376953 0.7197586297988892 
vt 0.860141396522522 0.7000000476837158 
vt 0.8798999786376953 0.6802414655685425 
vt 0.85999995470047 0.6998586654663086 
vt 0.8402413725852966 0.6800999641418457 
vt 0.8797585368156433 0.6800999641418457 
vt 0.8801000118255615 0.6802414655685425 
vt 0.8998585939407349 0.7000000476837158 
vt 0.8801000118255615 0.7197585105895996 
vt 0.8802413940429688 0.7199000120162964 
vt 0.8999999761581421 0.700141429901123 
vt 0.9197585582733154 0.7199000120162964 
vt 0.9001414179801941 0.7000000476837158 
vt 0.9199000000953674 0.6802414655685425 
vt 0.9199000000953674 0.7197586297988892 
vt 0.9197585582733154 0.6800999641418457 
vt 0.8999999761581421 0.6998586654663086 
vt 0.8802413940429688 0.6800999641418457 
vt 0.9201000332832336 0.6802414655685425 
vt 0.939858615398407 0.7000000476837158 
vt 0.9201000332832336 0.7197585105895996 
vt 0.9399999976158142 0.700141429901123 
vt 0.9597585797309875 0.7199000120162964 
vt 0.9202414155006409 0.7199000120162964 
vt 0.9599000215530396 0.7197586297988892 
vt 0.9401414394378662 0.7000000476837158 
vt 0.9599000215530396 0.6802414655685425 
vt 0.9597585797309875 0.6800999641418457 
vt 0.9399999976158142 0.6998586654663086 
vt 0.9202414155006409 0.6800999641418457 
vt 0.9798585772514343 0.7000000476837158 
vt 0.960099995136261 0.7197585105895996 
vt 0.960099995136261 0.6802414655685425 
vt 0.9602413773536682 0.7199000120162964 
vt 0.9799999594688416 0.700141429901123 
vt 0.9997585415840149 0.7199000120162964 
vt 0.9998999834060669 0.7197586297988892 
vt 0.9801414012908936 0.7000000476837158 
vt 0.9998999834060669 0.6802414655685425 
vt 0.9799999594688416 0.6998586654663086 
vt 0.9602413773536682 0.6800999641418457 
vt 0.9997585415840149 0.6800999641418457 
vt 9.999999747378752e-05 0.6402414441108704 
vt 0.019858578220009804 0.6600000262260437 
vt 9.999999747378752e-05 0.6797585487365723 
vt 0.000241421366808936 0.6798999905586243 
vt 0.020000001415610313 0.6601414084434509 
vt 0.039758577942848206 0.6798999905586243 
vt 0.020141419023275375 0.6600000262260437 
vt 0.03989999741315842 0.6402414441108704 
vt 0.03989999741315842 0.679758608341217 
vt 0.03975857421755791 0.6401000022888184 
vt 0.019999999552965164 0.6598586440086365 
vt 0.00024142135225702077 0.6401000022888184 
vt 0.04010000079870224 0.6402414441108704 
vt 0.05985857546329498 0.6600000262260437 
vt 0.04010000079870224 0.6797585487365723 
vt 0.06000000238418579 0.6601414084434509 
vt 0.07975857704877853 0.6798999905586243 
vt 0.04024142026901245 0.6798999905586243 
vt 0.07989999651908875 0.679758608341217 
vt 0.060141418129205704 0.6600000262260437 
vt 0.07989999651908875 0.6402414441108704 
vt 0.07975856959819794 0.6401000022888184 
vt 0.05999999865889549 0.6598586440086365 
vt 0.04024142026901245 0.6401000022888184 
vt 0.09985857456922531 0.6600000262260437 
vt 0.08009999990463257 0.6797585487365723 
vt 0.08009999990463257 0.6402414441108704 
vt 0.08024141937494278 0.6798999905586243 
vt 0.10000000149011612 0.6601414084434509 
vt 0.11975857615470886 0.6798999905586243 
vt 0.8598999977111816 0.14024144411087036 
vt 0.8598999977111816 0.1599000096321106 
vt 0.8402413725852966 0.1599000096321106 
vt 0.8798999786376953 0.13990002870559692 
vt 0.8602414131164551 0.13990002870559692 
vt 0.8798999786376953 0.12024146318435669 
vt 0.8602414131164551 0.14010006189346313 
vt 0.8798999786376953 0.14010006189346313 
vt 0.8798999786376953 0.15975862741470337 
vt 0.8402413725852966 0.12010002136230469 
vt 0.8598999977111816 0.12010002136230469 
vt 0.8598999977111816 0.1397586464881897 
vt 0.8600999712944031 0.12010002136230469 
vt 0.8797585368156433 0.12010002136230469 
vt 0.8600999712944031 0.1397586464881897 
vt 0.8801000118255615 0.1597585678100586 
vt 0.8801000118255615 0.14010006189346313 
vt 0.8997585773468018 0.14010006189346313 
vt 0.11989999562501907 0.679758608341217 
vt 0.10014142096042633 0.6600000262260437 
vt 0.11989999562501907 0.6402414441108704 
vt 0.09999999403953552 0.6598586440086365 
vt 0.08024141937494278 0.6401000022888184 
vt 0.11975857615470886 0.6401000022888184 
vt 0.1200999990105629 0.6402414441108704 
vt 0.13985857367515564 0.6600000262260437 
vt 0.1200999990105629 0.6797585487365723 
vt 0.12024141848087311 0.6798999905586243 
vt 0.14000000059604645 0.6601414084434509 
vt 0.1597585678100586 0.6798999905586243 
vt 0.14014141261577606 0.6600000262260437 
vt 0.1598999947309494 0.6402414441108704 
vt 0.1598999947309494 0.679758608341217 
vt 0.1597585678100586 0.6401000022888184 
vt 0.14000000059604645 0.6598586440086365 
vt 0.12024141848087311 0.6401000022888184 
vt 0.8997585773468018 0.13990002870559692 
vt 0.8801000118255615 0.13990002870559692 
vt 0.8801000118255615 0.12024146318435669 
vt 0.9000999927520752 0.1599000096321106 
vt 0.9000999927520752 0.14024144411087036 
vt 0.9197585582733154 0.1599000096321106 
vt 0.8999000191688538 0.14024144411087036 
vt 0.8999000191688538 0.1599000096321106 
vt 0.8802413940429688 0.1599000096321106 
vt 0.9199000000953674 0.12024146318435669 
vt 0.9199000000953674 0.13990002870559692 
vt 0.9002414345741272 0.13990002870559692 
vt 0.9199000000953674 0.14010006189346313 
vt 0.9199000000953674 0.15975862741470337 
vt 0.9002414345741272 0.14010006189346313 
vt 0.8802413940429688 0.12010002136230469 
vt 0.8999000191688538 0.12010002136230469 
vt 0.8999000191688538 0.1397586464881897 
vt 0.16009999811649323 0.6402414441108704 
vt 0.17985858023166656 0.6600000262260437 
vt 0.16009999811649323 0.6797585487365723 
vt 0.17999999225139618 0.6601414084434509 
vt 0.19975857436656952 0.6798999905586243 
vt 0.16024142503738403 0.6798999905586243 
vt 0.19990000128746033 0.679758608341217 
vt 0.180141419172287 0.6600000262260437 
vt 0.19990000128746033 0.6402414441108704 
vt 0.19975857436656952 0.6401000022888184 
vt 0.17999999225139618 0.6598586440086365 
vt 0.16024142503738403 0.6401000022888184 
vt 0.2198585867881775 0.6600000262260437 
vt 0.20010000467300415 0.6797585487365723 
vt 0.20010000467300415 0.6402414441108704 
vt 0.20024143159389496 0.6798999905586243 
vt 0.2199999988079071 0.6601414084434509 
vt 0.23975858092308044 0.6798999905586243 
vt 0.9000999927520752 0.1397586464881897 
vt 0.9000999927520752 0.12010002136230469 
vt 0.9197585582733154 0.12010002136230469 
vt 0.9201000332832336 0.14010006189346313 
vt 0.9397585988044739 0.14010006189346313 
vt 0.9201000332832336 0.1597585678100586 
vt 0.9397585988044739 0.13990002870559692 
vt 0.9201000332832336 0.13990002870559692 
vt 0.9201000332832336 0.12024146318435669 
vt 0.9597585797309875 0.1599000096321106 
vt 0.9401000142097473 0.1599000096321106 
vt 0.9401000142097473 0.14024144411087036 
vt 0.9399000406265259 0.1599000096321106 
vt 0.9202414155006409 0.1599000096321106 
vt 0.9399000406265259 0.14024144411087036 
vt 0.9599000215530396 0.12024146318435669 
vt 0.9599000215530396 0.13990002870559692 
vt 0.9402414560317993 0.13990002870559692 
vt 0.23989999294281006 0.679758608341217 
vt 0.2201414257287979 0.6600000262260437 
vt 0.23989999294281006 0.6402414441108704 
vt 0.2199999988079071 0.6598586440086365 
vt 0.20024143159389496 0.6401000022888184 
vt 0.23975858092308044 0.6401000022888184 
vt 0.24009999632835388 0.6402414441108704 
vt 0.2598585784435272 0.6600000262260437 
vt 0.24009999632835388 0.6797585487365723 
vt 0.2402414232492447 0.6798999905586243 
vt 0.25999999046325684 0.6601414084434509 
vt 0.2797585725784302 0.6798999905586243 
vt 0.26014140248298645 0.6600000262260437 
vt 0.2798999845981598 0.6402414441108704 
vt 0.2798999845981598 0.679758608341217 
vt 0.2797585725784302 0.6401000022888184 
vt 0.25999999046325684 0.6598586440086365 
vt 0.2402414232492447 0.6401000022888184 
vt 0.9402414560317993 0.14010006189346313 
vt 0.9599000215530396 0.14010006189346313 
vt 0.9599000215530396 0.15975862741470337 
vt 0.9399000406265259 0.12010002136230469 
vt 0.9399000406265259 0.1397586464881897 
vt 0.9202414155006409 0.12010002136230469 
vt 0.9401000142097473 0.1397586464881897 
vt 0.9401000142097473 0.12010002136230469 
vt 0.9597585797309875 0.12010002136230469 
vt 0.960099995136261 0.1597585678100586 
vt 0.960099995136261 0.14010006189346313 
vt 0.9797585606575012 0.14010006189346313 
vt 0.960099995136261 0.13990002870559692 
vt 0.960099995136261 0.12024146318435669 
vt 0.9797585606575012 0.13990002870559692 
vt 0.9997585415840149 0.1599000096321106 
vt 0.9800999760627747 0.1599000096321106 
vt 0.9800999760627747 0.14024144411087036 
vt 0.2800999879837036 0.6402414441108704 
vt 0.29985857009887695 0.6600000262260437 
vt 0.2800999879837036 0.6797585487365723 
vt 0.30000001192092896 0.6601414084434509 
vt 0.3197585940361023 0.6798999905586243 
vt 0.2802414298057556 0.6798999905586243 
vt 0.3199000060558319 0.679758608341217 
vt 0.30014142394065857 0.6600000262260437 
vt 0.3199000060558319 0.6402414441108704 
vt 0.3197585642337799 0.6401000022888184 
vt 0.30000001192092896 0.6598586440086365 
vt 0.2802414298057556 0.6401000022888184 
vt 0.3398585617542267 0.6600000262260437 
vt 0.32009997963905334 0.6797585487365723 
vt 0.32009997963905334 0.6402414441108704 
vt 0.32024142146110535 0.6798999905586243 
vt 0.3400000035762787 0.6601414084434509 
vt 0.35975855588912964 0.6798999905586243 
vt 0.6797585487365723 0.9998999834060669 
vt 0.6401000022888184 0.9998999834060669 
vt 0.6401000022888184 0.960241436958313 
vt 0.6798999905586243 0.960099995136261 
vt 0.6798999905586243 0.9997586011886597 
vt 0.6402413845062256 0.960099995136261 
vt 0.7197585701942444 0.9998999834060669 
vt 0.6801000237464905 0.9998999834060669 
vt 0.6801000237464905 0.960241436958313 
vt 0.960099995136261 0.04024142026901245 
vt 0.9698585271835327 0.050000011920928955 
vt 0.960099995136261 0.059758543968200684 
vt 0.9699999690055847 0.05014139413833618 
vt 0.9797585606575012 0.059899985790252686 
vt 0.9602413773536682 0.059899985790252686 
vt 0.9800999760627747 0.06024140119552612 
vt 0.9898585677146912 0.06999999284744263 
vt 0.9800999760627747 0.07975852489471436 
vt 0.9802414178848267 0.07989996671676636 
vt 0.9900000095367432 0.07014137506484985 
vt 0.9997585415840149 0.07989996671676636 
vt 0.9699999690055847 0.07014137506484985 
vt 0.9797585606575012 0.07989996671676636 
vt 0.9602413773536682 0.07989996671676636 
vt 0.9799000024795532 0.07975852489471436 
vt 0.9701414108276367 0.06999999284744263 
vt 0.9799000024795532 0.06024140119552612 
vt 0.9802414178848267 0.059899985790252686 
vt 0.9899999499320984 0.05014139413833618 
vt 0.9997585415840149 0.059899985790252686 
vt 0.9901413917541504 0.050000011920928955 
vt 0.9998999834060669 0.04024142026901245 
vt 0.9998999834060669 0.059758543968200684 
vt 0.9998999834060669 0.07975858449935913 
vt 0.9901413917541504 0.06999999284744263 
vt 0.9998999834060669 0.0602414608001709 
vt 0.35989999771118164 0.679758608341217 
vt 0.3401414155960083 0.6600000262260437 
vt 0.35989999771118164 0.6402414441108704 
vt 0.3400000035762787 0.6598586440086365 
vt 0.32024142146110535 0.6401000022888184 
vt 0.35975855588912964 0.6401000022888184 
vt 0.36010000109672546 0.6402414441108704 
vt 0.3798585832118988 0.6600000262260437 
vt 0.36010000109672546 0.6797585487365723 
vt 0.9799000024795532 0.14024144411087036 
vt 0.9799000024795532 0.1599000096321106 
vt 0.9602413773536682 0.1599000096321106 
vt 0.9998999834060669 0.13990002870559692 
vt 0.9802414178848267 0.13990002870559692 
vt 0.9998999834060669 0.12024146318435669 
vt 0.9802414178848267 0.14010006189346313 
vt 0.9998999834060669 0.14010006189346313 
vt 0.9998999834060669 0.15975862741470337 
vt 0.36024144291877747 0.6798999905586243 
vt 0.3800000250339508 0.6601414084434509 
vt 0.39975857734680176 0.6798999905586243 
vt 0.3801414370536804 0.6600000262260437 
vt 0.39990001916885376 0.6402414441108704 
vt 0.39990001916885376 0.679758608341217 
vt 0.39975857734680176 0.6401000022888184 
vt 0.3800000250339508 0.6598586440086365 
vt 0.36024144291877747 0.6401000022888184 
vt 0.9602413773536682 0.12010002136230469 
vt 0.9799000024795532 0.12010002136230469 
vt 0.9799000024795532 0.1397586464881897 
vt 0.9800999760627747 0.12010002136230469 
vt 0.9997585415840149 0.12010002136230469 
vt 0.9800999760627747 0.1397586464881897 
vt 9.999999747378752e-05 0.11975854635238647 
vt 9.999999747378752e-05 0.10010004043579102 
vt 0.01975857838988304 0.10010004043579102 
vt 0.6802414059638977 0.960099995136261 
vt 0.7199000120162964 0.960099995136261 
vt 0.7199000120162964 0.9997586011886597 
vt 0.7201000452041626 0.9998999834060669 
vt 0.7201000452041626 0.960241436958313 
vt 0.7597585916519165 0.9998999834060669 
vt 0.7202414274215698 0.960099995136261 
vt 0.7599000334739685 0.960099995136261 
vt 0.7599000334739685 0.9997586011886597 
vt 0.539900004863739 0.03024148941040039 
vt 0.539900004863739 0.03975856304168701 
vt 0.5351414084434509 0.0350000262260437 
vt 0.539758563041687 0.03010004758834839 
vt 0.5349999666213989 0.034858644008636475 
vt 0.5302414298057556 0.03010004758834839 
vt 0.5500999689102173 0.01975858211517334 
vt 0.5500999689102173 0.010241448879241943 
vt 0.5548585653305054 0.01500004529953003 
vt 0.4000999927520752 0.6797585487365723 
vt 0.4000999927520752 0.6402414441108704 
vt 0.41985857486724854 0.6600000262260437 
vt 0.4002414345741272 0.6798999905586243 
vt 0.42000001668930054 0.6601414084434509 
vt 0.4397585988044739 0.6798999905586243 
vt 0.4399000108242035 0.6402414441108704 
vt 0.4399000108242035 0.679758608341217 
vt 0.42014142870903015 0.6600000262260437 
vt 0.01975857838988304 0.0999000072479248 
vt 9.999999747378752e-05 0.0999000072479248 
vt 9.999999747378752e-05 0.08024144172668457 
vt 0.020099999383091927 0.11989998817443848 
vt 0.020100001245737076 0.10024142265319824 
vt 0.039758577942848206 0.11989998817443848 
vt 0.01990000158548355 0.10024142265319824 
vt 0.019899999722838402 0.11989998817443848 
vt 0.000241421366808936 0.11989998817443848 
vt 0.4397585690021515 0.6401000022888184 
vt 0.42000001668930054 0.6598586440086365 
vt 0.4002414345741272 0.6401000022888184 
vt 0.45985856652259827 0.6600000262260437 
vt 0.4400999844074249 0.6797585487365723 
vt 0.4400999844074249 0.6402414441108704 
vt 0.44024142622947693 0.6798999905586243 
vt 0.46000000834465027 0.6601414084434509 
vt 0.4797585606575012 0.6798999905586243 
vt 0.9997585415840149 0.060100018978118896 
vt 0.9899999499320984 0.0698586106300354 
vt 0.9802414178848267 0.060100018978118896 
vt 0.9701414108276367 0.050000011920928955 
vt 0.9799000024795532 0.04024142026901245 
vt 0.9799000024795532 0.05975860357284546 
vt 0.9797585606575012 0.04009997844696045 
vt 0.9699999690055847 0.04985862970352173 
vt 0.9602413773536682 0.04009997844696045 
vt 0.4799000024795532 0.679758608341217 
vt 0.4601414203643799 0.6600000262260437 
vt 0.4799000024795532 0.6402414441108704 
vt 0.46000000834465027 0.6598586440086365 
vt 0.44024142622947693 0.6401000022888184 
vt 0.4797585606575012 0.6401000022888184 
vt 0.48009997606277466 0.6402414441108704 
vt 0.499858558177948 0.6600000262260437 
vt 0.48009997606277466 0.6797585487365723 
vt 0.48024141788482666 0.6798999905586243 
vt 0.5 0.6601414084434509 
vt 0.5197585821151733 0.6798999905586243 
vt 0.5001413822174072 0.6600000262260437 
vt 0.5198999643325806 0.6402414441108704 
vt 0.5198999643325806 0.679758608341217 
vt 0.5197585821151733 0.6401000022888184 
vt 0.5 0.6598586440086365 
vt 0.48024141788482666 0.6401000022888184 
vt 0.7997585535049438 0.9998999834060669 
vt 0.7601000070571899 0.9998999834060669 
vt 0.7601000070571899 0.960241436958313 
vt 0.7998999953269958 0.960099995136261 
vt 0.7998999953269958 0.9997586011886597 
vt 0.7602413892745972 0.960099995136261 
vt 0.839758574962616 0.9998999834060669 
vt 0.8001000285148621 0.9998999834060669 
vt 0.8001000285148621 0.960241436958313 
vt 0.9997585415840149 0.04009997844696045 
vt 0.9899999499320984 0.04985862970352173 
vt 0.9802414178848267 0.04009997844696045 
vt 0.9898585677146912 0.050000011920928955 
vt 0.9800999760627747 0.05975860357284546 
vt 0.9800999760627747 0.04024142026901245 
vt 0.01975857838988304 0.020100057125091553 
vt 0.009999999776482582 0.029858648777008057 
vt 0.000241421366808936 0.020100057125091553 
vt 9.999999747378752e-05 0.020241498947143555 
vt 0.009858578443527222 0.030000030994415283 
vt 9.999999747378752e-05 0.03975856304168701 
vt 0.009858578443527222 0.010000050067901611 
vt 9.999999747378752e-05 0.01975858211517334 
vt 9.999999747378752e-05 0.00024145841598510742 
vt 0.000241421366808936 0.019900023937225342 
vt 0.009999999776482582 0.010141432285308838 
vt 0.01975857838988304 0.019900023937225342 
vt 0.020100001245737076 0.02024143934249878 
vt 0.029858577996492386 0.030000030994415283 
vt 0.020099999383091927 0.03975856304168701 
vt 0.030000001192092896 0.03014141321182251 
vt 0.039758577942848206 0.039900004863739014 
vt 0.020241420716047287 0.039900004863739014 
vt 0.000241421366808936 0.039900004863739014 
vt 0.010000000707805157 0.03014141321182251 
vt 0.01975857838988304 0.039900004863739014 
vt 0.5200999975204468 0.6402414441108704 
vt 0.5398585796356201 0.6600000262260437 
vt 0.5200999975204468 0.6797585487365723 
vt 0.5399999618530273 0.6601414084434509 
vt 0.5597585439682007 0.6798999905586243 
vt 0.520241379737854 0.6798999905586243 
vt 0.5598999857902527 0.679758608341217 
vt 0.5401414036750793 0.6600000262260437 
vt 0.5598999857902527 0.6402414441108704 
vt 0.03989999741315842 0.08024144172668457 
vt 0.03989999741315842 0.0999000072479248 
vt 0.020241418853402138 0.0999000072479248 
vt 0.03989999741315842 0.10010004043579102 
vt 0.03989999741315842 0.11975860595703125 
vt 0.020241418853402138 0.10010004043579102 
vt 0.00024142135225702077 0.08009999990463257 
vt 0.019899997860193253 0.08009999990463257 
vt 0.019899999722838402 0.09975862503051758 
vt 0.5597585439682007 0.6401000022888184 
vt 0.5399999618530273 0.6598586440086365 
vt 0.520241379737854 0.6401000022888184 
vt 0.5798586010932922 0.6600000262260437 
vt 0.5601000189781189 0.6797585487365723 
vt 0.5601000189781189 0.6402414441108704 
vt 0.5602414011955261 0.6798999905586243 
vt 0.5799999833106995 0.6601414084434509 
vt 0.5997585654258728 0.6798999905586243 
vt 0.020099999383091927 0.09975862503051758 
vt 0.020099997520446777 0.08009999990463257 
vt 0.03975857421755791 0.08009999990463257 
vt 0.04010000079870224 0.10010004043579102 
vt 0.05975857749581337 0.10010004043579102 
vt 0.04010000079870224 0.11975854635238647 
vt 0.05975857749581337 0.0999000072479248 
vt 0.04010000079870224 0.0999000072479248 
vt 0.04010000079870224 0.08024144172668457 
vt 0.8002414107322693 0.960099995136261 
vt 0.839900016784668 0.960099995136261 
vt 0.839900016784668 0.9997586011886597 
vt 0.8400999903678894 0.9998999834060669 
vt 0.8400999903678894 0.960241436958313 
vt 0.8797585368156433 0.9998999834060669 
vt 0.8402413725852966 0.960099995136261 
vt 0.8798999786376953 0.960099995136261 
vt 0.8798999786376953 0.9997586011886597 
vt 0.5549999475479126 0.015141427516937256 
vt 0.5597585439682007 0.019900023937225342 
vt 0.5502414107322693 0.019900023937225342 
vt 0.5497585535049438 0.019900023937225342 
vt 0.5402414202690125 0.019900023937225342 
vt 0.5449999570846558 0.015141427516937256 
vt 0.5451413989067078 0.01500004529953003 
vt 0.5498999953269958 0.010241448879241943 
vt 0.5498999953269958 0.01975858211517334 
vt 0.5801414251327515 0.6600000262260437 
vt 0.5999000072479248 0.6402414441108704 
vt 0.5999000072479248 0.679758608341217 
vt 0.5602414011955261 0.6401000022888184 
vt 0.5997585654258728 0.6401000022888184 
vt 0.5799999833106995 0.6598586440086365 
vt 0.6198586225509644 0.6600000262260437 
vt 0.600100040435791 0.6797585487365723 
vt 0.600100040435791 0.6402414441108704 
vt 0.07975857704877853 0.11989998817443848 
vt 0.060099996626377106 0.11989998817443848 
vt 0.060100000351667404 0.10024142265319824 
vt 0.05990000069141388 0.11989998817443848 
vt 0.04024142026901245 0.11989998817443848 
vt 0.05990000069141388 0.10024142265319824 
vt 0.07989999651908875 0.08024144172668457 
vt 0.07989999651908875 0.0999000072479248 
vt 0.06024141609668732 0.0999000072479248 
vt 0.6002414226531982 0.6798999905586243 
vt 0.6200000047683716 0.6601414084434509 
vt 0.6397585868835449 0.6798999905586243 
vt 0.6201414465904236 0.6600000262260437 
vt 0.6399000287055969 0.6402414441108704 
vt 0.6399000287055969 0.679758608341217 
vt 0.6397585868835449 0.6401000022888184 
vt 0.6200000047683716 0.6598586440086365 
vt 0.6002414226531982 0.6401000022888184 
vt 0.019899999722838402 0.03975856304168701 
vt 0.010141422040760517 0.030000030994415283 
vt 0.01990000158548355 0.02024143934249878 
vt 0.029999995604157448 0.010141432285308838 
vt 0.03975857421755791 0.019900023937225342 
vt 0.020241418853402138 0.019900023937225342 
vt 0.03989999741315842 0.01975858211517334 
vt 0.030141418799757957 0.010000050067901611 
vt 0.03989999741315842 0.00024145841598510742 
vt 0.6401000022888184 0.6402414441108704 
vt 0.6598585844039917 0.6600000262260437 
vt 0.6401000022888184 0.6797585487365723 
vt 0.6599999666213989 0.6601414084434509 
vt 0.6797585487365723 0.6798999905586243 
vt 0.6402413845062256 0.6798999905586243 
vt 0.6798999905586243 0.679758608341217 
vt 0.6601414084434509 0.6600000262260437 
vt 0.6798999905586243 0.6402414441108704 
vt 0.6797585487365723 0.6401000022888184 
vt 0.6599999666213989 0.6598586440086365 
vt 0.6402413845062256 0.6401000022888184 
vt 0.6998586058616638 0.6600000262260437 
vt 0.6801000237464905 0.6797585487365723 
vt 0.6801000237464905 0.6402414441108704 
vt 0.6802414059638977 0.6798999905586243 
vt 0.699999988079071 0.6601414084434509 
vt 0.7197585701942444 0.6798999905586243 
vt 0.7199000120162964 0.679758608341217 
vt 0.700141429901123 0.6600000262260437 
vt 0.7199000120162964 0.6402414441108704 
vt 0.699999988079071 0.6598586440086365 
vt 0.6802414059638977 0.6401000022888184 
vt 0.7197585701942444 0.6401000022888184 
vt 0.7201000452041626 0.6402414441108704 
vt 0.7398586273193359 0.6600000262260437 
vt 0.7201000452041626 0.6797585487365723 
vt 0.7202414274215698 0.6798999905586243 
vt 0.7400000095367432 0.6601414084434509 
vt 0.7597585916519165 0.6798999905586243 
vt 0.7401414513587952 0.6600000262260437 
vt 0.7599000334739685 0.6402414441108704 
vt 0.7599000334739685 0.679758608341217 
vt 0.7597585916519165 0.6401000022888184 
vt 0.7400000095367432 0.6598586440086365 
vt 0.7202414274215698 0.6401000022888184 
vt 0.7601000070571899 0.6402414441108704 
vt 0.7798585891723633 0.6600000262260437 
vt 0.7601000070571899 0.6797585487365723 
vt 0.7799999713897705 0.6601414084434509 
vt 0.7997585535049438 0.6798999905586243 
vt 0.7602413892745972 0.6798999905586243 
vt 0.7998999953269958 0.679758608341217 
vt 0.7801414132118225 0.6600000262260437 
vt 0.7998999953269958 0.6402414441108704 
vt 0.03989999741315842 0.03975862264633179 
vt 0.030141418799757957 0.030000030994415283 
vt 0.03989999741315842 0.020241498947143555 
vt 0.029999995604157448 0.029858648777008057 
vt 0.020241418853402138 0.020100057125091553 
vt 0.03975857421755791 0.020100057125091553 
vt 0.019899999722838402 0.019758641719818115 
vt 0.010141421109437943 0.010000050067901611 
vt 0.019899997860193253 0.00024145841598510742 
vt 0.7997585535049438 0.6401000022888184 
vt 0.7799999713897705 0.6598586440086365 
vt 0.7602413892745972 0.6401000022888184 
vt 0.8198586106300354 0.6600000262260437 
vt 0.8001000285148621 0.6797585487365723 
vt 0.8001000285148621 0.6402414441108704 
vt 0.8002414107322693 0.6798999905586243 
vt 0.8199999928474426 0.6601414084434509 
vt 0.839758574962616 0.6798999905586243 
vt 0.839900016784668 0.679758608341217 
vt 0.8201414346694946 0.6600000262260437 
vt 0.839900016784668 0.6402414441108704 
vt 0.8199999928474426 0.6598586440086365 
vt 0.8002414107322693 0.6401000022888184 
vt 0.839758574962616 0.6401000022888184 
vt 0.8400999903678894 0.6402414441108704 
vt 0.8598585724830627 0.6600000262260437 
vt 0.8400999903678894 0.6797585487365723 
vt 0.8402413725852966 0.6798999905586243 
vt 0.85999995470047 0.6601414084434509 
vt 0.8797585368156433 0.6798999905586243 
vt 0.860141396522522 0.6600000262260437 
vt 0.8798999786376953 0.6402414441108704 
vt 0.8798999786376953 0.679758608341217 
vt 0.8797585368156433 0.6401000022888184 
vt 0.85999995470047 0.6598586440086365 
vt 0.8402413725852966 0.6401000022888184 
vt 0.8801000118255615 0.6402414441108704 
vt 0.8998585939407349 0.6600000262260437 
vt 0.8801000118255615 0.6797585487365723 
vt 0.8999999761581421 0.6601414084434509 
vt 0.9197585582733154 0.6798999905586243 
vt 0.8802413940429688 0.6798999905586243 
vt 0.9199000000953674 0.679758608341217 
vt 0.9001414179801941 0.6600000262260437 
vt 0.9199000000953674 0.6402414441108704 
vt 0.9197585582733154 0.6401000022888184 
vt 0.8999999761581421 0.6598586440086365 
vt 0.8802413940429688 0.6401000022888184 
vt 0.939858615398407 0.6600000262260437 
vt 0.9201000332832336 0.6797585487365723 
vt 0.9201000332832336 0.6402414441108704 
vt 0.9202414155006409 0.6798999905586243 
vt 0.9399999976158142 0.6601414084434509 
vt 0.9597585797309875 0.6798999905586243 
vt 0.9599000215530396 0.679758608341217 
vt 0.9401414394378662 0.6600000262260437 
vt 0.9599000215530396 0.6402414441108704 
vt 0.9399999976158142 0.6598586440086365 
vt 0.9202414155006409 0.6401000022888184 
vt 0.9597585797309875 0.6401000022888184 
vt 0.960099995136261 0.6402414441108704 
vt 0.9798585772514343 0.6600000262260437 
vt 0.960099995136261 0.6797585487365723 
vt 0.9602413773536682 0.6798999905586243 
vt 0.9799999594688416 0.6601414084434509 
vt 0.9997585415840149 0.6798999905586243 
vt 0.9801414012908936 0.6600000262260437 
vt 0.9998999834060669 0.6402414441108704 
vt 0.9998999834060669 0.679758608341217 
vt 0.9997585415840149 0.6401000022888184 
vt 0.9799999594688416 0.6598586440086365 
vt 0.9602413773536682 0.6401000022888184 
vt 9.999999747378752e-05 0.6002414226531982 
vt 0.019858578220009804 0.6200000047683716 
vt 9.999999747378752e-05 0.6397585272789001 
vt 0.020000001415610313 0.6201413869857788 
vt 0.039758577942848206 0.6398999691009521 
vt 0.000241421366808936 0.6398999691009521 
vt 0.03989999741315842 0.6397585868835449 
vt 0.020141419023275375 0.6200000047683716 
vt 0.03989999741315842 0.6002414226531982 
vt 0.03975857421755791 0.6000999808311462 
vt 0.019999999552965164 0.6198586225509644 
vt 0.00024142135225702077 0.6000999808311462 
vt 0.05985857546329498 0.6200000047683716 
vt 0.04010000079870224 0.6397585272789001 
vt 0.04010000079870224 0.6002414226531982 
vt 0.04024142026901245 0.6398999691009521 
vt 0.06000000238418579 0.6201413869857788 
vt 0.07975857704877853 0.6398999691009521 
vt 0.07989999651908875 0.6397585868835449 
vt 0.060141418129205704 0.6200000047683716 
vt 0.07989999651908875 0.6002414226531982 
vt 0.05999999865889549 0.6198586225509644 
vt 0.04024142026901245 0.6000999808311462 
vt 0.07975856959819794 0.6000999808311462 
vt 0.08009999990463257 0.6002414226531982 
vt 0.09985857456922531 0.6200000047683716 
vt 0.08009999990463257 0.6397585272789001 
vt 0.08024141937494278 0.6398999691009521 
vt 0.10000000149011612 0.6201413869857788 
vt 0.11975857615470886 0.6398999691009521 
vt 0.10014142096042633 0.6200000047683716 
vt 0.11989999562501907 0.6002414226531982 
vt 0.11989999562501907 0.6397585868835449 
vt 0.11975857615470886 0.6000999808311462 
vt 0.09999999403953552 0.6198586225509644 
vt 0.08024141937494278 0.6000999808311462 
vt 0.1200999990105629 0.6002414226531982 
vt 0.13985857367515564 0.6200000047683716 
vt 0.1200999990105629 0.6397585272789001 
vt 0.14000000059604645 0.6201413869857788 
vt 0.1597585678100586 0.6398999691009521 
vt 0.12024141848087311 0.6398999691009521 
vt 0.1598999947309494 0.6397585868835449 
vt 0.14014141261577606 0.6200000047683716 
vt 0.1598999947309494 0.6002414226531982 
vt 0.1597585678100586 0.6000999808311462 
vt 0.14000000059604645 0.6198586225509644 
vt 0.12024141848087311 0.6000999808311462 
vt 0.17985858023166656 0.6200000047683716 
vt 0.16009999811649323 0.6397585272789001 
vt 0.16009999811649323 0.6002414226531982 
vt 0.16024142503738403 0.6398999691009521 
vt 0.17999999225139618 0.6201413869857788 
vt 0.19975857436656952 0.6398999691009521 
vt 0.19990000128746033 0.6397585868835449 
vt 0.180141419172287 0.6200000047683716 
vt 0.19990000128746033 0.6002414226531982 
vt 0.17999999225139618 0.6198586225509644 
vt 0.16024142503738403 0.6000999808311462 
vt 0.19975857436656952 0.6000999808311462 
vt 0.20010000467300415 0.6002414226531982 
vt 0.2198585867881775 0.6200000047683716 
vt 0.20010000467300415 0.6397585272789001 
vt 0.20024143159389496 0.6398999691009521 
vt 0.2199999988079071 0.6201413869857788 
vt 0.23975858092308044 0.6398999691009521 
vt 0.2201414257287979 0.6200000047683716 
vt 0.23989999294281006 0.6002414226531982 
vt 0.23989999294281006 0.6397585868835449 
vt 0.23975858092308044 0.6000999808311462 
vt 0.2199999988079071 0.6198586225509644 
vt 0.20024143159389496 0.6000999808311462 
vt 0.019758576527237892 0.00010001659393310547 
vt 0.009999999776482582 0.009858667850494385 
vt 0.00024142135225702077 0.00010001659393310547 
vt 0.029999997466802597 0.009858667850494385 
vt 0.020241418853402138 0.00010001659393310547 
vt 0.03975857421755791 0.00010001659393310547 
vt 0.020099997520446777 0.00024145841598510742 
vt 0.029858577996492386 0.010000050067901611 
vt 0.020099999383091927 0.019758641719818115 
vt 0.24009999632835388 0.6002414226531982 
vt 0.2598585784435272 0.6200000047683716 
vt 0.24009999632835388 0.6397585272789001 
vt 0.25999999046325684 0.6201413869857788 
vt 0.2797585725784302 0.6398999691009521 
vt 0.2402414232492447 0.6398999691009521 
vt 0.2798999845981598 0.6397585868835449 
vt 0.26014140248298645 0.6200000047683716 
vt 0.2798999845981598 0.6002414226531982 
vt 0.2797585725784302 0.6000999808311462 
vt 0.25999999046325684 0.6198586225509644 
vt 0.2402414232492447 0.6000999808311462 
vt 0.29985857009887695 0.6200000047683716 
vt 0.2800999879837036 0.6397585272789001 
vt 0.2800999879837036 0.6002414226531982 
vt 0.2802414298057556 0.6398999691009521 
vt 0.30000001192092896 0.6201413869857788 
vt 0.3197585940361023 0.6398999691009521 
vt 0.3199000060558319 0.6397585868835449 
vt 0.30014142394065857 0.6200000047683716 
vt 0.3199000060558319 0.6002414226531982 
vt 0.30000001192092896 0.6198586225509644 
vt 0.2802414298057556 0.6000999808311462 
vt 0.3197585642337799 0.6000999808311462 
vt 0.32009997963905334 0.6002414226531982 
vt 0.3398585617542267 0.6200000047683716 
vt 0.32009997963905334 0.6397585272789001 
vt 0.32024142146110535 0.6398999691009521 
vt 0.3400000035762787 0.6201413869857788 
vt 0.35975855588912964 0.6398999691009521 
vt 0.3401414155960083 0.6200000047683716 
vt 0.35989999771118164 0.6002414226531982 
vt 0.35989999771118164 0.6397585868835449 
vt 0.35975855588912964 0.6000999808311462 
vt 0.3400000035762787 0.6198586225509644 
vt 0.32024142146110535 0.6000999808311462 
vt 0.36010000109672546 0.6002414226531982 
vt 0.3798585832118988 0.6200000047683716 
vt 0.36010000109672546 0.6397585272789001 
vt 0.3800000250339508 0.6201413869857788 
vt 0.39975857734680176 0.6398999691009521 
vt 0.36024144291877747 0.6398999691009521 
vt 0.39990001916885376 0.6397585868835449 
vt 0.3801414370536804 0.6200000047683716 
vt 0.39990001916885376 0.6002414226531982 
vt 0.39975857734680176 0.6000999808311462 
vt 0.3800000250339508 0.6198586225509644 
vt 0.36024144291877747 0.6000999808311462 
vt 0.41985857486724854 0.6200000047683716 
vt 0.4000999927520752 0.6397585272789001 
vt 0.4000999927520752 0.6002414226531982 
vt 0.4002414345741272 0.6398999691009521 
vt 0.42000001668930054 0.6201413869857788 
vt 0.4397585988044739 0.6398999691009521 
vt 0.4399000108242035 0.6397585868835449 
vt 0.42014142870903015 0.6200000047683716 
vt 0.4399000108242035 0.6002414226531982 
vt 0.42000001668930054 0.6198586225509644 
vt 0.4002414345741272 0.6000999808311462 
vt 0.4397585690021515 0.6000999808311462 
vt 0.4400999844074249 0.6002414226531982 
vt 0.45985856652259827 0.6200000047683716 
vt 0.4400999844074249 0.6397585272789001 
vt 0.44024142622947693 0.6398999691009521 
vt 0.46000000834465027 0.6201413869857788 
vt 0.4797585606575012 0.6398999691009521 
vt 0.4601414203643799 0.6200000047683716 
vt 0.4799000024795532 0.6002414226531982 
vt 0.4799000024795532 0.6397585868835449 
vt 0.4797585606575012 0.6000999808311462 
vt 0.46000000834465027 0.6198586225509644 
vt 0.44024142622947693 0.6000999808311462 
vt 0.48009997606277466 0.6002414226531982 
vt 0.499858558177948 0.6200000047683716 
vt 0.48009997606277466 0.6397585272789001 
vt 0.5 0.6201413869857788 
vt 0.5197585821151733 0.6398999691009521 
vt 0.48024141788482666 0.6398999691009521 
vt 0.5198999643325806 0.6397585868835449 
vt 0.5001413822174072 0.6200000047683716 
vt 0.5198999643325806 0.6002414226531982 
vt 0.5197585821151733 0.6000999808311462 
vt 0.5 0.6198586225509644 
vt 0.48024141788482666 0.6000999808311462 
vt 0.5398585796356201 0.6200000047683716 
vt 0.5200999975204468 0.6397585272789001 
vt 0.5200999975204468 0.6002414226531982 
vt 0.520241379737854 0.6398999691009521 
vt 0.5399999618530273 0.6201413869857788 
vt 0.5597585439682007 0.6398999691009521 
vt 0.5598999857902527 0.6397585868835449 
vt 0.5401414036750793 0.6200000047683716 
vt 0.5598999857902527 0.6002414226531982 
vt 0.5399999618530273 0.6198586225509644 
vt 0.520241379737854 0.6000999808311462 
vt 0.5597585439682007 0.6000999808311462 
vt 0.5601000189781189 0.6002414226531982 
vt 0.5798586010932922 0.6200000047683716 
vt 0.5601000189781189 0.6397585272789001 
vt 0.5602414011955261 0.6398999691009521 
vt 0.5799999833106995 0.6201413869857788 
vt 0.5997585654258728 0.6398999691009521 
vt 0.5801414251327515 0.6200000047683716 
vt 0.5999000072479248 0.6002414226531982 
vt 0.5999000072479248 0.6397585868835449 
vt 0.5997585654258728 0.6000999808311462 
vt 0.5799999833106995 0.6198586225509644 
vt 0.5602414011955261 0.6000999808311462 
vt 0.06024141609668732 0.10010004043579102 
vt 0.07989999651908875 0.10010004043579102 
vt 0.07989999651908875 0.11975860595703125 
vt 0.05989999696612358 0.08009999990463257 
vt 0.05990000069141388 0.09975862503051758 
vt 0.04024142026901245 0.08009999990463257 
vt 0.060099996626377106 0.09975862503051758 
vt 0.060099996626377106 0.08009999990463257 
vt 0.07975856959819794 0.08009999990463257 
vt 0.08009999990463257 0.11975854635238647 
vt 0.08009999990463257 0.10010004043579102 
vt 0.099758580327034 0.10010004043579102 
vt 0.08009999990463257 0.0999000072479248 
vt 0.08009999990463257 0.08024144172668457 
vt 0.099758580327034 0.0999000072479248 
vt 0.11975857615470886 0.11989998817443848 
vt 0.10009999573230743 0.11989998817443848 
vt 0.10009999573230743 0.10024142265319824 
vt 0.04999999701976776 0.029858648777008057 
vt 0.04024142026901245 0.020100057125091553 
vt 0.05975857749581337 0.020100057125091553 
vt 0.04010000079870224 0.03975856304168701 
vt 0.04010000079870224 0.020241498947143555 
vt 0.04985857754945755 0.030000030994415283 
vt 0.04985857754945755 0.010000050067901611 
vt 0.04010000079870224 0.01975858211517334 
vt 0.04010000079870224 0.00024145841598510742 
vt 0.600100040435791 0.6002414226531982 
vt 0.6198586225509644 0.6200000047683716 
vt 0.600100040435791 0.6397585272789001 
vt 0.6200000047683716 0.6201413869857788 
vt 0.6397585868835449 0.6398999691009521 
vt 0.6002414226531982 0.6398999691009521 
vt 0.6399000287055969 0.6397585868835449 
vt 0.6201414465904236 0.6200000047683716 
vt 0.6399000287055969 0.6002414226531982 
vt 0.4900999963283539 0.020100057125091553 
vt 0.4997585713863373 0.020100057125091553 
vt 0.4900999963283539 0.02975863218307495 
vt 0.48975858092308044 0.03010004758834839 
vt 0.48009997606277466 0.03975856304168701 
vt 0.48009997606277466 0.03010004758834839 
vt 0.48009997606277466 0.029900014400482178 
vt 0.48009997606277466 0.020241498947143555 
vt 0.48975858092308044 0.029900014400482178 
vt 0.09989999979734421 0.10024142265319824 
vt 0.09989999979734421 0.11989998817443848 
vt 0.08024141937494278 0.11989998817443848 
vt 0.11989999562501907 0.0999000072479248 
vt 0.10024141520261765 0.0999000072479248 
vt 0.11989999562501907 0.08024144172668457 
vt 0.10024141520261765 0.10010004043579102 
vt 0.11989999562501907 0.10010004043579102 
vt 0.11989999562501907 0.11975860595703125 
vt 0.08024141937494278 0.08009999990463257 
vt 0.09989999234676361 0.08009999990463257 
vt 0.09989999979734421 0.09975862503051758 
vt 0.10009999573230743 0.08009999990463257 
vt 0.11975857615470886 0.08009999990463257 
vt 0.10009999573230743 0.09975862503051758 
vt 0.1200999990105629 0.11975854635238647 
vt 0.1200999990105629 0.10010004043579102 
vt 0.13975857198238373 0.10010004043579102 
vt 0.13975857198238373 0.0999000072479248 
vt 0.1200999990105629 0.0999000072479248 
vt 0.1200999990105629 0.08024144172668457 
vt 0.14010000228881836 0.11989998817443848 
vt 0.14010000228881836 0.10024142265319824 
vt 0.1597585678100586 0.11989998817443848 
vt 0.13989999890327454 0.10024142265319824 
vt 0.13989999890327454 0.11989998817443848 
vt 0.12024141848087311 0.11989998817443848 
vt 0.05975857749581337 0.019900023937225342 
vt 0.04024142026901245 0.019900023937225342 
vt 0.04999999701976776 0.010141432285308838 
vt 0.060100000351667404 0.02024143934249878 
vt 0.06985858082771301 0.030000030994415283 
vt 0.060099996626377106 0.03975856304168701 
vt 0.07975857704877853 0.039900004863739014 
vt 0.060241419821977615 0.039900004863739014 
vt 0.07000000029802322 0.03014141321182251 
vt 0.1598999947309494 0.08024144172668457 
vt 0.1598999947309494 0.0999000072479248 
vt 0.14024141430854797 0.0999000072479248 
vt 0.1598999947309494 0.10010004043579102 
vt 0.1598999947309494 0.11975860595703125 
vt 0.14024141430854797 0.10010004043579102 
vt 0.12024141848087311 0.08009999990463257 
vt 0.13989999890327454 0.08009999990463257 
vt 0.13989999890327454 0.09975862503051758 
vt 0.14010000228881836 0.09975862503051758 
vt 0.14010000228881836 0.08009999990463257 
vt 0.1597585678100586 0.08009999990463257 
vt 0.16009999811649323 0.10010004043579102 
vt 0.17975857853889465 0.10010004043579102 
vt 0.16009999811649323 0.11975854635238647 
vt 0.17975857853889465 0.0999000072479248 
vt 0.16009999811649323 0.0999000072479248 
vt 0.16009999811649323 0.08024144172668457 
vt 0.19975857436656952 0.11989998817443848 
vt 0.1800999939441681 0.11989998817443848 
vt 0.1800999939441681 0.10024142265319824 
vt 0.17989999055862427 0.11989998817443848 
vt 0.16024142503738403 0.11989998817443848 
vt 0.17989999055862427 0.10024142265319824 
vt 0.19990000128746033 0.08024144172668457 
vt 0.19990000128746033 0.0999000072479248 
vt 0.1802414208650589 0.0999000072479248 
vt 0.19990000128746033 0.10010004043579102 
vt 0.19990000128746033 0.11975860595703125 
vt 0.1802414208650589 0.10010004043579102 
vt 0.17989999055862427 0.09975862503051758 
vt 0.16024142503738403 0.08009999990463257 
vt 0.17989999055862427 0.08009999990463257 
vt 0.1800999939441681 0.08009999990463257 
vt 0.19975857436656952 0.08009999990463257 
vt 0.1800999939441681 0.09975862503051758 
vt 0.6397585868835449 0.6000999808311462 
vt 0.6200000047683716 0.6198586225509644 
vt 0.6002414226531982 0.6000999808311462 
vt 0.6598585844039917 0.6200000047683716 
vt 0.6401000022888184 0.6397585272789001 
vt 0.6401000022888184 0.6002414226531982 
vt 0.6402413845062256 0.6398999691009521 
vt 0.6599999666213989 0.6201413869857788 
vt 0.6797585487365723 0.6398999691009521 
vt 0.6798999905586243 0.6397585868835449 
vt 0.6601414084434509 0.6200000047683716 
vt 0.6798999905586243 0.6002414226531982 
vt 0.6599999666213989 0.6198586225509644 
vt 0.6402413845062256 0.6000999808311462 
vt 0.6797585487365723 0.6000999808311462 
vt 0.6801000237464905 0.6002414226531982 
vt 0.6998586058616638 0.6200000047683716 
vt 0.6801000237464905 0.6397585272789001 
vt 0.20010000467300415 0.11975854635238647 
vt 0.20010000467300415 0.10010004043579102 
vt 0.21975858509540558 0.10010004043579102 
vt 0.20010000467300415 0.0999000072479248 
vt 0.20010000467300415 0.08024144172668457 
vt 0.21975858509540558 0.0999000072479248 
vt 0.23975858092308044 0.11989998817443848 
vt 0.22010000050067902 0.11989998817443848 
vt 0.22010000050067902 0.10024142265319824 
vt 0.04024142026901245 0.039900004863739014 
vt 0.05000000074505806 0.03014141321182251 
vt 0.05975857749581337 0.039900004863739014 
vt 0.05014142021536827 0.030000030994415283 
vt 0.05990000069141388 0.02024143934249878 
vt 0.05990000069141388 0.03975856304168701 
vt 0.06024141609668732 0.019900023937225342 
vt 0.06999999284744263 0.010141432285308838 
vt 0.07975856959819794 0.019900023937225342 
vt 0.2199000120162964 0.10024142265319824 
vt 0.2198999971151352 0.11989998817443848 
vt 0.20024143159389496 0.11989998817443848 
vt 0.23989999294281006 0.0999000072479248 
vt 0.22024142742156982 0.0999000072479248 
vt 0.23989999294281006 0.08024144172668457 
vt 0.22024142742156982 0.10010004043579102 
vt 0.23989999294281006 0.10010004043579102 
vt 0.23989999294281006 0.11975860595703125 
vt 0.6802414059638977 0.6398999691009521 
vt 0.699999988079071 0.6201413869857788 
vt 0.7197585701942444 0.6398999691009521 
vt 0.700141429901123 0.6200000047683716 
vt 0.7199000120162964 0.6002414226531982 
vt 0.7199000120162964 0.6397585868835449 
vt 0.7197585701942444 0.6000999808311462 
vt 0.699999988079071 0.6198586225509644 
vt 0.6802414059638977 0.6000999808311462 
vt 0.7201000452041626 0.6002414226531982 
vt 0.7398586273193359 0.6200000047683716 
vt 0.7201000452041626 0.6397585272789001 
vt 0.7400000095367432 0.6201413869857788 
vt 0.7597585916519165 0.6398999691009521 
vt 0.7202414274215698 0.6398999691009521 
vt 0.7599000334739685 0.6397585868835449 
vt 0.7401414513587952 0.6200000047683716 
vt 0.7599000334739685 0.6002414226531982 
vt 0.7597585916519165 0.6000999808311462 
vt 0.7400000095367432 0.6198586225509644 
vt 0.7202414274215698 0.6000999808311462 
vt 0.7798585891723633 0.6200000047683716 
vt 0.7601000070571899 0.6397585272789001 
vt 0.7601000070571899 0.6002414226531982 
vt 0.7602413892745972 0.6398999691009521 
vt 0.7799999713897705 0.6201413869857788 
vt 0.7997585535049438 0.6398999691009521 
vt 0.7998999953269958 0.6397585868835449 
vt 0.7801414132118225 0.6200000047683716 
vt 0.7998999953269958 0.6002414226531982 
vt 0.7799999713897705 0.6198586225509644 
vt 0.7602413892745972 0.6000999808311462 
vt 0.7997585535049438 0.6000999808311462 
vt 0.8001000285148621 0.6002414226531982 
vt 0.8198586106300354 0.6200000047683716 
vt 0.8001000285148621 0.6397585272789001 
vt 0.20024143159389496 0.08009999990463257 
vt 0.2198999971151352 0.08009999990463257 
vt 0.2198999971151352 0.09975862503051758 
vt 0.22010000050067902 0.08009999990463257 
vt 0.23975858092308044 0.08009999990463257 
vt 0.22010000050067902 0.09975862503051758 
vt 0.24009999632835388 0.11975854635238647 
vt 0.24009999632835388 0.10010004043579102 
vt 0.2597585618495941 0.10010004043579102 
vt 0.2597585618495941 0.0999000072479248 
vt 0.24009999632835388 0.0999000072479248 
vt 0.24009999632835388 0.08024144172668457 
vt 0.26010000705718994 0.11989998817443848 
vt 0.26010000705718994 0.10024142265319824 
vt 0.2797585725784302 0.11989998817443848 
vt 0.2599000036716461 0.10024142265319824 
vt 0.2599000036716461 0.11989998817443848 
vt 0.2402414232492447 0.11989998817443848 
vt 0.07989999651908875 0.00024145841598510742 
vt 0.07989999651908875 0.01975858211517334 
vt 0.07014141976833344 0.010000050067901611 
vt 0.07989999651908875 0.03975862264633179 
vt 0.07014141976833344 0.030000030994415283 
vt 0.07989999651908875 0.020241498947143555 
vt 0.06024141609668732 0.020100057125091553 
vt 0.07975856959819794 0.020100057125091553 
vt 0.06999999284744263 0.029858648777008057 
vt 0.8002414107322693 0.6398999691009521 
vt 0.8199999928474426 0.6201413869857788 
vt 0.839758574962616 0.6398999691009521 
vt 0.8201414346694946 0.6200000047683716 
vt 0.839900016784668 0.6002414226531982 
vt 0.839900016784668 0.6397585868835449 
vt 0.839758574962616 0.6000999808311462 
vt 0.8199999928474426 0.6198586225509644 
vt 0.8002414107322693 0.6000999808311462 
vt 0.48975858092308044 0.010100066661834717 
vt 0.48009997606277466 0.01975858211517334 
vt 0.48009997606277466 0.010100066661834717 
vt 0.48975858092308044 0.009900033473968506 
vt 0.48009997606277466 0.009900033473968506 
vt 0.48009997606277466 0.00024145841598510742 
vt 0.4900999963283539 0.010241448879241943 
vt 0.4997585713863373 0.019900023937225342 
vt 0.4900999963283539 0.019900023937225342 
vt 0.2798999845981598 0.08024144172668457 
vt 0.2798999845981598 0.0999000072479248 
vt 0.26024141907691956 0.0999000072479248 
vt 0.2798999845981598 0.10010004043579102 
vt 0.2798999845981598 0.11975860595703125 
vt 0.26024141907691956 0.10010004043579102 
vt 0.2402414232492447 0.08009999990463257 
vt 0.2599000036716461 0.08009999990463257 
vt 0.2599000036716461 0.09975862503051758 
vt 0.26010000705718994 0.09975862503051758 
vt 0.26010000705718994 0.08009999990463257 
vt 0.2797585725784302 0.08009999990463257 
vt 0.2800999879837036 0.10010004043579102 
vt 0.29975858330726624 0.10010004043579102 
vt 0.2800999879837036 0.11975854635238647 
vt 0.29975858330726624 0.0999000072479248 
vt 0.2800999879837036 0.0999000072479248 
vt 0.2800999879837036 0.08024144172668457 
vt 0.3197585940361023 0.11989998817443848 
vt 0.3000999987125397 0.11989998817443848 
vt 0.3000999987125397 0.10024142265319824 
vt 0.29989999532699585 0.11989998817443848 
vt 0.2802414298057556 0.11989998817443848 
vt 0.29989999532699585 0.10024142265319824 
vt 0.3199000060558319 0.08024144172668457 
vt 0.3199000060558319 0.0999000072479248 
vt 0.3002414107322693 0.0999000072479248 
vt 0.05014142021536827 0.010000050067901611 
vt 0.05989999696612358 0.00024145841598510742 
vt 0.05990000069141388 0.019758641719818115 
vt 0.04024142026901245 0.00010001659393310547 
vt 0.05975857377052307 0.00010001659393310547 
vt 0.04999999701976776 0.009858667850494385 
vt 0.06999999284744263 0.009858667850494385 
vt 0.06024141609668732 0.00010001659393310547 
vt 0.07975856959819794 0.00010001659393310547 
vt 0.3002414107322693 0.10010004043579102 
vt 0.3199000060558319 0.10010004043579102 
vt 0.3199000060558319 0.11975860595703125 
vt 0.29989999532699585 0.08009999990463257 
vt 0.29989999532699585 0.09975862503051758 
vt 0.2802414298057556 0.08009999990463257 
vt 0.3000999987125397 0.09975862503051758 
vt 0.3000999987125397 0.08009999990463257 
vt 0.3197585642337799 0.08009999990463257 
vt 0.32009997963905334 0.11975854635238647 
vt 0.32009997963905334 0.10010004043579102 
vt 0.33975857496261597 0.10010004043579102 
vt 0.32009997963905334 0.0999000072479248 
vt 0.32009997963905334 0.08024144172668457 
vt 0.33975857496261597 0.0999000072479248 
vt 0.35975855588912964 0.11989998817443848 
vt 0.3400999903678894 0.11989998817443848 
vt 0.3400999903678894 0.10024142265319824 
vt 0.3398999869823456 0.10024142265319824 
vt 0.3398999869823456 0.11989998817443848 
vt 0.32024142146110535 0.11989998817443848 
vt 0.35989999771118164 0.0999000072479248 
vt 0.340241402387619 0.0999000072479248 
vt 0.35989999771118164 0.08024144172668457 
vt 0.340241402387619 0.10010004043579102 
vt 0.35989999771118164 0.10010004043579102 
vt 0.35989999771118164 0.11975860595703125 
vt 0.3398999869823456 0.09975862503051758 
vt 0.32024142146110535 0.08009999990463257 
vt 0.3398999869823456 0.08009999990463257 
vt 0.3400999903678894 0.09975862503051758 
vt 0.3400999903678894 0.08009999990463257 
vt 0.35975855588912964 0.08009999990463257 
vt 0.3797585964202881 0.10010004043579102 
vt 0.36010000109672546 0.11975854635238647 
vt 0.36010000109672546 0.10010004043579102 
vt 0.8400999903678894 0.6002414226531982 
vt 0.8598585724830627 0.6200000047683716 
vt 0.8400999903678894 0.6397585272789001 
vt 0.85999995470047 0.6201413869857788 
vt 0.8797585368156433 0.6398999691009521 
vt 0.8402413725852966 0.6398999691009521 
vt 0.8798999786376953 0.6397585868835449 
vt 0.860141396522522 0.6200000047683716 
vt 0.8798999786376953 0.6002414226531982 
vt 0.8797585368156433 0.6000999808311462 
vt 0.85999995470047 0.6198586225509644 
vt 0.8402413725852966 0.6000999808311462 
vt 0.8998585939407349 0.6200000047683716 
vt 0.8801000118255615 0.6397585272789001 
vt 0.8801000118255615 0.6002414226531982 
vt 0.8802413940429688 0.6398999691009521 
vt 0.8999999761581421 0.6201413869857788 
vt 0.9197585582733154 0.6398999691009521 
vt 0.060099996626377106 0.00024145841598510742 
vt 0.06985858082771301 0.010000050067901611 
vt 0.060099996626377106 0.019758641719818115 
vt 0.08999999612569809 0.029858648777008057 
vt 0.08024141937494278 0.020100057125091553 
vt 0.099758580327034 0.020100057125091553 
vt 0.08009999990463257 0.020241498947143555 
vt 0.08985857665538788 0.030000030994415283 
vt 0.08009999990463257 0.03975856304168701 
vt 0.3797585964202881 0.0999000072479248 
vt 0.36010000109672546 0.0999000072479248 
vt 0.36010000109672546 0.08024144172668457 
vt 0.3801000118255615 0.11989998817443848 
vt 0.3801000118255615 0.10024142265319824 
vt 0.39975857734680176 0.11989998817443848 
vt 0.3799000084400177 0.10024142265319824 
vt 0.3799000084400177 0.11989998817443848 
vt 0.36024144291877747 0.11989998817443848 
vt 0.39990001916885376 0.08024144172668457 
vt 0.39990001916885376 0.0999000072479248 
vt 0.38024142384529114 0.0999000072479248 
vt 0.39990001916885376 0.10010004043579102 
vt 0.39990001916885376 0.11975860595703125 
vt 0.38024142384529114 0.10010004043579102 
vt 0.36024144291877747 0.08009999990463257 
vt 0.3799000084400177 0.08009999990463257 
vt 0.3799000084400177 0.09975862503051758 
vt 0.9199000000953674 0.6397585868835449 
vt 0.9001414179801941 0.6200000047683716 
vt 0.9199000000953674 0.6002414226531982 
vt 0.8999999761581421 0.6198586225509644 
vt 0.8802413940429688 0.6000999808311462 
vt 0.9197585582733154 0.6000999808311462 
vt 0.9201000332832336 0.6002414226531982 
vt 0.939858615398407 0.6200000047683716 
vt 0.9201000332832336 0.6397585272789001 
vt 0.9202414155006409 0.6398999691009521 
vt 0.9399999976158142 0.6201413869857788 
vt 0.9597585797309875 0.6398999691009521 
vt 0.9401414394378662 0.6200000047683716 
vt 0.9599000215530396 0.6002414226531982 
vt 0.9599000215530396 0.6397585868835449 
vt 0.9597585797309875 0.6000999808311462 
vt 0.9399999976158142 0.6198586225509644 
vt 0.9202414155006409 0.6000999808311462 
vt 0.960099995136261 0.6002414226531982 
vt 0.9798585772514343 0.6200000047683716 
vt 0.960099995136261 0.6397585272789001 
vt 0.9799999594688416 0.6201413869857788 
vt 0.9997585415840149 0.6398999691009521 
vt 0.9602413773536682 0.6398999691009521 
vt 0.9998999834060669 0.6397585868835449 
vt 0.9801414012908936 0.6200000047683716 
vt 0.9998999834060669 0.6002414226531982 
vt 0.9997585415840149 0.6000999808311462 
vt 0.9799999594688416 0.6198586225509644 
vt 0.9602413773536682 0.6000999808311462 
vt 0.019858578220009804 0.5800000429153442 
vt 9.999999747378752e-05 0.599758505821228 
vt 9.999999747378752e-05 0.5602414608001709 
vt 0.000241421366808936 0.5999000072479248 
vt 0.020000001415610313 0.5801414251327515 
vt 0.039758577942848206 0.5999000072479248 
vt 0.03989999741315842 0.5997586250305176 
vt 0.020141419023275375 0.5800000429153442 
vt 0.03989999741315842 0.5602414608001709 
vt 0.019999999552965164 0.579858660697937 
vt 0.00024142135225702077 0.5600999593734741 
vt 0.03975857421755791 0.5600999593734741 
vt 0.04010000079870224 0.5602414608001709 
vt 0.05985857546329498 0.5800000429153442 
vt 0.04010000079870224 0.599758505821228 
vt 0.04024142026901245 0.5999000072479248 
vt 0.06000000238418579 0.5801414251327515 
vt 0.07975857704877853 0.5999000072479248 
vt 0.060141418129205704 0.5800000429153442 
vt 0.07989999651908875 0.5602414608001709 
vt 0.07989999651908875 0.5997586250305176 
vt 0.07975856959819794 0.5600999593734741 
vt 0.05999999865889549 0.579858660697937 
vt 0.04024142026901245 0.5600999593734741 
vt 0.08009999990463257 0.5602414608001709 
vt 0.09985857456922531 0.5800000429153442 
vt 0.08009999990463257 0.599758505821228 
vt 0.10000000149011612 0.5801414251327515 
vt 0.11975857615470886 0.5999000072479248 
vt 0.08024141937494278 0.5999000072479248 
vt 0.11989999562501907 0.5997586250305176 
vt 0.10014142096042633 0.5800000429153442 
vt 0.11989999562501907 0.5602414608001709 
vt 0.11975857615470886 0.5600999593734741 
vt 0.09999999403953552 0.579858660697937 
vt 0.08024141937494278 0.5600999593734741 
vt 0.13985857367515564 0.5800000429153442 
vt 0.1200999990105629 0.599758505821228 
vt 0.1200999990105629 0.5602414608001709 
vt 0.12024141848087311 0.5999000072479248 
vt 0.14000000059604645 0.5801414251327515 
vt 0.1597585678100586 0.5999000072479248 
vt 0.48989999294281006 0.019900023937225342 
vt 0.48024141788482666 0.019900023937225342 
vt 0.48989999294281006 0.010241448879241943 
vt 0.5097585916519165 0.03010004758834839 
vt 0.5001000165939331 0.03975856304168701 
vt 0.5001000165939331 0.03010004758834839 
vt 0.5001000165939331 0.029900014400482178 
vt 0.5001000165939331 0.02024143934249878 
vt 0.5097585916519165 0.029900014400482178 
vt 0.08009999990463257 0.01975858211517334 
vt 0.08009999990463257 0.00024145841598510742 
vt 0.08985857665538788 0.010000050067901611 
vt 0.08024141937494278 0.019900023937225342 
vt 0.08999999612569809 0.010141432285308838 
vt 0.099758580327034 0.019900023937225342 
vt 0.10009999573230743 0.03975856304168701 
vt 0.10009999573230743 0.02024143934249878 
vt 0.10985857248306274 0.030000030994415283 
vt 0.1598999947309494 0.5997586250305176 
vt 0.14014141261577606 0.5800000429153442 
vt 0.1598999947309494 0.5602414608001709 
vt 0.14000000059604645 0.579858660697937 
vt 0.12024141848087311 0.5600999593734741 
vt 0.1597585678100586 0.5600999593734741 
vt 0.16009999811649323 0.5602414608001709 
vt 0.17985858023166656 0.5800000429153442 
vt 0.16009999811649323 0.599758505821228 
vt 0.16024142503738403 0.5999000072479248 
vt 0.17999999225139618 0.5801414251327515 
vt 0.19975857436656952 0.5999000072479248 
vt 0.180141419172287 0.5800000429153442 
vt 0.19990000128746033 0.5602414608001709 
vt 0.19990000128746033 0.5997586250305176 
vt 0.19975857436656952 0.5600999593734741 
vt 0.17999999225139618 0.579858660697937 
vt 0.16024142503738403 0.5600999593734741 
vt 0.10024142265319824 0.039900004863739014 
vt 0.10999999940395355 0.03014141321182251 
vt 0.11975857615470886 0.039900004863739014 
vt 0.08999999612569809 0.03014141321182251 
vt 0.099758580327034 0.039900004863739014 
vt 0.08024141937494278 0.039900004863739014 
vt 0.09989999979734421 0.03975856304168701 
vt 0.0901414230465889 0.030000030994415283 
vt 0.09989999979734421 0.02024143934249878 
vt 0.20010000467300415 0.5602414608001709 
vt 0.2198585867881775 0.5800000429153442 
vt 0.20010000467300415 0.599758505821228 
vt 0.2199999988079071 0.5801414251327515 
vt 0.23975858092308044 0.5999000072479248 
vt 0.20024143159389496 0.5999000072479248 
vt 0.23989999294281006 0.5997586250305176 
vt 0.2201414257287979 0.5800000429153442 
vt 0.23989999294281006 0.5602414608001709 
vt 0.23975858092308044 0.5600999593734741 
vt 0.2199999988079071 0.579858660697937 
vt 0.20024143159389496 0.5600999593734741 
vt 0.2598585784435272 0.5800000429153442 
vt 0.24009999632835388 0.599758505821228 
vt 0.24009999632835388 0.5602414608001709 
vt 0.2402414232492447 0.5999000072479248 
vt 0.25999999046325684 0.5801414251327515 
vt 0.2797585725784302 0.5999000072479248 
vt 0.2798999845981598 0.5997586250305176 
vt 0.26014140248298645 0.5800000429153442 
vt 0.2798999845981598 0.5602414608001709 
vt 0.25999999046325684 0.579858660697937 
vt 0.2402414232492447 0.5600999593734741 
vt 0.2797585725784302 0.5600999593734741 
vt 0.2800999879837036 0.5602414608001709 
vt 0.29985857009887695 0.5800000429153442 
vt 0.2800999879837036 0.599758505821228 
vt 0.2802414298057556 0.5999000072479248 
vt 0.30000001192092896 0.5801414251327515 
vt 0.3197585940361023 0.5999000072479248 
vt 0.30014142394065857 0.5800000429153442 
vt 0.3199000060558319 0.5602414608001709 
vt 0.3199000060558319 0.5997586250305176 
vt 0.3197585642337799 0.5600999593734741 
vt 0.30000001192092896 0.579858660697937 
vt 0.2802414298057556 0.5600999593734741 
vt 0.32009997963905334 0.5602414608001709 
vt 0.3398585617542267 0.5800000429153442 
vt 0.32009997963905334 0.599758505821228 
vt 0.3400000035762787 0.5801414251327515 
vt 0.35975855588912964 0.5999000072479248 
vt 0.32024142146110535 0.5999000072479248 
vt 0.35989999771118164 0.5997586250305176 
vt 0.3401414155960083 0.5800000429153442 
vt 0.35989999771118164 0.5602414608001709 
vt 0.35975855588912964 0.5600999593734741 
vt 0.3400000035762787 0.579858660697937 
vt 0.32024142146110535 0.5600999593734741 
vt 0.3798585832118988 0.5800000429153442 
vt 0.36010000109672546 0.599758505821228 
vt 0.36010000109672546 0.5602414608001709 
vt 0.36024144291877747 0.5999000072479248 
vt 0.3800000250339508 0.5801414251327515 
vt 0.39975857734680176 0.5999000072479248 
vt 0.39990001916885376 0.5997586250305176 
vt 0.3801414370536804 0.5800000429153442 
vt 0.39990001916885376 0.5602414608001709 
vt 0.3800000250339508 0.579858660697937 
vt 0.36024144291877747 0.5600999593734741 
vt 0.39975857734680176 0.5600999593734741 
vt 0.4000999927520752 0.5602414608001709 
vt 0.41985857486724854 0.5800000429153442 
vt 0.4000999927520752 0.599758505821228 
vt 0.4002414345741272 0.5999000072479248 
vt 0.42000001668930054 0.5801414251327515 
vt 0.4397585988044739 0.5999000072479248 
vt 0.42014142870903015 0.5800000429153442 
vt 0.4399000108242035 0.5602414608001709 
vt 0.4399000108242035 0.5997586250305176 
vt 0.4397585690021515 0.5600999593734741 
vt 0.42000001668930054 0.579858660697937 
vt 0.4002414345741272 0.5600999593734741 
vt 0.4400999844074249 0.5602414608001709 
vt 0.45985856652259827 0.5800000429153442 
vt 0.4400999844074249 0.599758505821228 
vt 0.46000000834465027 0.5801414251327515 
vt 0.4797585606575012 0.5999000072479248 
vt 0.44024142622947693 0.5999000072479248 
vt 0.4799000024795532 0.5997586250305176 
vt 0.4601414203643799 0.5800000429153442 
vt 0.4799000024795532 0.5602414608001709 
vt 0.4797585606575012 0.5600999593734741 
vt 0.46000000834465027 0.579858660697937 
vt 0.44024142622947693 0.5600999593734741 
vt 0.499858558177948 0.5800000429153442 
vt 0.48009997606277466 0.599758505821228 
vt 0.48009997606277466 0.5602414608001709 
vt 0.48024141788482666 0.5999000072479248 
vt 0.5 0.5801414251327515 
vt 0.5197585821151733 0.5999000072479248 
vt 0.5198999643325806 0.5997586250305176 
vt 0.5001413822174072 0.5800000429153442 
vt 0.5198999643325806 0.5602414608001709 
vt 0.5 0.579858660697937 
vt 0.48024141788482666 0.5600999593734741 
vt 0.5197585821151733 0.5600999593734741 
vt 0.5200999975204468 0.5602414608001709 
vt 0.5398585796356201 0.5800000429153442 
vt 0.5200999975204468 0.599758505821228 
vt 0.520241379737854 0.5999000072479248 
vt 0.5399999618530273 0.5801414251327515 
vt 0.5597585439682007 0.5999000072479248 
vt 0.5401414036750793 0.5800000429153442 
vt 0.5598999857902527 0.5602414608001709 
vt 0.5598999857902527 0.5997586250305176 
vt 0.5597585439682007 0.5600999593734741 
vt 0.5399999618530273 0.579858660697937 
vt 0.520241379737854 0.5600999593734741 
vt 0.5601000189781189 0.5602414608001709 
vt 0.5798586010932922 0.5800000429153442 
vt 0.5601000189781189 0.599758505821228 
vt 0.5799999833106995 0.5801414251327515 
vt 0.5997585654258728 0.5999000072479248 
vt 0.5602414011955261 0.5999000072479248 
vt 0.5999000072479248 0.5997586250305176 
vt 0.5801414251327515 0.5800000429153442 
vt 0.5999000072479248 0.5602414608001709 
vt 0.5997585654258728 0.5600999593734741 
vt 0.5799999833106995 0.579858660697937 
vt 0.5602414011955261 0.5600999593734741 
vt 0.6198586225509644 0.5800000429153442 
vt 0.600100040435791 0.599758505821228 
vt 0.600100040435791 0.5602414608001709 
vt 0.6002414226531982 0.5999000072479248 
vt 0.6200000047683716 0.5801414251327515 
vt 0.6397585868835449 0.5999000072479248 
vt 0.6399000287055969 0.5997586250305176 
vt 0.6201414465904236 0.5800000429153442 
vt 0.6399000287055969 0.5602414608001709 
vt 0.6200000047683716 0.579858660697937 
vt 0.6002414226531982 0.5600999593734741 
vt 0.6397585868835449 0.5600999593734741 
vt 0.6401000022888184 0.5602414608001709 
vt 0.6598585844039917 0.5800000429153442 
vt 0.6401000022888184 0.599758505821228 
vt 0.6402413845062256 0.5999000072479248 
vt 0.6599999666213989 0.5801414251327515 
vt 0.6797585487365723 0.5999000072479248 
vt 0.6601414084434509 0.5800000429153442 
vt 0.6798999905586243 0.5602414608001709 
vt 0.6798999905586243 0.5997586250305176 
vt 0.6797585487365723 0.5600999593734741 
vt 0.6599999666213989 0.579858660697937 
vt 0.6402413845062256 0.5600999593734741 
vt 0.6801000237464905 0.5602414608001709 
vt 0.6998586058616638 0.5800000429153442 
vt 0.6801000237464905 0.599758505821228 
vt 0.699999988079071 0.5801414251327515 
vt 0.7197585701942444 0.5999000072479248 
vt 0.6802414059638977 0.5999000072479248 
vt 0.7199000120162964 0.5997586250305176 
vt 0.700141429901123 0.5800000429153442 
vt 0.7199000120162964 0.5602414608001709 
vt 0.7197585701942444 0.5600999593734741 
vt 0.699999988079071 0.579858660697937 
vt 0.6802414059638977 0.5600999593734741 
vt 0.7398586273193359 0.5800000429153442 
vt 0.7201000452041626 0.599758505821228 
vt 0.7201000452041626 0.5602414608001709 
vt 0.7202414274215698 0.5999000072479248 
vt 0.7400000095367432 0.5801414251327515 
vt 0.7597585916519165 0.5999000072479248 
vt 0.7599000334739685 0.5997586250305176 
vt 0.7401414513587952 0.5800000429153442 
vt 0.7599000334739685 0.5602414608001709 
vt 0.7400000095367432 0.579858660697937 
vt 0.7202414274215698 0.5600999593734741 
vt 0.7597585916519165 0.5600999593734741 
vt 0.7601000070571899 0.5602414608001709 
vt 0.7798585891723633 0.5800000429153442 
vt 0.7601000070571899 0.599758505821228 
vt 0.7602413892745972 0.5999000072479248 
vt 0.7799999713897705 0.5801414251327515 
vt 0.7997585535049438 0.5999000072479248 
vt 0.7801414132118225 0.5800000429153442 
vt 0.7998999953269958 0.5602414608001709 
vt 0.7998999953269958 0.5997586250305176 
vt 0.7997585535049438 0.5600999593734741 
vt 0.7799999713897705 0.579858660697937 
vt 0.7602413892745972 0.5600999593734741 
vt 0.8001000285148621 0.5602414608001709 
vt 0.8198586106300354 0.5800000429153442 
vt 0.8001000285148621 0.599758505821228 
vt 0.8199999928474426 0.5801414251327515 
vt 0.839758574962616 0.5999000072479248 
vt 0.8002414107322693 0.5999000072479248 
vt 0.839900016784668 0.5997586250305176 
vt 0.8201414346694946 0.5800000429153442 
vt 0.839900016784668 0.5602414608001709 
vt 0.839758574962616 0.5600999593734741 
vt 0.8199999928474426 0.579858660697937 
vt 0.8002414107322693 0.5600999593734741 
vt 0.8598585724830627 0.5800000429153442 
vt 0.8400999903678894 0.599758505821228 
vt 0.8400999903678894 0.5602414608001709 
vt 0.8402413725852966 0.5999000072479248 
vt 0.85999995470047 0.5801414251327515 
vt 0.8797585368156433 0.5999000072479248 
vt 0.9197585582733154 0.9998999834060669 
vt 0.8801000118255615 0.9998999834060669 
vt 0.8801000118255615 0.960241436958313 
vt 0.9199000000953674 0.960099995136261 
vt 0.9199000000953674 0.9997586011886597 
vt 0.8802413940429688 0.960099995136261 
vt 0.9597585797309875 0.9998999834060669 
vt 0.9201000332832336 0.9998999834060669 
vt 0.9201000332832336 0.960241436958313 
vt 0.8798999786376953 0.5997586250305176 
vt 0.860141396522522 0.5800000429153442 
vt 0.8798999786376953 0.5602414608001709 
vt 0.85999995470047 0.579858660697937 
vt 0.8402413725852966 0.5600999593734741 
vt 0.8797585368156433 0.5600999593734741 
vt 0.8801000118255615 0.5602414608001709 
vt 0.8998585939407349 0.5800000429153442 
vt 0.8801000118255615 0.599758505821228 
vt 0.8802413940429688 0.5999000072479248 
vt 0.8999999761581421 0.5801414251327515 
vt 0.9197585582733154 0.5999000072479248 
vt 0.9001414179801941 0.5800000429153442 
vt 0.9199000000953674 0.5602414608001709 
vt 0.9199000000953674 0.5997586250305176 
vt 0.9197585582733154 0.5600999593734741 
vt 0.8999999761581421 0.579858660697937 
vt 0.8802413940429688 0.5600999593734741 
vt 0.9201000332832336 0.5602414608001709 
vt 0.939858615398407 0.5800000429153442 
vt 0.9201000332832336 0.599758505821228 
vt 0.9399999976158142 0.5801414251327515 
vt 0.9597585797309875 0.5999000072479248 
vt 0.9202414155006409 0.5999000072479248 
vt 0.9599000215530396 0.5997586250305176 
vt 0.9401414394378662 0.5800000429153442 
vt 0.9599000215530396 0.5602414608001709 
vt 0.9597585797309875 0.5600999593734741 
vt 0.9399999976158142 0.579858660697937 
vt 0.9202414155006409 0.5600999593734741 
vt 0.9798585772514343 0.5800000429153442 
vt 0.960099995136261 0.599758505821228 
vt 0.960099995136261 0.5602414608001709 
vt 0.9602413773536682 0.5999000072479248 
vt 0.9799999594688416 0.5801414251327515 
vt 0.9997585415840149 0.5999000072479248 
vt 0.5101000070571899 0.030241429805755615 
vt 0.5197585821151733 0.039900004863739014 
vt 0.5101000070571899 0.039900004863739014 
vt 0.5098999738693237 0.030241429805755615 
vt 0.5098999738693237 0.039900004863739014 
vt 0.5002413988113403 0.039900004863739014 
vt 0.4900999963283539 0.030241429805755615 
vt 0.4997585713863373 0.039900004863739014 
vt 0.4900999963283539 0.039900004863739014 
vt 0.10999999195337296 0.010141432285308838 
vt 0.11975857615470886 0.019900023937225342 
vt 0.10024141520261765 0.019900023937225342 
vt 0.11989999562501907 0.00024145841598510742 
vt 0.11989999562501907 0.01975858211517334 
vt 0.11014141887426376 0.010000050067901611 
vt 0.11014141887426376 0.030000030994415283 
vt 0.11989999562501907 0.020241498947143555 
vt 0.11989999562501907 0.03975862264633179 
vt 0.9998999834060669 0.5997586250305176 
vt 0.9801414012908936 0.5800000429153442 
vt 0.9998999834060669 0.5602414608001709 
vt 0.9799999594688416 0.579858660697937 
vt 0.9602413773536682 0.5600999593734741 
vt 0.9997585415840149 0.5600999593734741 
vt 9.999999747378752e-05 0.5202414393424988 
vt 0.019858578220009804 0.5400000214576721 
vt 9.999999747378752e-05 0.5597585439682007 
vt 0.000241421366808936 0.5598999857902527 
vt 0.020000001415610313 0.5401414036750793 
vt 0.039758577942848206 0.5598999857902527 
vt 0.020141419023275375 0.5400000214576721 
vt 0.03989999741315842 0.5202414393424988 
vt 0.03989999741315842 0.5597586035728455 
vt 0.03975857421755791 0.5200999975204468 
vt 0.019999999552965164 0.5398586392402649 
vt 0.00024142135225702077 0.5200999975204468 
vt 0.11975857615470886 0.020100057125091553 
vt 0.10999999195337296 0.029858648777008057 
vt 0.10024141520261765 0.020100057125091553 
vt 0.0901414155960083 0.010000050067901611 
vt 0.09989999234676361 0.00024145841598510742 
vt 0.09989999979734421 0.019758641719818115 
vt 0.0997585728764534 0.00010001659393310547 
vt 0.08999999612569809 0.009858667850494385 
vt 0.08024141937494278 0.00010001659393310547 
vt 0.04010000079870224 0.5202414393424988 
vt 0.05985857546329498 0.5400000214576721 
vt 0.04010000079870224 0.5597585439682007 
vt 0.06000000238418579 0.5401414036750793 
vt 0.07975857704877853 0.5598999857902527 
vt 0.04024142026901245 0.5598999857902527 
vt 0.07989999651908875 0.5597586035728455 
vt 0.060141418129205704 0.5400000214576721 
vt 0.07989999651908875 0.5202414393424988 
vt 0.07975856959819794 0.5200999975204468 
vt 0.05999999865889549 0.5398586392402649 
vt 0.04024142026901245 0.5200999975204468 
vt 0.09985857456922531 0.5400000214576721 
vt 0.08009999990463257 0.5597585439682007 
vt 0.08009999990463257 0.5202414393424988 
vt 0.08024141937494278 0.5598999857902527 
vt 0.10000000149011612 0.5401414036750793 
vt 0.11975857615470886 0.5598999857902527 
vt 0.11989999562501907 0.5597586035728455 
vt 0.10014142096042633 0.5400000214576721 
vt 0.11989999562501907 0.5202414393424988 
vt 0.09999999403953552 0.5398586392402649 
vt 0.08024141937494278 0.5200999975204468 
vt 0.11975857615470886 0.5200999975204468 
vt 0.1200999990105629 0.5202414393424988 
vt 0.13985857367515564 0.5400000214576721 
vt 0.1200999990105629 0.5597585439682007 
vt 0.12024141848087311 0.5598999857902527 
vt 0.14000000059604645 0.5401414036750793 
vt 0.1597585678100586 0.5598999857902527 
vt 0.14014141261577606 0.5400000214576721 
vt 0.1598999947309494 0.5202414393424988 
vt 0.1598999947309494 0.5597586035728455 
vt 0.1597585678100586 0.5200999975204468 
vt 0.14000000059604645 0.5398586392402649 
vt 0.12024141848087311 0.5200999975204468 
vt 0.16009999811649323 0.5202414393424988 
vt 0.17985858023166656 0.5400000214576721 
vt 0.16009999811649323 0.5597585439682007 
vt 0.17999999225139618 0.5401414036750793 
vt 0.19975857436656952 0.5598999857902527 
vt 0.16024142503738403 0.5598999857902527 
vt 0.19990000128746033 0.5597586035728455 
vt 0.180141419172287 0.5400000214576721 
vt 0.19990000128746033 0.5202414393424988 
vt 0.19975857436656952 0.5200999975204468 
vt 0.17999999225139618 0.5398586392402649 
vt 0.16024142503738403 0.5200999975204468 
vt 0.2198585867881775 0.5400000214576721 
vt 0.20010000467300415 0.5597585439682007 
vt 0.20010000467300415 0.5202414393424988 
vt 0.20024143159389496 0.5598999857902527 
vt 0.2199999988079071 0.5401414036750793 
vt 0.23975858092308044 0.5598999857902527 
vt 0.23989999294281006 0.5597586035728455 
vt 0.2201414257287979 0.5400000214576721 
vt 0.23989999294281006 0.5202414393424988 
vt 0.2199999988079071 0.5398586392402649 
vt 0.20024143159389496 0.5200999975204468 
vt 0.23975858092308044 0.5200999975204468 
vt 0.24009999632835388 0.5202414393424988 
vt 0.2598585784435272 0.5400000214576721 
vt 0.24009999632835388 0.5597585439682007 
vt 0.2402414232492447 0.5598999857902527 
vt 0.25999999046325684 0.5401414036750793 
vt 0.2797585725784302 0.5598999857902527 
vt 0.26014140248298645 0.5400000214576721 
vt 0.2798999845981598 0.5202414393424988 
vt 0.2798999845981598 0.5597586035728455 
vt 0.2797585725784302 0.5200999975204468 
vt 0.25999999046325684 0.5398586392402649 
vt 0.2402414232492447 0.5200999975204468 
vt 0.2800999879837036 0.5202414393424988 
vt 0.29985857009887695 0.5400000214576721 
vt 0.2800999879837036 0.5597585439682007 
vt 0.30000001192092896 0.5401414036750793 
vt 0.3197585940361023 0.5598999857902527 
vt 0.2802414298057556 0.5598999857902527 
vt 0.3199000060558319 0.5597586035728455 
vt 0.30014142394065857 0.5400000214576721 
vt 0.3199000060558319 0.5202414393424988 
vt 0.3197585642337799 0.5200999975204468 
vt 0.30000001192092896 0.5398586392402649 
vt 0.2802414298057556 0.5200999975204468 
vt 0.3398585617542267 0.5400000214576721 
vt 0.32009997963905334 0.5597585439682007 
vt 0.32009997963905334 0.5202414393424988 
vt 0.32024142146110535 0.5598999857902527 
vt 0.3400000035762787 0.5401414036750793 
vt 0.35975855588912964 0.5598999857902527 
vt 0.35989999771118164 0.5597586035728455 
vt 0.3401414155960083 0.5400000214576721 
vt 0.35989999771118164 0.5202414393424988 
vt 0.3400000035762787 0.5398586392402649 
vt 0.32024142146110535 0.5200999975204468 
vt 0.35975855588912964 0.5200999975204468 
vt 0.36010000109672546 0.5202414393424988 
vt 0.3798585832118988 0.5400000214576721 
vt 0.36010000109672546 0.5597585439682007 
vt 0.36024144291877747 0.5598999857902527 
vt 0.3800000250339508 0.5401414036750793 
vt 0.39975857734680176 0.5598999857902527 
vt 0.3801414370536804 0.5400000214576721 
vt 0.39990001916885376 0.5202414393424988 
vt 0.39990001916885376 0.5597586035728455 
vt 0.39975857734680176 0.5200999975204468 
vt 0.3800000250339508 0.5398586392402649 
vt 0.36024144291877747 0.5200999975204468 
vt 0.4000999927520752 0.5202414393424988 
vt 0.41985857486724854 0.5400000214576721 
vt 0.4000999927520752 0.5597585439682007 
vt 0.42000001668930054 0.5401414036750793 
vt 0.4397585988044739 0.5598999857902527 
vt 0.4002414345741272 0.5598999857902527 
vt 0.4399000108242035 0.5597586035728455 
vt 0.42014142870903015 0.5400000214576721 
vt 0.4399000108242035 0.5202414393424988 
vt 0.4397585690021515 0.5200999975204468 
vt 0.42000001668930054 0.5398586392402649 
vt 0.4002414345741272 0.5200999975204468 
vt 0.45985856652259827 0.5400000214576721 
vt 0.4400999844074249 0.5597585439682007 
vt 0.4400999844074249 0.5202414393424988 
vt 0.44024142622947693 0.5598999857902527 
vt 0.46000000834465027 0.5401414036750793 
vt 0.4797585606575012 0.5598999857902527 
vt 0.4799000024795532 0.5597586035728455 
vt 0.4601414203643799 0.5400000214576721 
vt 0.4799000024795532 0.5202414393424988 
vt 0.46000000834465027 0.5398586392402649 
vt 0.44024142622947693 0.5200999975204468 
vt 0.4797585606575012 0.5200999975204468 
vt 0.48009997606277466 0.5202414393424988 
vt 0.499858558177948 0.5400000214576721 
vt 0.48009997606277466 0.5597585439682007 
vt 0.48024141788482666 0.5598999857902527 
vt 0.5 0.5401414036750793 
vt 0.5197585821151733 0.5598999857902527 
vt 0.5001413822174072 0.5400000214576721 
vt 0.5198999643325806 0.5202414393424988 
vt 0.5198999643325806 0.5597586035728455 
vt 0.5197585821151733 0.5200999975204468 
vt 0.5 0.5398586392402649 
vt 0.48024141788482666 0.5200999975204468 
vt 0.5200999975204468 0.5202414393424988 
vt 0.5398585796356201 0.5400000214576721 
vt 0.5200999975204468 0.5597585439682007 
vt 0.5399999618530273 0.5401414036750793 
vt 0.5597585439682007 0.5598999857902527 
vt 0.520241379737854 0.5598999857902527 
vt 0.5598999857902527 0.5597586035728455 
vt 0.5401414036750793 0.5400000214576721 
vt 0.5598999857902527 0.5202414393424988 
vt 0.5597585439682007 0.5200999975204468 
vt 0.5399999618530273 0.5398586392402649 
vt 0.520241379737854 0.5200999975204468 
vt 0.5798586010932922 0.5400000214576721 
vt 0.5601000189781189 0.5597585439682007 
vt 0.5601000189781189 0.5202414393424988 
vt 0.5602414011955261 0.5598999857902527 
vt 0.5799999833106995 0.5401414036750793 
vt 0.5997585654258728 0.5598999857902527 
vt 0.5999000072479248 0.5597586035728455 
vt 0.5801414251327515 0.5400000214576721 
vt 0.5999000072479248 0.5202414393424988 
vt 0.5799999833106995 0.5398586392402649 
vt 0.5602414011955261 0.5200999975204468 
vt 0.5997585654258728 0.5200999975204468 
vt 0.600100040435791 0.5202414393424988 
vt 0.6198586225509644 0.5400000214576721 
vt 0.600100040435791 0.5597585439682007 
vt 0.6002414226531982 0.5598999857902527 
vt 0.6200000047683716 0.5401414036750793 
vt 0.6397585868835449 0.5598999857902527 
vt 0.6201414465904236 0.5400000214576721 
vt 0.6399000287055969 0.5202414393424988 
vt 0.6399000287055969 0.5597586035728455 
vt 0.6397585868835449 0.5200999975204468 
vt 0.6200000047683716 0.5398586392402649 
vt 0.6002414226531982 0.5200999975204468 
vt 0.6401000022888184 0.5202414393424988 
vt 0.6598585844039917 0.5400000214576721 
vt 0.6401000022888184 0.5597585439682007 
vt 0.6599999666213989 0.5401414036750793 
vt 0.6797585487365723 0.5598999857902527 
vt 0.6402413845062256 0.5598999857902527 
vt 0.6798999905586243 0.5597586035728455 
vt 0.6601414084434509 0.5400000214576721 
vt 0.6798999905586243 0.5202414393424988 
vt 0.6797585487365723 0.5200999975204468 
vt 0.6599999666213989 0.5398586392402649 
vt 0.6402413845062256 0.5200999975204468 
vt 0.6998586058616638 0.5400000214576721 
vt 0.6801000237464905 0.5597585439682007 
vt 0.6801000237464905 0.5202414393424988 
vt 0.6802414059638977 0.5598999857902527 
vt 0.699999988079071 0.5401414036750793 
vt 0.7197585701942444 0.5598999857902527 
vt 0.9202414155006409 0.960099995136261 
vt 0.9599000215530396 0.960099995136261 
vt 0.9599000215530396 0.9997586011886597 
vt 0.960099995136261 0.9998999834060669 
vt 0.960099995136261 0.960241436958313 
vt 0.9997585415840149 0.9998999834060669 
vt 0.9602413773536682 0.960099995136261 
vt 0.9998999834060669 0.960099995136261 
vt 0.9998999834060669 0.9997586011886597 
vt 0.3801000118255615 0.09975862503051758 
vt 0.3801000118255615 0.08009999990463257 
vt 0.39975857734680176 0.08009999990463257 
vt 0.4000999927520752 0.10010004043579102 
vt 0.4197585880756378 0.10010004043579102 
vt 0.4000999927520752 0.11975854635238647 
vt 0.4197585880756378 0.0999000072479248 
vt 0.4000999927520752 0.0999000072479248 
vt 0.4000999927520752 0.08024144172668457 
vt 0.4397585988044739 0.11989998817443848 
vt 0.42010000348091125 0.11989998817443848 
vt 0.42010000348091125 0.10024142265319824 
vt 0.41990000009536743 0.11989998817443848 
vt 0.4002414345741272 0.11989998817443848 
vt 0.41990000009536743 0.10024142265319824 
vt 0.4399000108242035 0.08024144172668457 
vt 0.4399000108242035 0.0999000072479248 
vt 0.42024141550064087 0.0999000072479248 
vt 0.7199000120162964 0.5597586035728455 
vt 0.700141429901123 0.5400000214576721 
vt 0.7199000120162964 0.5202414393424988 
vt 0.699999988079071 0.5398586392402649 
vt 0.6802414059638977 0.5200999975204468 
vt 0.7197585701942444 0.5200999975204468 
vt 0.7201000452041626 0.5202414393424988 
vt 0.7398586273193359 0.5400000214576721 
vt 0.7201000452041626 0.5597585439682007 
vt 0.7202414274215698 0.5598999857902527 
vt 0.7400000095367432 0.5401414036750793 
vt 0.7597585916519165 0.5598999857902527 
vt 0.7401414513587952 0.5400000214576721 
vt 0.7599000334739685 0.5202414393424988 
vt 0.7599000334739685 0.5597586035728455 
vt 0.7597585916519165 0.5200999975204468 
vt 0.7400000095367432 0.5398586392402649 
vt 0.7202414274215698 0.5200999975204468 
vt 0.10024141520261765 0.00010001659393310547 
vt 0.11975857615470886 0.00010001659393310547 
vt 0.10999999940395355 0.009858667850494385 
vt 0.10009999573230743 0.00024145841598510742 
vt 0.10985857248306274 0.010000050067901611 
vt 0.10009999573230743 0.019758641719818115 
vt 0.12024141848087311 0.020100057125091553 
vt 0.13975857198238373 0.020100057125091553 
vt 0.12999999523162842 0.029858648777008057 
vt 0.42024141550064087 0.10010004043579102 
vt 0.4399000108242035 0.10010004043579102 
vt 0.4399000108242035 0.11975860595703125 
vt 0.41990000009536743 0.08009999990463257 
vt 0.41990000009536743 0.09975862503051758 
vt 0.4002414345741272 0.08009999990463257 
vt 0.42010000348091125 0.09975862503051758 
vt 0.42010000348091125 0.08009999990463257 
vt 0.4397585690021515 0.08009999990463257 
vt 0.4400999844074249 0.11975854635238647 
vt 0.4400999844074249 0.10010004043579102 
vt 0.45975857973098755 0.10010004043579102 
vt 0.4400999844074249 0.0999000072479248 
vt 0.4400999844074249 0.08024144172668457 
vt 0.45975857973098755 0.0999000072479248 
vt 0.4797585606575012 0.11989998817443848 
vt 0.460099995136261 0.11989998817443848 
vt 0.460099995136261 0.10024142265319824 
vt 0.45989999175071716 0.10024142265319824 
vt 0.45989999175071716 0.11989998817443848 
vt 0.44024142622947693 0.11989998817443848 
vt 0.4799000024795532 0.0999000072479248 
vt 0.4602414071559906 0.0999000072479248 
vt 0.4799000024795532 0.08024144172668457 
vt 0.4602414071559906 0.10010004043579102 
vt 0.4799000024795532 0.10010004043579102 
vt 0.4799000024795532 0.11975860595703125 
vt 0.1200999990105629 0.03975856304168701 
vt 0.1200999990105629 0.020241498947143555 
vt 0.1298585832118988 0.030000030994415283 
vt 0.1200999990105629 0.00024145841598510742 
vt 0.1298585832118988 0.010000050067901611 
vt 0.1200999990105629 0.01975858211517334 
vt 0.13975857198238373 0.019900023937225342 
vt 0.12024141848087311 0.019900023937225342 
vt 0.12999999523162842 0.010141432285308838 
vt 0.44024142622947693 0.08009999990463257 
vt 0.45989999175071716 0.08009999990463257 
vt 0.45989999175071716 0.09975862503051758 
vt 0.460099995136261 0.08009999990463257 
vt 0.4797585606575012 0.08009999990463257 
vt 0.460099995136261 0.09975862503051758 
vt 0.48009997606277466 0.11975854635238647 
vt 0.48009997606277466 0.10010004043579102 
vt 0.4997585713863373 0.10010004043579102 
vt 0.14010000228881836 0.02024143934249878 
vt 0.14985857903957367 0.030000030994415283 
vt 0.14010000228881836 0.03975856304168701 
vt 0.15000000596046448 0.03014141321182251 
vt 0.1597585678100586 0.039900004863739014 
vt 0.14024141430854797 0.039900004863739014 
vt 0.12024141848087311 0.039900004863739014 
vt 0.12999999523162842 0.03014141321182251 
vt 0.13975857198238373 0.039900004863739014 
vt 0.4997585713863373 0.0999000072479248 
vt 0.48009997606277466 0.0999000072479248 
vt 0.48009997606277466 0.08024144172668457 
vt 0.5001000165939331 0.11989998817443848 
vt 0.5001000165939331 0.10024142265319824 
vt 0.5197585821151733 0.11989998817443848 
vt 0.4998999834060669 0.10024142265319824 
vt 0.4998999834060669 0.11989998817443848 
vt 0.48024141788482666 0.11989998817443848 
vt 0.5198999643325806 0.08024144172668457 
vt 0.5198999643325806 0.0999000072479248 
vt 0.5002413988113403 0.0999000072479248 
vt 0.5198999643325806 0.10010004043579102 
vt 0.5198999643325806 0.11975860595703125 
vt 0.5002413988113403 0.10010004043579102 
vt 0.48024141788482666 0.08009999990463257 
vt 0.4998999834060669 0.08009999990463257 
vt 0.4998999834060669 0.09975862503051758 
vt 0.7601000070571899 0.5202414393424988 
vt 0.7798585891723633 0.5400000214576721 
vt 0.7601000070571899 0.5597585439682007 
vt 0.7799999713897705 0.5401414036750793 
vt 0.7997585535049438 0.5598999857902527 
vt 0.7602413892745972 0.5598999857902527 
vt 0.7998999953269958 0.5597586035728455 
vt 0.7801414132118225 0.5400000214576721 
vt 0.7998999953269958 0.5202414393424988 
vt 0.7997585535049438 0.5200999975204468 
vt 0.7799999713897705 0.5398586392402649 
vt 0.7602413892745972 0.5200999975204468 
vt 0.8198586106300354 0.5400000214576721 
vt 0.8001000285148621 0.5597585439682007 
vt 0.8001000285148621 0.5202414393424988 
vt 0.8002414107322693 0.5598999857902527 
vt 0.8199999928474426 0.5401414036750793 
vt 0.839758574962616 0.5598999857902527 
vt 0.5001000165939331 0.09975862503051758 
vt 0.5001000165939331 0.08009999990463257 
vt 0.5197585821151733 0.08009999990463257 
vt 0.5200999975204468 0.10010004043579102 
vt 0.539758563041687 0.10010004043579102 
vt 0.5200999975204468 0.11975854635238647 
vt 0.539758563041687 0.0999000072479248 
vt 0.5200999975204468 0.0999000072479248 
vt 0.5200999975204468 0.08024144172668457 
vt 0.5400999784469604 0.11989998817443848 
vt 0.5400999784469604 0.10024142265319824 
vt 0.5597585439682007 0.11989998817443848 
vt 0.520241379737854 0.11989998817443848 
vt 0.539900004863739 0.10024142265319824 
vt 0.539900004863739 0.11989998817443848 
vt 0.5598999857902527 0.0999000072479248 
vt 0.5402414202690125 0.0999000072479248 
vt 0.5598999857902527 0.08024144172668457 
vt 0.5402414202690125 0.10010004043579102 
vt 0.5598999857902527 0.10010004043579102 
vt 0.5598999857902527 0.11975860595703125 
vt 0.539900004863739 0.08009999990463257 
vt 0.539900004863739 0.09975862503051758 
vt 0.520241379737854 0.08009999990463257 
vt 0.5400999784469604 0.09975862503051758 
vt 0.5400999784469604 0.08009999990463257 
vt 0.5597585439682007 0.08009999990463257 
vt 0.839900016784668 0.5597586035728455 
vt 0.8201414346694946 0.5400000214576721 
vt 0.839900016784668 0.5202414393424988 
vt 0.8199999928474426 0.5398586392402649 
vt 0.8002414107322693 0.5200999975204468 
vt 0.839758574962616 0.5200999975204468 
vt 0.8400999903678894 0.5202414393424988 
vt 0.8598585724830627 0.5400000214576721 
vt 0.8400999903678894 0.5597585439682007 
vt 0.8402413725852966 0.5598999857902527 
vt 0.85999995470047 0.5401414036750793 
vt 0.8797585368156433 0.5598999857902527 
vt 0.860141396522522 0.5400000214576721 
vt 0.8798999786376953 0.5202414393424988 
vt 0.8798999786376953 0.5597586035728455 
vt 0.8797585368156433 0.5200999975204468 
vt 0.85999995470047 0.5398586392402649 
vt 0.8402413725852966 0.5200999975204468 
vt 0.8801000118255615 0.5202414393424988 
vt 0.8998585939407349 0.5400000214576721 
vt 0.8801000118255615 0.5597585439682007 
vt 0.8999999761581421 0.5401414036750793 
vt 0.9197585582733154 0.5598999857902527 
vt 0.8802413940429688 0.5598999857902527 
vt 0.9199000000953674 0.5597586035728455 
vt 0.9001414179801941 0.5400000214576721 
vt 0.9199000000953674 0.5202414393424988 
vt 0.9197585582733154 0.5200999975204468 
vt 0.8999999761581421 0.5398586392402649 
vt 0.8802413940429688 0.5200999975204468 
vt 0.939858615398407 0.5400000214576721 
vt 0.9201000332832336 0.5597585439682007 
vt 0.9201000332832336 0.5202414393424988 
vt 0.9202414155006409 0.5598999857902527 
vt 0.9399999976158142 0.5401414036750793 
vt 0.9597585797309875 0.5598999857902527 
vt 0.5601000189781189 0.11975854635238647 
vt 0.5601000189781189 0.10010004043579102 
vt 0.5797585844993591 0.10010004043579102 
vt 0.5601000189781189 0.0999000072479248 
vt 0.5601000189781189 0.08024144172668457 
vt 0.5797585844993591 0.0999000072479248 
vt 0.5997585654258728 0.11989998817443848 
vt 0.5800999999046326 0.11989998817443848 
vt 0.5800999999046326 0.10024142265319824 
vt 0.5799000263214111 0.10024142265319824 
vt 0.5799000263214111 0.11989998817443848 
vt 0.5602414011955261 0.11989998817443848 
vt 0.5999000072479248 0.0999000072479248 
vt 0.5802414417266846 0.0999000072479248 
vt 0.5999000072479248 0.08024144172668457 
vt 0.5802414417266846 0.10010004043579102 
vt 0.5999000072479248 0.10010004043579102 
vt 0.5999000072479248 0.11975860595703125 
vt 0.13014142215251923 0.030000030994415283 
vt 0.13989999890327454 0.02024143934249878 
vt 0.13989999890327454 0.03975856304168701 
vt 0.1597585678100586 0.019900023937225342 
vt 0.14024141430854797 0.019900023937225342 
vt 0.14999999105930328 0.010141432285308838 
vt 0.1501414179801941 0.010000050067901611 
vt 0.1598999947309494 0.00024145841598510742 
vt 0.1598999947309494 0.01975858211517334 
vt 0.9599000215530396 0.5597586035728455 
vt 0.9401414394378662 0.5400000214576721 
vt 0.9599000215530396 0.5202414393424988 
vt 0.9399999976158142 0.5398586392402649 
vt 0.9202414155006409 0.5200999975204468 
vt 0.9597585797309875 0.5200999975204468 
vt 0.960099995136261 0.5202414393424988 
vt 0.9798585772514343 0.5400000214576721 
vt 0.960099995136261 0.5597585439682007 
vt 0.1598999947309494 0.020241498947143555 
vt 0.1598999947309494 0.03975862264633179 
vt 0.1501414179801941 0.030000030994415283 
vt 0.1597585678100586 0.020100057125091553 
vt 0.14999999105930328 0.029858648777008057 
vt 0.14024141430854797 0.020100057125091553 
vt 0.13989999890327454 0.00024145841598510742 
vt 0.13989999890327454 0.019758641719818115 
vt 0.13014142215251923 0.010000050067901611 
vt 0.5602414011955261 0.08009999990463257 
vt 0.5799000263214111 0.08009999990463257 
vt 0.5799000263214111 0.09975862503051758 
vt 0.5800999999046326 0.08009999990463257 
vt 0.5997585654258728 0.08009999990463257 
vt 0.5800999999046326 0.09975862503051758 
vt 0.600100040435791 0.11975854635238647 
vt 0.600100040435791 0.10010004043579102 
vt 0.6197586059570312 0.10010004043579102 
vt 0.6197586059570312 0.0999000072479248 
vt 0.600100040435791 0.0999000072479248 
vt 0.600100040435791 0.08024144172668457 
vt 0.6201000213623047 0.11989998817443848 
vt 0.6201000213623047 0.10024142265319824 
vt 0.6397585868835449 0.11989998817443848 
vt 0.6199000477790833 0.10024142265319824 
vt 0.6199000477790833 0.11989998817443848 
vt 0.6002414226531982 0.11989998817443848 
vt 0.6399000287055969 0.08024144172668457 
vt 0.6399000287055969 0.0999000072479248 
vt 0.6202414631843567 0.0999000072479248 
vt 0.6399000287055969 0.10010004043579102 
vt 0.6399000287055969 0.11975860595703125 
vt 0.6202414631843567 0.10010004043579102 
vt 0.6002414226531982 0.08009999990463257 
vt 0.6199000477790833 0.08009999990463257 
vt 0.6199000477790833 0.09975862503051758 
vt 0.12999999523162842 0.009858667850494385 
vt 0.12024141848087311 0.00010001659393310547 
vt 0.13975857198238373 0.00010001659393310547 
vt 0.14024141430854797 0.00010001659393310547 
vt 0.1597585678100586 0.00010001659393310547 
vt 0.14999999105930328 0.009858667850494385 
vt 0.14985857903957367 0.010000050067901611 
vt 0.14010000228881836 0.019758641719818115 
vt 0.14010000228881836 0.00024145841598510742 
vt 0.6201000213623047 0.09975862503051758 
vt 0.6201000213623047 0.08009999990463257 
vt 0.6397585868835449 0.08009999990463257 
vt 0.6401000022888184 0.10010004043579102 
vt 0.6597585678100586 0.10010004043579102 
vt 0.6401000022888184 0.11975854635238647 
vt 0.6597585678100586 0.0999000072479248 
vt 0.6401000022888184 0.0999000072479248 
vt 0.6401000022888184 0.08024144172668457 
vt 0.17975857853889465 0.020100057125091553 
vt 0.17000000178813934 0.029858648777008057 
vt 0.16024142503738403 0.020100057125091553 
vt 0.16985857486724854 0.030000030994415283 
vt 0.16009999811649323 0.03975856304168701 
vt 0.16009999811649323 0.020241498947143555 
vt 0.16009999811649323 0.00024145841598510742 
vt 0.16985857486724854 0.010000050067901611 
vt 0.16009999811649323 0.01975858211517334 
vt 0.6797585487365723 0.11989998817443848 
vt 0.660099983215332 0.11989998817443848 
vt 0.660099983215332 0.10024142265319824 
vt 0.6599000096321106 0.11989998817443848 
vt 0.6402413845062256 0.11989998817443848 
vt 0.6599000096321106 0.10024142265319824 
vt 0.6798999905586243 0.08024144172668457 
vt 0.6798999905586243 0.0999000072479248 
vt 0.660241425037384 0.0999000072479248 
vt 0.660241425037384 0.10010004043579102 
vt 0.6798999905586243 0.10010004043579102 
vt 0.6798999905586243 0.11975860595703125 
vt 0.6599000096321106 0.08009999990463257 
vt 0.6599000096321106 0.09975862503051758 
vt 0.6402413845062256 0.08009999990463257 
vt 0.660099983215332 0.09975862503051758 
vt 0.660099983215332 0.08009999990463257 
vt 0.6797585487365723 0.08009999990463257 
vt 0.9602413773536682 0.5598999857902527 
vt 0.9799999594688416 0.5401414036750793 
vt 0.9997585415840149 0.5598999857902527 
vt 0.9801414012908936 0.5400000214576721 
vt 0.9998999834060669 0.5202414393424988 
vt 0.9998999834060669 0.5597586035728455 
vt 0.9997585415840149 0.5200999975204468 
vt 0.9799999594688416 0.5398586392402649 
vt 0.9602413773536682 0.5200999975204468 
vt 9.999999747378752e-05 0.48024141788482666 
vt 0.019858578220009804 0.5 
vt 9.999999747378752e-05 0.5197585821151733 
vt 0.020000001415610313 0.5001413822174072 
vt 0.039758577942848206 0.5198999643325806 
vt 0.000241421366808936 0.5198999643325806 
vt 0.03989999741315842 0.5197585821151733 
vt 0.020141419023275375 0.5 
vt 0.03989999741315842 0.48024141788482666 
vt 0.6997585892677307 0.10010004043579102 
vt 0.6801000237464905 0.11975854635238647 
vt 0.6801000237464905 0.10010004043579102 
vt 0.6997585892677307 0.0999000072479248 
vt 0.6801000237464905 0.0999000072479248 
vt 0.6801000237464905 0.08024144172668457 
vt 0.7001000046730042 0.10024142265319824 
vt 0.7197585701942444 0.11989998817443848 
vt 0.7001000046730042 0.11989998817443848 
vt 0.6999000310897827 0.10024142265319824 
vt 0.6999000310897827 0.11989998817443848 
vt 0.6802414059638977 0.11989998817443848 
vt 0.7199000120162964 0.0999000072479248 
vt 0.7002414464950562 0.0999000072479248 
vt 0.7199000120162964 0.08024144172668457 
vt 0.7002414464950562 0.10010004043579102 
vt 0.7199000120162964 0.10010004043579102 
vt 0.7199000120162964 0.11975860595703125 
vt 0.6802414059638977 0.08009999990463257 
vt 0.6999000310897827 0.08009999990463257 
vt 0.6999000310897827 0.09975862503051758 
vt 0.7001000046730042 0.08009999990463257 
vt 0.7197585701942444 0.08009999990463257 
vt 0.7001000046730042 0.09975862503051758 
vt 0.7201000452041626 0.11975854635238647 
vt 0.7201000452041626 0.10010004043579102 
vt 0.7397586107254028 0.10010004043579102 
vt 0.03975857421755791 0.48010003566741943 
vt 0.019999999552965164 0.4998586177825928 
vt 0.00024142135225702077 0.48010003566741943 
vt 0.05985857546329498 0.5 
vt 0.04010000079870224 0.5197585821151733 
vt 0.04010000079870224 0.48024141788482666 
vt 0.04024142026901245 0.5198999643325806 
vt 0.06000000238418579 0.5001413822174072 
vt 0.07975857704877853 0.5198999643325806 
vt 0.07989999651908875 0.5197585821151733 
vt 0.060141418129205704 0.5 
vt 0.07989999651908875 0.48024141788482666 
vt 0.05999999865889549 0.4998586177825928 
vt 0.04024142026901245 0.48010003566741943 
vt 0.07975856959819794 0.48010003566741943 
vt 0.08009999990463257 0.48024141788482666 
vt 0.09985857456922531 0.5 
vt 0.08009999990463257 0.5197585821151733 
vt 0.08024141937494278 0.5198999643325806 
vt 0.10000000149011612 0.5001413822174072 
vt 0.11975857615470886 0.5198999643325806 
vt 0.10014142096042633 0.5 
vt 0.11989999562501907 0.48024141788482666 
vt 0.11989999562501907 0.5197585821151733 
vt 0.11975857615470886 0.48010003566741943 
vt 0.09999999403953552 0.4998586177825928 
vt 0.08024141937494278 0.48010003566741943 
vt 0.1200999990105629 0.48024141788482666 
vt 0.13985857367515564 0.5 
vt 0.1200999990105629 0.5197585821151733 
vt 0.14000000059604645 0.5001413822174072 
vt 0.1597585678100586 0.5198999643325806 
vt 0.12024141848087311 0.5198999643325806 
vt 0.1598999947309494 0.5197585821151733 
vt 0.14014141261577606 0.5 
vt 0.1598999947309494 0.48024141788482666 
vt 0.1597585678100586 0.48010003566741943 
vt 0.14000000059604645 0.4998586177825928 
vt 0.12024141848087311 0.48010003566741943 
vt 0.17985858023166656 0.5 
vt 0.16009999811649323 0.5197585821151733 
vt 0.16009999811649323 0.48024141788482666 
vt 0.16024142503738403 0.5198999643325806 
vt 0.17999999225139618 0.5001413822174072 
vt 0.19975857436656952 0.5198999643325806 
vt 0.19990000128746033 0.5197585821151733 
vt 0.180141419172287 0.5 
vt 0.19990000128746033 0.48024141788482666 
vt 0.17999999225139618 0.4998586177825928 
vt 0.16024142503738403 0.48010003566741943 
vt 0.19975857436656952 0.48010003566741943 
vt 0.20010000467300415 0.48024141788482666 
vt 0.2198585867881775 0.5 
vt 0.20010000467300415 0.5197585821151733 
vt 0.20024143159389496 0.5198999643325806 
vt 0.2199999988079071 0.5001413822174072 
vt 0.23975858092308044 0.5198999643325806 
vt 0.2201414257287979 0.5 
vt 0.23989999294281006 0.48024141788482666 
vt 0.23989999294281006 0.5197585821151733 
vt 0.23975858092308044 0.48010003566741943 
vt 0.2199999988079071 0.4998586177825928 
vt 0.20024143159389496 0.48010003566741943 
vt 0.24009999632835388 0.48024141788482666 
vt 0.2598585784435272 0.5 
vt 0.24009999632835388 0.5197585821151733 
vt 0.25999999046325684 0.5001413822174072 
vt 0.2797585725784302 0.5198999643325806 
vt 0.2402414232492447 0.5198999643325806 
vt 0.2798999845981598 0.5197585821151733 
vt 0.26014140248298645 0.5 
vt 0.2798999845981598 0.48024141788482666 
vt 0.48989999294281006 0.039900004863739014 
vt 0.48024141788482666 0.039900004863739014 
vt 0.48989999294281006 0.030241429805755615 
vt 0.4902414083480835 0.029900014400482178 
vt 0.4998999834060669 0.02024143934249878 
vt 0.4998999834060669 0.029900014400482178 
vt 0.4998999834060669 0.03010004758834839 
vt 0.4998999834060669 0.03975856304168701 
vt 0.4902414083480835 0.03010004758834839 
vt 0.16024142503738403 0.019900023937225342 
vt 0.17000000178813934 0.010141432285308838 
vt 0.17975857853889465 0.019900023937225342 
vt 0.1898585706949234 0.030000030994415283 
vt 0.1800999939441681 0.03975856304168701 
vt 0.1800999939441681 0.02024143934249878 
vt 0.1802414208650589 0.039900004863739014 
vt 0.1899999976158142 0.03014141321182251 
vt 0.19975857436656952 0.039900004863739014 
vt 0.2797585725784302 0.48010003566741943 
vt 0.25999999046325684 0.4998586177825928 
vt 0.2402414232492447 0.48010003566741943 
vt 0.29985857009887695 0.5 
vt 0.2800999879837036 0.5197585821151733 
vt 0.2800999879837036 0.48024141788482666 
vt 0.2802414298057556 0.5198999643325806 
vt 0.30000001192092896 0.5001413822174072 
vt 0.3197585940361023 0.5198999643325806 
vt 0.3199000060558319 0.5197585821151733 
vt 0.30014142394065857 0.5 
vt 0.3199000060558319 0.48024141788482666 
vt 0.30000001192092896 0.4998586177825928 
vt 0.2802414298057556 0.48010003566741943 
vt 0.3197585642337799 0.48010003566741943 
vt 0.32009997963905334 0.48024141788482666 
vt 0.3398585617542267 0.5 
vt 0.32009997963905334 0.5197585821151733 
vt 0.17975857853889465 0.039900004863739014 
vt 0.16024142503738403 0.039900004863739014 
vt 0.17000000178813934 0.03014141321182251 
vt 0.17989999055862427 0.03975856304168701 
vt 0.17014141380786896 0.030000030994415283 
vt 0.17989999055862427 0.02024143934249878 
vt 0.19975857436656952 0.019900023937225342 
vt 0.1802414208650589 0.019900023937225342 
vt 0.1899999976158142 0.010141432285308838 
vt 0.32024142146110535 0.5198999643325806 
vt 0.3400000035762787 0.5001413822174072 
vt 0.35975855588912964 0.5198999643325806 
vt 0.3401414155960083 0.5 
vt 0.35989999771118164 0.48024141788482666 
vt 0.35989999771118164 0.5197585821151733 
vt 0.35975855588912964 0.48010003566741943 
vt 0.3400000035762787 0.4998586177825928 
vt 0.32024142146110535 0.48010003566741943 
vt 0.36010000109672546 0.48024141788482666 
vt 0.3798585832118988 0.5 
vt 0.36010000109672546 0.5197585821151733 
vt 0.3800000250339508 0.5001413822174072 
vt 0.39975857734680176 0.5198999643325806 
vt 0.36024144291877747 0.5198999643325806 
vt 0.39990001916885376 0.5197585821151733 
vt 0.3801414370536804 0.5 
vt 0.39990001916885376 0.48024141788482666 
vt 0.39975857734680176 0.48010003566741943 
vt 0.3800000250339508 0.4998586177825928 
vt 0.36024144291877747 0.48010003566741943 
vt 0.41985857486724854 0.5 
vt 0.4000999927520752 0.5197585821151733 
vt 0.4000999927520752 0.48024141788482666 
vt 0.4002414345741272 0.5198999643325806 
vt 0.42000001668930054 0.5001413822174072 
vt 0.4397585988044739 0.5198999643325806 
vt 0.4399000108242035 0.5197585821151733 
vt 0.42014142870903015 0.5 
vt 0.4399000108242035 0.48024141788482666 
vt 0.42000001668930054 0.4998586177825928 
vt 0.4002414345741272 0.48010003566741943 
vt 0.4397585690021515 0.48010003566741943 
vt 0.4400999844074249 0.48024141788482666 
vt 0.45985856652259827 0.5 
vt 0.4400999844074249 0.5197585821151733 
vt 0.44024142622947693 0.5198999643325806 
vt 0.46000000834465027 0.5001413822174072 
vt 0.4797585606575012 0.5198999643325806 
vt 0.4601414203643799 0.5 
vt 0.4799000024795532 0.48024141788482666 
vt 0.4799000024795532 0.5197585821151733 
vt 0.4797585606575012 0.48010003566741943 
vt 0.46000000834465027 0.4998586177825928 
vt 0.44024142622947693 0.48010003566741943 
vt 0.48009997606277466 0.48024141788482666 
vt 0.499858558177948 0.5 
vt 0.48009997606277466 0.5197585821151733 
vt 0.5 0.5001413822174072 
vt 0.5197585821151733 0.5198999643325806 
vt 0.48024141788482666 0.5198999643325806 
vt 0.5198999643325806 0.5197585821151733 
vt 0.5001413822174072 0.5 
vt 0.5198999643325806 0.48024141788482666 
vt 0.5197585821151733 0.48010003566741943 
vt 0.5 0.4998586177825928 
vt 0.48024141788482666 0.48010003566741943 
vt 0.5398585796356201 0.5 
vt 0.5200999975204468 0.5197585821151733 
vt 0.5200999975204468 0.48024141788482666 
vt 0.520241379737854 0.5198999643325806 
vt 0.5399999618530273 0.5001413822174072 
vt 0.5597585439682007 0.5198999643325806 
vt 0.5598999857902527 0.5197585821151733 
vt 0.5401414036750793 0.5 
vt 0.5598999857902527 0.48024141788482666 
vt 0.5399999618530273 0.4998586177825928 
vt 0.520241379737854 0.48010003566741943 
vt 0.5597585439682007 0.48010003566741943 
vt 0.5601000189781189 0.48024141788482666 
vt 0.5798586010932922 0.5 
vt 0.5601000189781189 0.5197585821151733 
vt 0.5602414011955261 0.5198999643325806 
vt 0.5799999833106995 0.5001413822174072 
vt 0.5997585654258728 0.5198999643325806 
vt 0.5801414251327515 0.5 
vt 0.5999000072479248 0.48024141788482666 
vt 0.5999000072479248 0.5197585821151733 
vt 0.5997585654258728 0.48010003566741943 
vt 0.5799999833106995 0.4998586177825928 
vt 0.5602414011955261 0.48010003566741943 
vt 0.600100040435791 0.48024141788482666 
vt 0.6198586225509644 0.5 
vt 0.600100040435791 0.5197585821151733 
vt 0.6200000047683716 0.5001413822174072 
vt 0.6397585868835449 0.5198999643325806 
vt 0.6002414226531982 0.5198999643325806 
vt 0.6399000287055969 0.5197585821151733 
vt 0.6201414465904236 0.5 
vt 0.6399000287055969 0.48024141788482666 
vt 0.6397585868835449 0.48010003566741943 
vt 0.6200000047683716 0.4998586177825928 
vt 0.6002414226531982 0.48010003566741943 
vt 0.6598585844039917 0.5 
vt 0.6401000022888184 0.5197585821151733 
vt 0.6401000022888184 0.48024141788482666 
vt 0.6402413845062256 0.5198999643325806 
vt 0.6599999666213989 0.5001413822174072 
vt 0.6797585487365723 0.5198999643325806 
vt 0.6798999905586243 0.5197585821151733 
vt 0.6601414084434509 0.5 
vt 0.6798999905586243 0.48024141788482666 
vt 0.6599999666213989 0.4998586177825928 
vt 0.6402413845062256 0.48010003566741943 
vt 0.6797585487365723 0.48010003566741943 
vt 0.6801000237464905 0.48024141788482666 
vt 0.6998586058616638 0.5 
vt 0.6801000237464905 0.5197585821151733 
vt 0.6802414059638977 0.5198999643325806 
vt 0.699999988079071 0.5001413822174072 
vt 0.7197585701942444 0.5198999643325806 
vt 0.700141429901123 0.5 
vt 0.7199000120162964 0.48024141788482666 
vt 0.7199000120162964 0.5197585821151733 
vt 0.7197585701942444 0.48010003566741943 
vt 0.699999988079071 0.4998586177825928 
vt 0.6802414059638977 0.48010003566741943 
vt 0.7201000452041626 0.48024141788482666 
vt 0.7398586273193359 0.5 
vt 0.7201000452041626 0.5197585821151733 
vt 0.7400000095367432 0.5001413822174072 
vt 0.7597585916519165 0.5198999643325806 
vt 0.7202414274215698 0.5198999643325806 
vt 0.7599000334739685 0.5197585821151733 
vt 0.7401414513587952 0.5 
vt 0.7599000334739685 0.48024141788482666 
vt 0.7597585916519165 0.48010003566741943 
vt 0.7400000095367432 0.4998586177825928 
vt 0.7202414274215698 0.48010003566741943 
vt 0.7798585891723633 0.5 
vt 0.7601000070571899 0.5197585821151733 
vt 0.7601000070571899 0.48024141788482666 
vt 0.7602413892745972 0.5198999643325806 
vt 0.7799999713897705 0.5001413822174072 
vt 0.7997585535049438 0.5198999643325806 
vt 0.7998999953269958 0.5197585821151733 
vt 0.7801414132118225 0.5 
vt 0.7998999953269958 0.48024141788482666 
vt 0.7799999713897705 0.4998586177825928 
vt 0.7602413892745972 0.48010003566741943 
vt 0.7997585535049438 0.48010003566741943 
vt 0.8001000285148621 0.48024141788482666 
vt 0.8198586106300354 0.5 
vt 0.8001000285148621 0.5197585821151733 
vt 0.8002414107322693 0.5198999643325806 
vt 0.8199999928474426 0.5001413822174072 
vt 0.839758574962616 0.5198999643325806 
vt 0.8201414346694946 0.5 
vt 0.839900016784668 0.48024141788482666 
vt 0.839900016784668 0.5197585821151733 
vt 0.839758574962616 0.48010003566741943 
vt 0.8199999928474426 0.4998586177825928 
vt 0.8002414107322693 0.48010003566741943 
vt 0.8400999903678894 0.48024141788482666 
vt 0.8598585724830627 0.5 
vt 0.8400999903678894 0.5197585821151733 
vt 0.85999995470047 0.5001413822174072 
vt 0.8797585368156433 0.5198999643325806 
vt 0.8402413725852966 0.5198999643325806 
vt 0.8798999786376953 0.5197585821151733 
vt 0.860141396522522 0.5 
vt 0.8798999786376953 0.48024141788482666 
vt 0.8797585368156433 0.48010003566741943 
vt 0.85999995470047 0.4998586177825928 
vt 0.8402413725852966 0.48010003566741943 
vt 0.8998585939407349 0.5 
vt 0.8801000118255615 0.5197585821151733 
vt 0.8801000118255615 0.48024141788482666 
vt 0.8802413940429688 0.5198999643325806 
vt 0.8999999761581421 0.5001413822174072 
vt 0.9197585582733154 0.5198999643325806 
vt 0.9199000000953674 0.5197585821151733 
vt 0.9001414179801941 0.5 
vt 0.9199000000953674 0.48024141788482666 
vt 0.8999999761581421 0.4998586177825928 
vt 0.8802413940429688 0.48010003566741943 
vt 0.9197585582733154 0.48010003566741943 
vt 0.9201000332832336 0.48024141788482666 
vt 0.939858615398407 0.5 
vt 0.9201000332832336 0.5197585821151733 
vt 0.9202414155006409 0.5198999643325806 
vt 0.9399999976158142 0.5001413822174072 
vt 0.9597585797309875 0.5198999643325806 
vt 0.9401414394378662 0.5 
vt 0.9599000215530396 0.48024141788482666 
vt 0.9599000215530396 0.5197585821151733 
vt 0.9597585797309875 0.48010003566741943 
vt 0.9399999976158142 0.4998586177825928 
vt 0.9202414155006409 0.48010003566741943 
vt 0.960099995136261 0.48024141788482666 
vt 0.9798585772514343 0.5 
vt 0.960099995136261 0.5197585821151733 
vt 0.9799999594688416 0.5001413822174072 
vt 0.9997585415840149 0.5198999643325806 
vt 0.9602413773536682 0.5198999643325806 
vt 0.9998999834060669 0.5197585821151733 
vt 0.9801414012908936 0.5 
vt 0.9998999834060669 0.48024141788482666 
vt 0.039758577942848206 0.9598999619483948 
vt 9.999999747378752e-05 0.9598999619483948 
vt 9.999999747378752e-05 0.9202414155006409 
vt 0.03989999741315842 0.9200999736785889 
vt 0.03989999741315842 0.9597585797309875 
vt 0.00024142135225702077 0.9200999736785889 
vt 0.07975857704877853 0.9598999619483948 
vt 0.04010000079870224 0.9598999619483948 
vt 0.04010000079870224 0.9202414155006409 
vt 0.9997585415840149 0.48010003566741943 
vt 0.9799999594688416 0.4998586177825928 
vt 0.9602413773536682 0.48010003566741943 
vt 0.019858578220009804 0.46000003814697266 
vt 9.999999747378752e-05 0.4797585606575012 
vt 9.999999747378752e-05 0.4402414560317993 
vt 0.000241421366808936 0.4799000024795532 
vt 0.020000001415610313 0.4601414203643799 
vt 0.039758577942848206 0.4799000024795532 
vt 0.03989999741315842 0.479758620262146 
vt 0.020141419023275375 0.46000003814697266 
vt 0.03989999741315842 0.4402414560317993 
vt 0.019999999552965164 0.45985865592956543 
vt 0.00024142135225702077 0.4401000142097473 
vt 0.03975857421755791 0.4401000142097473 
vt 0.04010000079870224 0.4402414560317993 
vt 0.05985857546329498 0.46000003814697266 
vt 0.04010000079870224 0.4797585606575012 
vt 0.04024142026901245 0.4799000024795532 
vt 0.06000000238418579 0.4601414203643799 
vt 0.07975857704877853 0.4799000024795532 
vt 0.060141418129205704 0.46000003814697266 
vt 0.07989999651908875 0.4402414560317993 
vt 0.07989999651908875 0.479758620262146 
vt 0.07975856959819794 0.4401000142097473 
vt 0.05999999865889549 0.45985865592956543 
vt 0.04024142026901245 0.4401000142097473 
vt 0.08009999990463257 0.4402414560317993 
vt 0.09985857456922531 0.46000003814697266 
vt 0.08009999990463257 0.4797585606575012 
vt 0.10000000149011612 0.4601414203643799 
vt 0.11975857615470886 0.4799000024795532 
vt 0.08024141937494278 0.4799000024795532 
vt 0.11989999562501907 0.479758620262146 
vt 0.10014142096042633 0.46000003814697266 
vt 0.11989999562501907 0.4402414560317993 
vt 0.5101000070571899 0.010241448879241943 
vt 0.5197585821151733 0.019900023937225342 
vt 0.5101000070571899 0.019900023937225342 
vt 0.5098999738693237 0.010241448879241943 
vt 0.5098999738693237 0.019900023937225342 
vt 0.5002413988113403 0.019900023937225342 
vt 0.5102413892745972 0.009900033473968506 
vt 0.5198999643325806 0.00024145841598510742 
vt 0.5198999643325806 0.009900033473968506 
vt 0.19990000128746033 0.01975858211517334 
vt 0.19014140963554382 0.010000050067901611 
vt 0.19990000128746033 0.00024145841598510742 
vt 0.19014140963554382 0.030000030994415283 
vt 0.19990000128746033 0.020241498947143555 
vt 0.19990000128746033 0.03975862264633179 
vt 0.19975857436656952 0.020100057125091553 
vt 0.1899999976158142 0.029858648777008057 
vt 0.1802414208650589 0.020100057125091553 
vt 0.11975857615470886 0.4401000142097473 
vt 0.09999999403953552 0.45985865592956543 
vt 0.08024141937494278 0.4401000142097473 
vt 0.13985857367515564 0.46000003814697266 
vt 0.1200999990105629 0.4797585606575012 
vt 0.1200999990105629 0.4402414560317993 
vt 0.12024141848087311 0.4799000024795532 
vt 0.14000000059604645 0.4601414203643799 
vt 0.1597585678100586 0.4799000024795532 
vt 0.1598999947309494 0.479758620262146 
vt 0.14014141261577606 0.46000003814697266 
vt 0.1598999947309494 0.4402414560317993 
vt 0.14000000059604645 0.45985865592956543 
vt 0.12024141848087311 0.4401000142097473 
vt 0.1597585678100586 0.4401000142097473 
vt 0.16009999811649323 0.4402414560317993 
vt 0.17985858023166656 0.46000003814697266 
vt 0.16009999811649323 0.4797585606575012 
vt 0.17014141380786896 0.010000050067901611 
vt 0.17989999055862427 0.00024145841598510742 
vt 0.17989999055862427 0.019758641719818115 
vt 0.16024142503738403 0.00010001659393310547 
vt 0.17975857853889465 0.00010001659393310547 
vt 0.17000000178813934 0.009858667850494385 
vt 0.1899999976158142 0.009858667850494385 
vt 0.1802414208650589 0.00010001659393310547 
vt 0.19975857436656952 0.00010001659393310547 
vt 0.16024142503738403 0.4799000024795532 
vt 0.17999999225139618 0.4601414203643799 
vt 0.19975857436656952 0.4799000024795532 
vt 0.180141419172287 0.46000003814697266 
vt 0.19990000128746033 0.4402414560317993 
vt 0.19990000128746033 0.479758620262146 
vt 0.19975857436656952 0.4401000142097473 
vt 0.17999999225139618 0.45985865592956543 
vt 0.16024142503738403 0.4401000142097473 
vt 0.20010000467300415 0.4402414560317993 
vt 0.2198585867881775 0.46000003814697266 
vt 0.20010000467300415 0.4797585606575012 
vt 0.2199999988079071 0.4601414203643799 
vt 0.23975858092308044 0.4799000024795532 
vt 0.20024143159389496 0.4799000024795532 
vt 0.23989999294281006 0.479758620262146 
vt 0.2201414257287979 0.46000003814697266 
vt 0.23989999294281006 0.4402414560317993 
vt 0.23975858092308044 0.4401000142097473 
vt 0.2199999988079071 0.45985865592956543 
vt 0.20024143159389496 0.4401000142097473 
vt 0.2598585784435272 0.46000003814697266 
vt 0.24009999632835388 0.4797585606575012 
vt 0.24009999632835388 0.4402414560317993 
vt 0.2402414232492447 0.4799000024795532 
vt 0.25999999046325684 0.4601414203643799 
vt 0.2797585725784302 0.4799000024795532 
vt 0.2798999845981598 0.479758620262146 
vt 0.26014140248298645 0.46000003814697266 
vt 0.2798999845981598 0.4402414560317993 
vt 0.25999999046325684 0.45985865592956543 
vt 0.2402414232492447 0.4401000142097473 
vt 0.2797585725784302 0.4401000142097473 
vt 0.2800999879837036 0.4402414560317993 
vt 0.29985857009887695 0.46000003814697266 
vt 0.2800999879837036 0.4797585606575012 
vt 0.2802414298057556 0.4799000024795532 
vt 0.30000001192092896 0.4601414203643799 
vt 0.3197585940361023 0.4799000024795532 
vt 0.30014142394065857 0.46000003814697266 
vt 0.3199000060558319 0.4402414560317993 
vt 0.3199000060558319 0.479758620262146 
vt 0.3197585642337799 0.4401000142097473 
vt 0.30000001192092896 0.45985865592956543 
vt 0.2802414298057556 0.4401000142097473 
vt 0.32009997963905334 0.4402414560317993 
vt 0.3398585617542267 0.46000003814697266 
vt 0.32009997963905334 0.4797585606575012 
vt 0.3400000035762787 0.4601414203643799 
vt 0.35975855588912964 0.4799000024795532 
vt 0.32024142146110535 0.4799000024795532 
vt 0.35989999771118164 0.479758620262146 
vt 0.3401414155960083 0.46000003814697266 
vt 0.35989999771118164 0.4402414560317993 
vt 0.35975855588912964 0.4401000142097473 
vt 0.3400000035762787 0.45985865592956543 
vt 0.32024142146110535 0.4401000142097473 
vt 0.3798585832118988 0.46000003814697266 
vt 0.36010000109672546 0.4797585606575012 
vt 0.36010000109672546 0.4402414560317993 
vt 0.36024144291877747 0.4799000024795532 
vt 0.3800000250339508 0.4601414203643799 
vt 0.39975857734680176 0.4799000024795532 
vt 0.39990001916885376 0.479758620262146 
vt 0.3801414370536804 0.46000003814697266 
vt 0.39990001916885376 0.4402414560317993 
vt 0.3800000250339508 0.45985865592956543 
vt 0.36024144291877747 0.4401000142097473 
vt 0.39975857734680176 0.4401000142097473 
vt 0.4000999927520752 0.4402414560317993 
vt 0.41985857486724854 0.46000003814697266 
vt 0.4000999927520752 0.4797585606575012 
vt 0.4002414345741272 0.4799000024795532 
vt 0.42000001668930054 0.4601414203643799 
vt 0.4397585988044739 0.4799000024795532 
vt 0.42014142870903015 0.46000003814697266 
vt 0.4399000108242035 0.4402414560317993 
vt 0.4399000108242035 0.479758620262146 
vt 0.4397585690021515 0.4401000142097473 
vt 0.42000001668930054 0.45985865592956543 
vt 0.4002414345741272 0.4401000142097473 
vt 0.4400999844074249 0.4402414560317993 
vt 0.45985856652259827 0.46000003814697266 
vt 0.4400999844074249 0.4797585606575012 
vt 0.46000000834465027 0.4601414203643799 
vt 0.4797585606575012 0.4799000024795532 
vt 0.44024142622947693 0.4799000024795532 
vt 0.4799000024795532 0.479758620262146 
vt 0.4601414203643799 0.46000003814697266 
vt 0.4799000024795532 0.4402414560317993 
vt 0.4797585606575012 0.4401000142097473 
vt 0.46000000834465027 0.45985865592956543 
vt 0.44024142622947693 0.4401000142097473 
vt 0.499858558177948 0.46000003814697266 
vt 0.48009997606277466 0.4797585606575012 
vt 0.48009997606277466 0.4402414560317993 
vt 0.48024141788482666 0.4799000024795532 
vt 0.5 0.4601414203643799 
vt 0.5197585821151733 0.4799000024795532 
vt 0.5198999643325806 0.479758620262146 
vt 0.5001413822174072 0.46000003814697266 
vt 0.5198999643325806 0.4402414560317993 
vt 0.5 0.45985865592956543 
vt 0.48024141788482666 0.4401000142097473 
vt 0.5197585821151733 0.4401000142097473 
vt 0.5200999975204468 0.4402414560317993 
vt 0.5398585796356201 0.46000003814697266 
vt 0.5200999975204468 0.4797585606575012 
vt 0.520241379737854 0.4799000024795532 
vt 0.5399999618530273 0.4601414203643799 
vt 0.5597585439682007 0.4799000024795532 
vt 0.5401414036750793 0.46000003814697266 
vt 0.5598999857902527 0.4402414560317993 
vt 0.5598999857902527 0.479758620262146 
vt 0.5597585439682007 0.4401000142097473 
vt 0.5399999618530273 0.45985865592956543 
vt 0.520241379737854 0.4401000142097473 
vt 0.5601000189781189 0.4402414560317993 
vt 0.5798586010932922 0.46000003814697266 
vt 0.5601000189781189 0.4797585606575012 
vt 0.5799999833106995 0.4601414203643799 
vt 0.5997585654258728 0.4799000024795532 
vt 0.5602414011955261 0.4799000024795532 
vt 0.5999000072479248 0.479758620262146 
vt 0.5801414251327515 0.46000003814697266 
vt 0.5999000072479248 0.4402414560317993 
vt 0.5997585654258728 0.4401000142097473 
vt 0.5799999833106995 0.45985865592956543 
vt 0.5602414011955261 0.4401000142097473 
vt 0.6198586225509644 0.46000003814697266 
vt 0.600100040435791 0.4797585606575012 
vt 0.600100040435791 0.4402414560317993 
vt 0.6002414226531982 0.4799000024795532 
vt 0.6200000047683716 0.4601414203643799 
vt 0.6397585868835449 0.4799000024795532 
vt 0.6399000287055969 0.479758620262146 
vt 0.6201414465904236 0.46000003814697266 
vt 0.6399000287055969 0.4402414560317993 
vt 0.6200000047683716 0.45985865592956543 
vt 0.6002414226531982 0.4401000142097473 
vt 0.6397585868835449 0.4401000142097473 
vt 0.6401000022888184 0.4402414560317993 
vt 0.6598585844039917 0.46000003814697266 
vt 0.6401000022888184 0.4797585606575012 
vt 0.6402413845062256 0.4799000024795532 
vt 0.6599999666213989 0.4601414203643799 
vt 0.6797585487365723 0.4799000024795532 
vt 0.6601414084434509 0.46000003814697266 
vt 0.6798999905586243 0.4402414560317993 
vt 0.6798999905586243 0.479758620262146 
vt 0.6797585487365723 0.4401000142097473 
vt 0.6599999666213989 0.45985865592956543 
vt 0.6402413845062256 0.4401000142097473 
vt 0.6801000237464905 0.4402414560317993 
vt 0.6998586058616638 0.46000003814697266 
vt 0.6801000237464905 0.4797585606575012 
vt 0.699999988079071 0.4601414203643799 
vt 0.7197585701942444 0.4799000024795532 
vt 0.6802414059638977 0.4799000024795532 
vt 0.7199000120162964 0.479758620262146 
vt 0.700141429901123 0.46000003814697266 
vt 0.7199000120162964 0.4402414560317993 
vt 0.7197585701942444 0.4401000142097473 
vt 0.699999988079071 0.45985865592956543 
vt 0.6802414059638977 0.4401000142097473 
vt 0.7398586273193359 0.46000003814697266 
vt 0.7201000452041626 0.4797585606575012 
vt 0.7201000452041626 0.4402414560317993 
vt 0.7202414274215698 0.4799000024795532 
vt 0.7400000095367432 0.4601414203643799 
vt 0.7597585916519165 0.4799000024795532 
vt 0.7599000334739685 0.479758620262146 
vt 0.7401414513587952 0.46000003814697266 
vt 0.7599000334739685 0.4402414560317993 
vt 0.7400000095367432 0.45985865592956543 
vt 0.7202414274215698 0.4401000142097473 
vt 0.7597585916519165 0.4401000142097473 
vt 0.7601000070571899 0.4402414560317993 
vt 0.7798585891723633 0.46000003814697266 
vt 0.7601000070571899 0.4797585606575012 
vt 0.7602413892745972 0.4799000024795532 
vt 0.7799999713897705 0.4601414203643799 
vt 0.7997585535049438 0.4799000024795532 
vt 0.7801414132118225 0.46000003814697266 
vt 0.7998999953269958 0.4402414560317993 
vt 0.7998999953269958 0.479758620262146 
vt 0.7997585535049438 0.4401000142097473 
vt 0.7799999713897705 0.45985865592956543 
vt 0.7602413892745972 0.4401000142097473 
vt 0.8001000285148621 0.4402414560317993 
vt 0.8198586106300354 0.46000003814697266 
vt 0.8001000285148621 0.4797585606575012 
vt 0.8199999928474426 0.4601414203643799 
vt 0.839758574962616 0.4799000024795532 
vt 0.8002414107322693 0.4799000024795532 
vt 0.839900016784668 0.479758620262146 
vt 0.8201414346694946 0.46000003814697266 
vt 0.839900016784668 0.4402414560317993 
vt 0.04024142026901245 0.9200999736785889 
vt 0.07989999651908875 0.9200999736785889 
vt 0.07989999651908875 0.9597585797309875 
vt 0.08009999990463257 0.9598999619483948 
vt 0.08009999990463257 0.9202414155006409 
vt 0.11975857615470886 0.9598999619483948 
vt 0.08024141937494278 0.9200999736785889 
vt 0.11989999562501907 0.9200999736785889 
vt 0.11989999562501907 0.9597585797309875 
vt 0.8002414107322693 0.4401000142097473 
vt 0.839758574962616 0.4401000142097473 
vt 0.8199999928474426 0.45985865592956543 
vt 0.8400999903678894 0.4402414560317993 
vt 0.8598585724830627 0.46000003814697266 
vt 0.8400999903678894 0.4797585606575012 
vt 0.8797585368156433 0.4799000024795532 
vt 0.8402413725852966 0.4799000024795532 
vt 0.85999995470047 0.4601414203643799 
vt 0.8798999786376953 0.4402414560317993 
vt 0.8798999786376953 0.479758620262146 
vt 0.860141396522522 0.46000003814697266 
vt 0.8797585368156433 0.4401000142097473 
vt 0.85999995470047 0.45985865592956543 
vt 0.8402413725852966 0.4401000142097473 
vt 0.8801000118255615 0.4797585606575012 
vt 0.8801000118255615 0.4402414560317993 
vt 0.8998585939407349 0.46000003814697266 
vt 0.5198999643325806 0.01975858211517334 
vt 0.5102413892745972 0.010100066661834717 
vt 0.5198999643325806 0.010100066661834717 
vt 0.5198999643325806 0.020241498947143555 
vt 0.5198999643325806 0.029900014400482178 
vt 0.5102413892745972 0.029900014400482178 
vt 0.5198999643325806 0.03975862264633179 
vt 0.5102413892745972 0.03010004758834839 
vt 0.5198999643325806 0.03010004758834839 
vt 0.9197585582733154 0.4799000024795532 
vt 0.8802413940429688 0.4799000024795532 
vt 0.8999999761581421 0.4601414203643799 
vt 0.9199000000953674 0.479758620262146 
vt 0.9001414179801941 0.46000003814697266 
vt 0.9199000000953674 0.4402414560317993 
vt 0.8802413940429688 0.4401000142097473 
vt 0.9197585582733154 0.4401000142097473 
vt 0.8999999761581421 0.45985865592956543 
vt 0.9201000332832336 0.4797585606575012 
vt 0.9201000332832336 0.4402414560317993 
vt 0.939858615398407 0.46000003814697266 
vt 0.9202414155006409 0.4799000024795532 
vt 0.9399999976158142 0.4601414203643799 
vt 0.9597585797309875 0.4799000024795532 
vt 0.9599000215530396 0.4402414560317993 
vt 0.9599000215530396 0.479758620262146 
vt 0.9401414394378662 0.46000003814697266 
vt 0.9202414155006409 0.4401000142097473 
vt 0.9597585797309875 0.4401000142097473 
vt 0.9399999976158142 0.45985865592956543 
vt 0.960099995136261 0.4402414560317993 
vt 0.9798585772514343 0.46000003814697266 
vt 0.960099995136261 0.4797585606575012 
vt 0.9997585415840149 0.4799000024795532 
vt 0.9602413773536682 0.4799000024795532 
vt 0.9799999594688416 0.4601414203643799 
vt 0.1200999990105629 0.9202414155006409 
vt 0.1597585678100586 0.9598999619483948 
vt 0.1200999990105629 0.9598999619483948 
vt 0.12024141848087311 0.9200999736785889 
vt 0.1598999947309494 0.9200999736785889 
vt 0.1598999947309494 0.9597585797309875 
vt 0.16009999811649323 0.9202414155006409 
vt 0.19975857436656952 0.9598999619483948 
vt 0.16009999811649323 0.9598999619483948 
vt 0.7201000452041626 0.08024144172668457 
vt 0.7397586107254028 0.0999000072479248 
vt 0.7201000452041626 0.0999000072479248 
vt 0.7597585916519165 0.11989998817443848 
vt 0.7401000261306763 0.11989998817443848 
vt 0.7401000261306763 0.10024142265319824 
vt 0.7202414274215698 0.11989998817443848 
vt 0.7399000525474548 0.10024142265319824 
vt 0.7399000525474548 0.11989998817443848 
vt 0.1800999939441681 0.019758641719818115 
vt 0.1800999939441681 0.00024145841598510742 
vt 0.1898585706949234 0.010000050067901611 
vt 0.21975858509540558 0.020100057125091553 
vt 0.21000000834465027 0.029858648777008057 
vt 0.20024143159389496 0.020100057125091553 
vt 0.20010000467300415 0.03975856304168701 
vt 0.20010000467300415 0.020241498947143555 
vt 0.20985858142375946 0.030000030994415283 
vt 0.20010000467300415 0.01975858211517334 
vt 0.20010000467300415 0.00024145841598510742 
vt 0.20985858142375946 0.010000050067901611 
vt 0.20024143159389496 0.019900023937225342 
vt 0.21000000834465027 0.010141432285308838 
vt 0.21975858509540558 0.019900023937225342 
vt 0.22010000050067902 0.03975856304168701 
vt 0.22010000050067902 0.02024143934249878 
vt 0.22985857725143433 0.030000030994415283 
vt 0.9998999834060669 0.4402414560317993 
vt 0.9998999834060669 0.479758620262146 
vt 0.9801414012908936 0.46000003814697266 
vt 0.9997585415840149 0.4401000142097473 
vt 0.9799999594688416 0.45985865592956543 
vt 0.9602413773536682 0.4401000142097473 
vt 9.999999747378752e-05 0.4397585391998291 
vt 9.999999747378752e-05 0.4002414345741272 
vt 0.019858578220009804 0.42000001668930054 
vt 0.7402414679527283 0.0999000072479248 
vt 0.7599000334739685 0.08024144172668457 
vt 0.7599000334739685 0.0999000072479248 
vt 0.7402414679527283 0.10010004043579102 
vt 0.7599000334739685 0.10010004043579102 
vt 0.7599000334739685 0.11975860595703125 
vt 0.7399000525474548 0.09975862503051758 
vt 0.7202414274215698 0.08009999990463257 
vt 0.7399000525474548 0.08009999990463257 
vt 0.19990000128746033 0.9597585797309875 
vt 0.16024142503738403 0.9200999736785889 
vt 0.19990000128746033 0.9200999736785889 
vt 0.23975858092308044 0.9598999619483948 
vt 0.20010000467300415 0.9598999619483948 
vt 0.20010000467300415 0.9202414155006409 
vt 0.23989999294281006 0.9597585797309875 
vt 0.20024143159389496 0.9200999736785889 
vt 0.23989999294281006 0.9200999736785889 
vt 0.7597585916519165 0.08009999990463257 
vt 0.7401000261306763 0.09975862503051758 
vt 0.7401000261306763 0.08009999990463257 
vt 0.7601000070571899 0.11975854635238647 
vt 0.7601000070571899 0.10010004043579102 
vt 0.7797585725784302 0.10010004043579102 
vt 0.7601000070571899 0.08024144172668457 
vt 0.7797585725784302 0.0999000072479248 
vt 0.7601000070571899 0.0999000072479248 
vt 0.039758577942848206 0.4398999810218811 
vt 0.000241421366808936 0.4398999810218811 
vt 0.020000001415610313 0.42014139890670776 
vt 0.03989999741315842 0.4397585988044739 
vt 0.020141419023275375 0.42000001668930054 
vt 0.03989999741315842 0.4002414345741272 
vt 0.00024142135225702077 0.4000999927520752 
vt 0.03975857421755791 0.4000999927520752 
vt 0.019999999552965164 0.4198586344718933 
vt 0.04010000079870224 0.4002414345741272 
vt 0.05985857546329498 0.42000001668930054 
vt 0.04010000079870224 0.4397585391998291 
vt 0.06000000238418579 0.42014139890670776 
vt 0.07975857704877853 0.4398999810218811 
vt 0.04024142026901245 0.4398999810218811 
vt 0.07989999651908875 0.4397585988044739 
vt 0.060141418129205704 0.42000001668930054 
vt 0.07989999651908875 0.4002414345741272 
vt 0.5502414107322693 0.009900033473968506 
vt 0.5550000071525574 0.00514143705368042 
vt 0.5597585439682007 0.009900033473968506 
vt 0.5551413893699646 0.005000054836273193 
vt 0.5598999857902527 0.00024145841598510742 
vt 0.5598999857902527 0.009758591651916504 
vt 0.5598999857902527 0.01975858211517334 
vt 0.5551413893699646 0.01500004529953003 
vt 0.5598999857902527 0.010241508483886719 
vt 0.7800999879837036 0.10024142265319824 
vt 0.7997585535049438 0.11989998817443848 
vt 0.7800999879837036 0.11989998817443848 
vt 0.7799000144004822 0.10024142265319824 
vt 0.7799000144004822 0.11989998817443848 
vt 0.7602413892745972 0.11989998817443848 
vt 0.7802414298057556 0.0999000072479248 
vt 0.7998999953269958 0.08024144172668457 
vt 0.7998999953269958 0.0999000072479248 
vt 0.23975858092308044 0.039900004863739014 
vt 0.22024142742156982 0.039900004863739014 
vt 0.23000000417232513 0.03014141321182251 
vt 0.20024143159389496 0.039900004863739014 
vt 0.21000000834465027 0.03014141321182251 
vt 0.21975858509540558 0.039900004863739014 
vt 0.2199000120162964 0.02024143934249878 
vt 0.2198999971151352 0.03975856304168701 
vt 0.21014142036437988 0.030000030994415283 
vt 0.04024142026901245 0.4000999927520752 
vt 0.07975856959819794 0.4000999927520752 
vt 0.05999999865889549 0.4198586344718933 
vt 0.08009999990463257 0.4002414345741272 
vt 0.09985857456922531 0.42000001668930054 
vt 0.08009999990463257 0.4397585391998291 
vt 0.11975857615470886 0.4398999810218811 
vt 0.08024141937494278 0.4398999810218811 
vt 0.10000000149011612 0.42014139890670776 
vt 0.11989999562501907 0.4002414345741272 
vt 0.11989999562501907 0.4397585988044739 
vt 0.10014142096042633 0.42000001668930054 
vt 0.11975857615470886 0.4000999927520752 
vt 0.09999999403953552 0.4198586344718933 
vt 0.08024141937494278 0.4000999927520752 
vt 0.1200999990105629 0.4397585391998291 
vt 0.1200999990105629 0.4002414345741272 
vt 0.13985857367515564 0.42000001668930054 
vt 0.1597585678100586 0.4398999810218811 
vt 0.12024141848087311 0.4398999810218811 
vt 0.14000000059604645 0.42014139890670776 
vt 0.1598999947309494 0.4397585988044739 
vt 0.14014141261577606 0.42000001668930054 
vt 0.1598999947309494 0.4002414345741272 
vt 0.12024141848087311 0.4000999927520752 
vt 0.1597585678100586 0.4000999927520752 
vt 0.14000000059604645 0.4198586344718933 
vt 0.16009999811649323 0.4397585391998291 
vt 0.16009999811649323 0.4002414345741272 
vt 0.17985858023166656 0.42000001668930054 
vt 0.16024142503738403 0.4398999810218811 
vt 0.17999999225139618 0.42014139890670776 
vt 0.19975857436656952 0.4398999810218811 
vt 0.19990000128746033 0.4002414345741272 
vt 0.19990000128746033 0.4397585988044739 
vt 0.180141419172287 0.42000001668930054 
vt 0.16024142503738403 0.4000999927520752 
vt 0.19975857436656952 0.4000999927520752 
vt 0.17999999225139618 0.4198586344718933 
vt 0.20010000467300415 0.4002414345741272 
vt 0.2198585867881775 0.42000001668930054 
vt 0.20010000467300415 0.4397585391998291 
vt 0.23975858092308044 0.4398999810218811 
vt 0.20024143159389496 0.4398999810218811 
vt 0.2199999988079071 0.42014139890670776 
vt 0.23975858092308044 0.019900023937225342 
vt 0.22024142742156982 0.019900023937225342 
vt 0.23000000417232513 0.010141432285308838 
vt 0.23989999294281006 0.01975858211517334 
vt 0.23014141619205475 0.010000050067901611 
vt 0.23989999294281006 0.00024145841598510742 
vt 0.23989999294281006 0.020241498947143555 
vt 0.23989999294281006 0.03975862264633179 
vt 0.23014141619205475 0.030000030994415283 
vt 0.23989999294281006 0.4002414345741272 
vt 0.23989999294281006 0.4397585988044739 
vt 0.2201414257287979 0.42000001668930054 
vt 0.23975858092308044 0.4000999927520752 
vt 0.2199999988079071 0.4198586344718933 
vt 0.20024143159389496 0.4000999927520752 
vt 0.24009999632835388 0.4397585391998291 
vt 0.24009999632835388 0.4002414345741272 
vt 0.2598585784435272 0.42000001668930054 
vt 0.2797585725784302 0.4398999810218811 
vt 0.2402414232492447 0.4398999810218811 
vt 0.25999999046325684 0.42014139890670776 
vt 0.2798999845981598 0.4397585988044739 
vt 0.26014140248298645 0.42000001668930054 
vt 0.2798999845981598 0.4002414345741272 
vt 0.2402414232492447 0.4000999927520752 
vt 0.2797585725784302 0.4000999927520752 
vt 0.25999999046325684 0.4198586344718933 
vt 0.2800999879837036 0.4397585391998291 
vt 0.2800999879837036 0.4002414345741272 
vt 0.29985857009887695 0.42000001668930054 
vt 0.2802414298057556 0.4398999810218811 
vt 0.30000001192092896 0.42014139890670776 
vt 0.3197585940361023 0.4398999810218811 
vt 0.3199000060558319 0.4002414345741272 
vt 0.3199000060558319 0.4397585988044739 
vt 0.30014142394065857 0.42000001668930054 
vt 0.2802414298057556 0.4000999927520752 
vt 0.3197585642337799 0.4000999927520752 
vt 0.30000001192092896 0.4198586344718933 
vt 0.32009997963905334 0.4002414345741272 
vt 0.3398585617542267 0.42000001668930054 
vt 0.32009997963905334 0.4397585391998291 
vt 0.35975855588912964 0.4398999810218811 
vt 0.32024142146110535 0.4398999810218811 
vt 0.3400000035762787 0.42014139890670776 
vt 0.35989999771118164 0.4002414345741272 
vt 0.35989999771118164 0.4397585988044739 
vt 0.3401414155960083 0.42000001668930054 
vt 0.35975855588912964 0.4000999927520752 
vt 0.3400000035762787 0.4198586344718933 
vt 0.32024142146110535 0.4000999927520752 
vt 0.36010000109672546 0.4397585391998291 
vt 0.36010000109672546 0.4002414345741272 
vt 0.3798585832118988 0.42000001668930054 
vt 0.39975857734680176 0.4398999810218811 
vt 0.36024144291877747 0.4398999810218811 
vt 0.3800000250339508 0.42014139890670776 
vt 0.39990001916885376 0.4397585988044739 
vt 0.3801414370536804 0.42000001668930054 
vt 0.39990001916885376 0.4002414345741272 
vt 0.36024144291877747 0.4000999927520752 
vt 0.39975857734680176 0.4000999927520752 
vt 0.3800000250339508 0.4198586344718933 
vt 0.4000999927520752 0.4397585391998291 
vt 0.4000999927520752 0.4002414345741272 
vt 0.41985857486724854 0.42000001668930054 
vt 0.4002414345741272 0.4398999810218811 
vt 0.42000001668930054 0.42014139890670776 
vt 0.4397585988044739 0.4398999810218811 
vt 0.4399000108242035 0.4002414345741272 
vt 0.4399000108242035 0.4397585988044739 
vt 0.42014142870903015 0.42000001668930054 
vt 0.4002414345741272 0.4000999927520752 
vt 0.4397585690021515 0.4000999927520752 
vt 0.42000001668930054 0.4198586344718933 
vt 0.4400999844074249 0.4002414345741272 
vt 0.45985856652259827 0.42000001668930054 
vt 0.4400999844074249 0.4397585391998291 
vt 0.4797585606575012 0.4398999810218811 
vt 0.44024142622947693 0.4398999810218811 
vt 0.46000000834465027 0.42014139890670776 
vt 0.4799000024795532 0.4002414345741272 
vt 0.4799000024795532 0.4397585988044739 
vt 0.4601414203643799 0.42000001668930054 
vt 0.4797585606575012 0.4000999927520752 
vt 0.46000000834465027 0.4198586344718933 
vt 0.44024142622947693 0.4000999927520752 
vt 0.48009997606277466 0.4397585391998291 
vt 0.48009997606277466 0.4002414345741272 
vt 0.499858558177948 0.42000001668930054 
vt 0.5197585821151733 0.4398999810218811 
vt 0.48024141788482666 0.4398999810218811 
vt 0.5 0.42014139890670776 
vt 0.5198999643325806 0.4397585988044739 
vt 0.5001413822174072 0.42000001668930054 
vt 0.5198999643325806 0.4002414345741272 
vt 0.48024141788482666 0.4000999927520752 
vt 0.5197585821151733 0.4000999927520752 
vt 0.5 0.4198586344718933 
vt 0.5200999975204468 0.4397585391998291 
vt 0.5200999975204468 0.4002414345741272 
vt 0.5398585796356201 0.42000001668930054 
vt 0.520241379737854 0.4398999810218811 
vt 0.5399999618530273 0.42014139890670776 
vt 0.5597585439682007 0.4398999810218811 
vt 0.5598999857902527 0.4002414345741272 
vt 0.5598999857902527 0.4397585988044739 
vt 0.5401414036750793 0.42000001668930054 
vt 0.520241379737854 0.4000999927520752 
vt 0.5597585439682007 0.4000999927520752 
vt 0.5399999618530273 0.4198586344718933 
vt 0.5601000189781189 0.4002414345741272 
vt 0.5798586010932922 0.42000001668930054 
vt 0.5601000189781189 0.4397585391998291 
vt 0.5997585654258728 0.4398999810218811 
vt 0.5602414011955261 0.4398999810218811 
vt 0.5799999833106995 0.42014139890670776 
vt 0.5999000072479248 0.4002414345741272 
vt 0.5999000072479248 0.4397585988044739 
vt 0.5801414251327515 0.42000001668930054 
vt 0.5997585654258728 0.4000999927520752 
vt 0.5799999833106995 0.4198586344718933 
vt 0.5602414011955261 0.4000999927520752 
vt 0.600100040435791 0.4397585391998291 
vt 0.600100040435791 0.4002414345741272 
vt 0.6198586225509644 0.42000001668930054 
vt 0.24009999632835388 0.9202414155006409 
vt 0.2797585725784302 0.9598999619483948 
vt 0.24009999632835388 0.9598999619483948 
vt 0.2402414232492447 0.9200999736785889 
vt 0.2798999845981598 0.9200999736785889 
vt 0.2798999845981598 0.9597585797309875 
vt 0.2800999879837036 0.9202414155006409 
vt 0.3197585940361023 0.9598999619483948 
vt 0.2800999879837036 0.9598999619483948 
vt 0.7998999953269958 0.11975860595703125 
vt 0.7802414298057556 0.10010004043579102 
vt 0.7998999953269958 0.10010004043579102 
vt 0.7602413892745972 0.08009999990463257 
vt 0.7799000144004822 0.08009999990463257 
vt 0.7799000144004822 0.09975862503051758 
vt 0.7997585535049438 0.08009999990463257 
vt 0.7800999879837036 0.09975862503051758 
vt 0.7800999879837036 0.08009999990463257 
vt 0.22024142742156982 0.020100057125091553 
vt 0.23975858092308044 0.020100057125091553 
vt 0.23000000417232513 0.029858648777008057 
vt 0.2198999971151352 0.019758641719818115 
vt 0.21014142036437988 0.010000050067901611 
vt 0.2198999971151352 0.00024145841598510742 
vt 0.20024143159389496 0.00010001659393310547 
vt 0.21975858509540558 0.00010001659393310547 
vt 0.21000000834465027 0.009858667850494385 
vt 0.22024142742156982 0.00010001659393310547 
vt 0.23975858092308044 0.00010001659393310547 
vt 0.23000000417232513 0.009858667850494385 
vt 0.22010000050067902 0.00024145841598510742 
vt 0.22985857725143433 0.010000050067901611 
vt 0.22010000050067902 0.019758641719818115 
vt 0.2402414232492447 0.020100057125091553 
vt 0.2597585618495941 0.020100057125091553 
vt 0.25 0.029858648777008057 
vt 0.6397585868835449 0.4398999810218811 
vt 0.6002414226531982 0.4398999810218811 
vt 0.6200000047683716 0.42014139890670776 
vt 0.6399000287055969 0.4397585988044739 
vt 0.6201414465904236 0.42000001668930054 
vt 0.6399000287055969 0.4002414345741272 
vt 0.6002414226531982 0.4000999927520752 
vt 0.6397585868835449 0.4000999927520752 
vt 0.6200000047683716 0.4198586344718933 
vt 0.6401000022888184 0.4397585391998291 
vt 0.6401000022888184 0.4002414345741272 
vt 0.6598585844039917 0.42000001668930054 
vt 0.6402413845062256 0.4398999810218811 
vt 0.6599999666213989 0.42014139890670776 
vt 0.6797585487365723 0.4398999810218811 
vt 0.6798999905586243 0.4002414345741272 
vt 0.6798999905586243 0.4397585988044739 
vt 0.6601414084434509 0.42000001668930054 
vt 0.3199000060558319 0.9597585797309875 
vt 0.2802414298057556 0.9200999736785889 
vt 0.3199000060558319 0.9200999736785889 
vt 0.35975855588912964 0.9598999619483948 
vt 0.32009997963905334 0.9598999619483948 
vt 0.32009997963905334 0.9202414155006409 
vt 0.35989999771118164 0.9597585797309875 
vt 0.32024142146110535 0.9200999736785889 
vt 0.35989999771118164 0.9200999736785889 
vt 0.8197585940361023 0.10010004043579102 
vt 0.8001000285148621 0.11975854635238647 
vt 0.8001000285148621 0.10010004043579102 
vt 0.8197585940361023 0.0999000072479248 
vt 0.8001000285148621 0.0999000072479248 
vt 0.8001000285148621 0.08024144172668457 
vt 0.8201000094413757 0.10024142265319824 
vt 0.839758574962616 0.11989998817443848 
vt 0.8201000094413757 0.11989998817443848 
vt 0.6402413845062256 0.4000999927520752 
vt 0.6797585487365723 0.4000999927520752 
vt 0.6599999666213989 0.4198586344718933 
vt 0.6801000237464905 0.4002414345741272 
vt 0.6998586058616638 0.42000001668930054 
vt 0.6801000237464905 0.4397585391998291 
vt 0.7197585701942444 0.4398999810218811 
vt 0.6802414059638977 0.4398999810218811 
vt 0.699999988079071 0.42014139890670776 
vt 0.700141429901123 0.42000001668930054 
vt 0.7199000120162964 0.4002414345741272 
vt 0.7199000120162964 0.4397585988044739 
vt 0.6802414059638977 0.4000999927520752 
vt 0.7197585701942444 0.4000999927520752 
vt 0.699999988079071 0.4198586344718933 
vt 0.7398586273193359 0.42000001668930054 
vt 0.7201000452041626 0.4397585391998291 
vt 0.7201000452041626 0.4002414345741272 
vt 0.5550000071525574 0.014858663082122803 
vt 0.5502414107322693 0.010100066661834717 
vt 0.5597585439682007 0.010100066661834717 
vt 0.5597585439682007 0.029900014400482178 
vt 0.5502414107322693 0.029900014400482178 
vt 0.5550000071525574 0.025141417980194092 
vt 0.5551413893699646 0.025000035762786865 
vt 0.5598999857902527 0.020241498947143555 
vt 0.5598999857902527 0.029758572578430176 
vt 0.8002414107322693 0.11989998817443848 
vt 0.8199000358581543 0.10024142265319824 
vt 0.8199000358581543 0.11989998817443848 
vt 0.839900016784668 0.08024144172668457 
vt 0.839900016784668 0.0999000072479248 
vt 0.8202414512634277 0.0999000072479248 
vt 0.839900016784668 0.11975860595703125 
vt 0.8202414512634277 0.10010004043579102 
vt 0.839900016784668 0.10010004043579102 
vt 0.24009999632835388 0.03975856304168701 
vt 0.24009999632835388 0.020241498947143555 
vt 0.2498585730791092 0.030000030994415283 
vt 0.24009999632835388 0.00024145841598510742 
vt 0.2498585730791092 0.010000050067901611 
vt 0.24009999632835388 0.01975858211517334 
vt 0.2597585618495941 0.019900023937225342 
vt 0.2402414232492447 0.019900023937225342 
vt 0.25 0.010141432285308838 
vt 0.7597585916519165 0.4398999810218811 
vt 0.7202414274215698 0.4398999810218811 
vt 0.7400000095367432 0.42014139890670776 
vt 0.7599000334739685 0.4397585988044739 
vt 0.7401414513587952 0.42000001668930054 
vt 0.7599000334739685 0.4002414345741272 
vt 0.7202414274215698 0.4000999927520752 
vt 0.7597585916519165 0.4000999927520752 
vt 0.7400000095367432 0.4198586344718933 
vt 0.7601000070571899 0.4397585391998291 
vt 0.7601000070571899 0.4002414345741272 
vt 0.7798585891723633 0.42000001668930054 
vt 0.7602413892745972 0.4398999810218811 
vt 0.7799999713897705 0.42014139890670776 
vt 0.7997585535049438 0.4398999810218811 
vt 0.7998999953269958 0.4002414345741272 
vt 0.7998999953269958 0.4397585988044739 
vt 0.7801414132118225 0.42000001668930054 
vt 0.7602413892745972 0.4000999927520752 
vt 0.7997585535049438 0.4000999927520752 
vt 0.7799999713897705 0.4198586344718933 
vt 0.8001000285148621 0.4002414345741272 
vt 0.8198586106300354 0.42000001668930054 
vt 0.8001000285148621 0.4397585391998291 
vt 0.839758574962616 0.4398999810218811 
vt 0.8002414107322693 0.4398999810218811 
vt 0.8199999928474426 0.42014139890670776 
vt 0.839900016784668 0.4002414345741272 
vt 0.839900016784668 0.4397585988044739 
vt 0.8201414346694946 0.42000001668930054 
vt 0.839758574962616 0.4000999927520752 
vt 0.8199999928474426 0.4198586344718933 
vt 0.8002414107322693 0.4000999927520752 
vt 0.8400999903678894 0.4397585391998291 
vt 0.8400999903678894 0.4002414345741272 
vt 0.8598585724830627 0.42000001668930054 
vt 0.8797585368156433 0.4398999810218811 
vt 0.8402413725852966 0.4398999810218811 
vt 0.85999995470047 0.42014139890670776 
vt 0.8798999786376953 0.4397585988044739 
vt 0.860141396522522 0.42000001668930054 
vt 0.8798999786376953 0.4002414345741272 
vt 0.8402413725852966 0.4000999927520752 
vt 0.8797585368156433 0.4000999927520752 
vt 0.85999995470047 0.4198586344718933 
vt 0.26010000705718994 0.03975856304168701 
vt 0.26010000705718994 0.02024143934249878 
vt 0.26985856890678406 0.030000030994415283 
vt 0.26024141907691956 0.039900004863739014 
vt 0.26999998092651367 0.03014141321182251 
vt 0.2797585725784302 0.039900004863739014 
vt 0.2597585618495941 0.039900004863739014 
vt 0.2402414232492447 0.039900004863739014 
vt 0.25 0.03014141321182251 
vt 0.8801000118255615 0.4397585391998291 
vt 0.8801000118255615 0.4002414345741272 
vt 0.8998585939407349 0.42000001668930054 
vt 0.8802413940429688 0.4398999810218811 
vt 0.8999999761581421 0.42014139890670776 
vt 0.9197585582733154 0.4398999810218811 
vt 0.9199000000953674 0.4002414345741272 
vt 0.9199000000953674 0.4397585988044739 
vt 0.9001414179801941 0.42000001668930054 
vt 0.8802413940429688 0.4000999927520752 
vt 0.9197585582733154 0.4000999927520752 
vt 0.8999999761581421 0.4198586344718933 
vt 0.9201000332832336 0.4002414345741272 
vt 0.939858615398407 0.42000001668930054 
vt 0.9201000332832336 0.4397585391998291 
vt 0.9597585797309875 0.4398999810218811 
vt 0.9202414155006409 0.4398999810218811 
vt 0.9399999976158142 0.42014139890670776 
vt 0.9599000215530396 0.4002414345741272 
vt 0.9599000215530396 0.4397585988044739 
vt 0.9401414394378662 0.42000001668930054 
vt 0.9597585797309875 0.4000999927520752 
vt 0.9399999976158142 0.4198586344718933 
vt 0.9202414155006409 0.4000999927520752 
vt 0.960099995136261 0.4397585391998291 
vt 0.960099995136261 0.4002414345741272 
vt 0.9798585772514343 0.42000001668930054 
vt 0.9997585415840149 0.4398999810218811 
vt 0.9602413773536682 0.4398999810218811 
vt 0.9799999594688416 0.42014139890670776 
vt 0.9998999834060669 0.4397585988044739 
vt 0.9801414012908936 0.42000001668930054 
vt 0.9998999834060669 0.4002414345741272 
vt 0.9602413773536682 0.4000999927520752 
vt 0.9997585415840149 0.4000999927520752 
vt 0.9799999594688416 0.4198586344718933 
vt 9.999999747378752e-05 0.399758517742157 
vt 9.999999747378752e-05 0.3602414131164551 
vt 0.019858578220009804 0.3799999952316284 
vt 0.000241421366808936 0.399899959564209 
vt 0.020000001415610313 0.38014137744903564 
vt 0.039758577942848206 0.399899959564209 
vt 0.03989999741315842 0.3602414131164551 
vt 0.03989999741315842 0.39975857734680176 
vt 0.020141419023275375 0.3799999952316284 
vt 0.00024142135225702077 0.3600999712944031 
vt 0.03975857421755791 0.3600999712944031 
vt 0.019999999552965164 0.3798586130142212 
vt 0.04010000079870224 0.3602414131164551 
vt 0.05985857546329498 0.3799999952316284 
vt 0.04010000079870224 0.399758517742157 
vt 0.07975857704877853 0.399899959564209 
vt 0.04024142026901245 0.399899959564209 
vt 0.06000000238418579 0.38014137744903564 
vt 0.07989999651908875 0.3602414131164551 
vt 0.07989999651908875 0.39975857734680176 
vt 0.060141418129205704 0.3799999952316284 
vt 0.07975856959819794 0.3600999712944031 
vt 0.05999999865889549 0.3798586130142212 
vt 0.04024142026901245 0.3600999712944031 
vt 0.08009999990463257 0.399758517742157 
vt 0.08009999990463257 0.3602414131164551 
vt 0.09985857456922531 0.3799999952316284 
vt 0.11975857615470886 0.399899959564209 
vt 0.08024141937494278 0.399899959564209 
vt 0.10000000149011612 0.38014137744903564 
vt 0.11989999562501907 0.39975857734680176 
vt 0.10014142096042633 0.3799999952316284 
vt 0.11989999562501907 0.3602414131164551 
vt 0.08024141937494278 0.3600999712944031 
vt 0.11975857615470886 0.3600999712944031 
vt 0.09999999403953552 0.3798586130142212 
vt 0.1200999990105629 0.399758517742157 
vt 0.1200999990105629 0.3602414131164551 
vt 0.13985857367515564 0.3799999952316284 
vt 0.12024141848087311 0.399899959564209 
vt 0.14000000059604645 0.38014137744903564 
vt 0.1597585678100586 0.399899959564209 
vt 0.1598999947309494 0.3602414131164551 
vt 0.1598999947309494 0.39975857734680176 
vt 0.14014141261577606 0.3799999952316284 
vt 0.12024141848087311 0.3600999712944031 
vt 0.1597585678100586 0.3600999712944031 
vt 0.14000000059604645 0.3798586130142212 
vt 0.16009999811649323 0.3602414131164551 
vt 0.17985858023166656 0.3799999952316284 
vt 0.16009999811649323 0.399758517742157 
vt 0.19975857436656952 0.399899959564209 
vt 0.16024142503738403 0.399899959564209 
vt 0.17999999225139618 0.38014137744903564 
vt 0.19990000128746033 0.3602414131164551 
vt 0.19990000128746033 0.39975857734680176 
vt 0.180141419172287 0.3799999952316284 
vt 0.19975857436656952 0.3600999712944031 
vt 0.17999999225139618 0.3798586130142212 
vt 0.16024142503738403 0.3600999712944031 
vt 0.20010000467300415 0.399758517742157 
vt 0.20010000467300415 0.3602414131164551 
vt 0.2198585867881775 0.3799999952316284 
vt 0.23975858092308044 0.399899959564209 
vt 0.20024143159389496 0.399899959564209 
vt 0.2199999988079071 0.38014137744903564 
vt 0.23989999294281006 0.39975857734680176 
vt 0.2201414257287979 0.3799999952316284 
vt 0.23989999294281006 0.3602414131164551 
vt 0.20024143159389496 0.3600999712944031 
vt 0.23975858092308044 0.3600999712944031 
vt 0.2199999988079071 0.3798586130142212 
vt 0.24009999632835388 0.399758517742157 
vt 0.24009999632835388 0.3602414131164551 
vt 0.2598585784435272 0.3799999952316284 
vt 0.2402414232492447 0.399899959564209 
vt 0.25999999046325684 0.38014137744903564 
vt 0.2797585725784302 0.399899959564209 
vt 0.2798999845981598 0.3602414131164551 
vt 0.2798999845981598 0.39975857734680176 
vt 0.26014140248298645 0.3799999952316284 
vt 0.8199000358581543 0.09975862503051758 
vt 0.8002414107322693 0.08009999990463257 
vt 0.8199000358581543 0.08009999990463257 
vt 0.8201000094413757 0.09975862503051758 
vt 0.8201000094413757 0.08009999990463257 
vt 0.839758574962616 0.08009999990463257 
vt 0.8597585558891296 0.10010004043579102 
vt 0.8400999903678894 0.11975854635238647 
vt 0.8400999903678894 0.10010004043579102 
vt 0.8400999903678894 0.08024144172668457 
vt 0.8597585558891296 0.0999000072479248 
vt 0.8400999903678894 0.0999000072479248 
vt 0.8797585368156433 0.11989998817443848 
vt 0.8600999712944031 0.11989998817443848 
vt 0.8600999712944031 0.10024142265319824 
vt 0.8402413725852966 0.11989998817443848 
vt 0.8598999977111816 0.10024142265319824 
vt 0.8598999977111816 0.11989998817443848 
vt 0.2402414232492447 0.3600999712944031 
vt 0.2797585725784302 0.3600999712944031 
vt 0.25999999046325684 0.3798586130142212 
vt 0.2800999879837036 0.3602414131164551 
vt 0.29985857009887695 0.3799999952316284 
vt 0.2800999879837036 0.399758517742157 
vt 0.3197585940361023 0.399899959564209 
vt 0.2802414298057556 0.399899959564209 
vt 0.30000001192092896 0.38014137744903564 
vt 0.3199000060558319 0.3602414131164551 
vt 0.3199000060558319 0.39975857734680176 
vt 0.30014142394065857 0.3799999952316284 
vt 0.3197585642337799 0.3600999712944031 
vt 0.30000001192092896 0.3798586130142212 
vt 0.2802414298057556 0.3600999712944031 
vt 0.32009997963905334 0.399758517742157 
vt 0.32009997963905334 0.3602414131164551 
vt 0.3398585617542267 0.3799999952316284 
vt 0.8602414131164551 0.0999000072479248 
vt 0.8798999786376953 0.08024144172668457 
vt 0.8798999786376953 0.0999000072479248 
vt 0.8602414131164551 0.10010004043579102 
vt 0.8798999786376953 0.10010004043579102 
vt 0.8798999786376953 0.11975860595703125 
vt 0.8598999977111816 0.09975862503051758 
vt 0.8402413725852966 0.08009999990463257 
vt 0.8598999977111816 0.08009999990463257 
vt 0.8797585368156433 0.08009999990463257 
vt 0.8600999712944031 0.09975862503051758 
vt 0.8600999712944031 0.08009999990463257 
vt 0.8801000118255615 0.11975854635238647 
vt 0.8801000118255615 0.10010004043579102 
vt 0.8997585773468018 0.10010004043579102 
vt 0.8801000118255615 0.08024144172668457 
vt 0.8997585773468018 0.0999000072479248 
vt 0.8801000118255615 0.0999000072479248 
vt 0.35975855588912964 0.399899959564209 
vt 0.32024142146110535 0.399899959564209 
vt 0.3400000035762787 0.38014137744903564 
vt 0.35989999771118164 0.39975857734680176 
vt 0.3401414155960083 0.3799999952316284 
vt 0.35989999771118164 0.3602414131164551 
vt 0.32024142146110535 0.3600999712944031 
vt 0.35975855588912964 0.3600999712944031 
vt 0.3400000035762787 0.3798586130142212 
vt 0.36010000109672546 0.399758517742157 
vt 0.36010000109672546 0.3602414131164551 
vt 0.3798585832118988 0.3799999952316284 
vt 0.36024144291877747 0.399899959564209 
vt 0.3800000250339508 0.38014137744903564 
vt 0.39975857734680176 0.399899959564209 
vt 0.39990001916885376 0.3602414131164551 
vt 0.39990001916885376 0.39975857734680176 
vt 0.3801414370536804 0.3799999952316284 
vt 0.9000999927520752 0.10024142265319824 
vt 0.9197585582733154 0.11989998817443848 
vt 0.9000999927520752 0.11989998817443848 
vt 0.8999000191688538 0.10024142265319824 
vt 0.8999000191688538 0.11989998817443848 
vt 0.8802413940429688 0.11989998817443848 
vt 0.9002414345741272 0.0999000072479248 
vt 0.9199000000953674 0.08024144172668457 
vt 0.9199000000953674 0.0999000072479248 
vt 0.9199000000953674 0.11975860595703125 
vt 0.9002414345741272 0.10010004043579102 
vt 0.9199000000953674 0.10010004043579102 
vt 0.8802413940429688 0.08009999990463257 
vt 0.8999000191688538 0.08009999990463257 
vt 0.8999000191688538 0.09975862503051758 
vt 0.9197585582733154 0.08009999990463257 
vt 0.9000999927520752 0.09975862503051758 
vt 0.9000999927520752 0.08009999990463257 
vt 0.36024144291877747 0.3600999712944031 
vt 0.39975857734680176 0.3600999712944031 
vt 0.3800000250339508 0.3798586130142212 
vt 0.4000999927520752 0.3602414131164551 
vt 0.41985857486724854 0.3799999952316284 
vt 0.4000999927520752 0.399758517742157 
vt 0.4397585988044739 0.399899959564209 
vt 0.4002414345741272 0.399899959564209 
vt 0.42000001668930054 0.38014137744903564 
vt 0.4399000108242035 0.3602414131164551 
vt 0.4399000108242035 0.39975857734680176 
vt 0.42014142870903015 0.3799999952316284 
vt 0.4397585690021515 0.3600999712944031 
vt 0.42000001668930054 0.3798586130142212 
vt 0.4002414345741272 0.3600999712944031 
vt 0.4400999844074249 0.399758517742157 
vt 0.4400999844074249 0.3602414131164551 
vt 0.45985856652259827 0.3799999952316284 
vt 0.9397585988044739 0.10010004043579102 
vt 0.9201000332832336 0.11975854635238647 
vt 0.9201000332832336 0.10010004043579102 
vt 0.9397585988044739 0.0999000072479248 
vt 0.9201000332832336 0.0999000072479248 
vt 0.9201000332832336 0.08024144172668457 
vt 0.9401000142097473 0.10024142265319824 
vt 0.9597585797309875 0.11989998817443848 
vt 0.9401000142097473 0.11989998817443848 
vt 0.9202414155006409 0.11989998817443848 
vt 0.9399000406265259 0.10024142265319824 
vt 0.9399000406265259 0.11989998817443848 
vt 0.9599000215530396 0.08024144172668457 
vt 0.9599000215530396 0.0999000072479248 
vt 0.9402414560317993 0.0999000072479248 
vt 0.9599000215530396 0.11975860595703125 
vt 0.9402414560317993 0.10010004043579102 
vt 0.9599000215530396 0.10010004043579102 
vt 0.4797585606575012 0.399899959564209 
vt 0.44024142622947693 0.399899959564209 
vt 0.46000000834465027 0.38014137744903564 
vt 0.4799000024795532 0.39975857734680176 
vt 0.4601414203643799 0.3799999952316284 
vt 0.4799000024795532 0.3602414131164551 
vt 0.44024142622947693 0.3600999712944031 
vt 0.4797585606575012 0.3600999712944031 
vt 0.46000000834465027 0.3798586130142212 
vt 0.48009997606277466 0.399758517742157 
vt 0.48009997606277466 0.3602414131164551 
vt 0.499858558177948 0.3799999952316284 
vt 0.48024141788482666 0.399899959564209 
vt 0.5 0.38014137744903564 
vt 0.5197585821151733 0.399899959564209 
vt 0.5198999643325806 0.3602414131164551 
vt 0.5198999643325806 0.39975857734680176 
vt 0.5001413822174072 0.3799999952316284 
vt 0.36010000109672546 0.9202414155006409 
vt 0.39975857734680176 0.9598999619483948 
vt 0.36010000109672546 0.9598999619483948 
vt 0.36024144291877747 0.9200999736785889 
vt 0.39990001916885376 0.9200999736785889 
vt 0.39990001916885376 0.9597585797309875 
vt 0.4000999927520752 0.9202414155006409 
vt 0.4397585988044739 0.9598999619483948 
vt 0.4000999927520752 0.9598999619483948 
vt 0.9399000406265259 0.09975862503051758 
vt 0.9202414155006409 0.08009999990463257 
vt 0.9399000406265259 0.08009999990463257 
vt 0.9401000142097473 0.09975862503051758 
vt 0.9401000142097473 0.08009999990463257 
vt 0.9597585797309875 0.08009999990463257 
vt 0.9797585606575012 0.10010004043579102 
vt 0.960099995136261 0.11975854635238647 
vt 0.960099995136261 0.10010004043579102 
vt 0.2599000036716461 0.02024143934249878 
vt 0.2599000036716461 0.03975856304168701 
vt 0.2501414120197296 0.030000030994415283 
vt 0.26024141907691956 0.019900023937225342 
vt 0.26999998092651367 0.010141432285308838 
vt 0.2797585725784302 0.019900023937225342 
vt 0.2798999845981598 0.00024145841598510742 
vt 0.2798999845981598 0.01975858211517334 
vt 0.2701414227485657 0.010000050067901611 
vt 0.2798999845981598 0.020241498947143555 
vt 0.2798999845981598 0.03975862264633179 
vt 0.2701414227485657 0.030000030994415283 
vt 0.2797585725784302 0.020100057125091553 
vt 0.26999998092651367 0.029858648777008057 
vt 0.26024141907691956 0.020100057125091553 
vt 0.2599000036716461 0.00024145841598510742 
vt 0.2599000036716461 0.019758641719818115 
vt 0.2501414120197296 0.010000050067901611 
vt 0.48024141788482666 0.3600999712944031 
vt 0.5197585821151733 0.3600999712944031 
vt 0.5 0.3798586130142212 
vt 0.5200999975204468 0.3602414131164551 
vt 0.5398585796356201 0.3799999952316284 
vt 0.5200999975204468 0.399758517742157 
vt 0.5597585439682007 0.399899959564209 
vt 0.520241379737854 0.399899959564209 
vt 0.5399999618530273 0.38014137744903564 
vt 0.5598999857902527 0.3602414131164551 
vt 0.5598999857902527 0.39975857734680176 
vt 0.5401414036750793 0.3799999952316284 
vt 0.5597585439682007 0.3600999712944031 
vt 0.5399999618530273 0.3798586130142212 
vt 0.520241379737854 0.3600999712944031 
vt 0.5601000189781189 0.399758517742157 
vt 0.5601000189781189 0.3602414131164551 
vt 0.5798586010932922 0.3799999952316284 
vt 0.4399000108242035 0.9597585797309875 
vt 0.4002414345741272 0.9200999736785889 
vt 0.4399000108242035 0.9200999736785889 
vt 0.4797585606575012 0.9598999619483948 
vt 0.4400999844074249 0.9598999619483948 
vt 0.4400999844074249 0.9202414155006409 
vt 0.4799000024795532 0.9597585797309875 
vt 0.44024142622947693 0.9200999736785889 
vt 0.4799000024795532 0.9200999736785889 
vt 0.960099995136261 0.08024144172668457 
vt 0.9797585606575012 0.0999000072479248 
vt 0.960099995136261 0.0999000072479248 
vt 0.9997585415840149 0.11989998817443848 
vt 0.9800999760627747 0.11989998817443848 
vt 0.9800999760627747 0.10024142265319824 
vt 0.9602413773536682 0.11989998817443848 
vt 0.9799000024795532 0.10024142265319824 
vt 0.9799000024795532 0.11989998817443848 
vt 0.5997585654258728 0.399899959564209 
vt 0.5602414011955261 0.399899959564209 
vt 0.5799999833106995 0.38014137744903564 
vt 0.5999000072479248 0.39975857734680176 
vt 0.5801414251327515 0.3799999952316284 
vt 0.5999000072479248 0.3602414131164551 
vt 0.5602414011955261 0.3600999712944031 
vt 0.5997585654258728 0.3600999712944031 
vt 0.5799999833106995 0.3798586130142212 
vt 0.5598999857902527 0.03024148941040039 
vt 0.5598999857902527 0.03975862264633179 
vt 0.5551413893699646 0.0350000262260437 
vt 0.5597585439682007 0.03010004758834839 
vt 0.5550000071525574 0.034858644008636475 
vt 0.5502414107322693 0.03010004758834839 
vt 0.5498999953269958 0.020241498947143555 
vt 0.5498999953269958 0.02975863218307495 
vt 0.5451413989067078 0.025000035762786865 
vt 0.6198586225509644 0.3799999952316284 
vt 0.600100040435791 0.399758517742157 
vt 0.600100040435791 0.3602414131164551 
vt 0.6397585868835449 0.399899959564209 
vt 0.6002414226531982 0.399899959564209 
vt 0.6200000047683716 0.38014137744903564 
vt 0.6201414465904236 0.3799999952316284 
vt 0.6399000287055969 0.3602414131164551 
vt 0.6399000287055969 0.39975857734680176 
vt 0.9802414178848267 0.0999000072479248 
vt 0.9998999834060669 0.08024144172668457 
vt 0.9998999834060669 0.0999000072479248 
vt 0.9802414178848267 0.10010004043579102 
vt 0.9998999834060669 0.10010004043579102 
vt 0.9998999834060669 0.11975860595703125 
vt 0.9799000024795532 0.09975862503051758 
vt 0.9602413773536682 0.08009999990463257 
vt 0.9799000024795532 0.08009999990463257 
vt 0.6002414226531982 0.3600999712944031 
vt 0.6397585868835449 0.3600999712944031 
vt 0.6200000047683716 0.3798586130142212 
vt 0.6401000022888184 0.3602414131164551 
vt 0.6598585844039917 0.3799999952316284 
vt 0.6401000022888184 0.399758517742157 
vt 0.6797585487365723 0.399899959564209 
vt 0.6402413845062256 0.399899959564209 
vt 0.6599999666213989 0.38014137744903564 
vt 0.2402414232492447 0.00010001659393310547 
vt 0.2597585618495941 0.00010001659393310547 
vt 0.25 0.009858667850494385 
vt 0.2797585725784302 0.00010001659393310547 
vt 0.26999998092651367 0.009858667850494385 
vt 0.26024141907691956 0.00010001659393310547 
vt 0.26010000705718994 0.019758641719818115 
vt 0.26010000705718994 0.00024145841598510742 
vt 0.26985856890678406 0.010000050067901611 
vt 0.6798999905586243 0.3602414131164551 
vt 0.6798999905586243 0.39975857734680176 
vt 0.6601414084434509 0.3799999952316284 
vt 0.6797585487365723 0.3600999712944031 
vt 0.6599999666213989 0.3798586130142212 
vt 0.6402413845062256 0.3600999712944031 
vt 0.6801000237464905 0.399758517742157 
vt 0.6801000237464905 0.3602414131164551 
vt 0.6998586058616638 0.3799999952316284 
vt 0.7197585701942444 0.399899959564209 
vt 0.6802414059638977 0.399899959564209 
vt 0.699999988079071 0.38014137744903564 
vt 0.7199000120162964 0.39975857734680176 
vt 0.700141429901123 0.3799999952316284 
vt 0.7199000120162964 0.3602414131164551 
vt 0.6802414059638977 0.3600999712944031 
vt 0.7197585701942444 0.3600999712944031 
vt 0.699999988079071 0.3798586130142212 
vt 0.48009997606277466 0.9202414155006409 
vt 0.5197585821151733 0.9598999619483948 
vt 0.48009997606277466 0.9598999619483948 
vt 0.48024141788482666 0.9200999736785889 
vt 0.5198999643325806 0.9200999736785889 
vt 0.5198999643325806 0.9597585797309875 
vt 0.5200999975204468 0.9202414155006409 
vt 0.5597585439682007 0.9598999619483948 
vt 0.5200999975204468 0.9598999619483948 
vt 0.9997585415840149 0.08009999990463257 
vt 0.9800999760627747 0.09975862503051758 
vt 0.9800999760627747 0.08009999990463257 
vt 9.999999747378752e-05 0.07975852489471436 
vt 9.999999747378752e-05 0.060100018978118896 
vt 0.01975857838988304 0.060100018978118896 
vt 9.999999747378752e-05 0.04024142026901245 
vt 0.01975857838988304 0.059899985790252686 
vt 9.999999747378752e-05 0.059899985790252686 
vt 0.2802414298057556 0.020100057125091553 
vt 0.29975858330726624 0.020100057125091553 
vt 0.28999999165534973 0.029858648777008057 
vt 0.2800999879837036 0.020241498947143555 
vt 0.2898585796356201 0.030000030994415283 
vt 0.2800999879837036 0.03975856304168701 
vt 0.2800999879837036 0.01975858211517334 
vt 0.2800999879837036 0.00024145841598510742 
vt 0.2898585796356201 0.010000050067901611 
vt 0.29975858330726624 0.019900023937225342 
vt 0.2802414298057556 0.019900023937225342 
vt 0.28999999165534973 0.010141432285308838 
vt 0.3000999987125397 0.02024143934249878 
vt 0.3098585903644562 0.030000030994415283 
vt 0.3000999987125397 0.03975856304168701 
vt 0.3197585940361023 0.039900004863739014 
vt 0.3002414107322693 0.039900004863739014 
vt 0.3100000023841858 0.03014141321182251 
vt 0.7201000452041626 0.399758517742157 
vt 0.7201000452041626 0.3602414131164551 
vt 0.7398586273193359 0.3799999952316284 
vt 0.7202414274215698 0.399899959564209 
vt 0.7400000095367432 0.38014137744903564 
vt 0.7597585916519165 0.399899959564209 
vt 0.7599000334739685 0.3602414131164551 
vt 0.7599000334739685 0.39975857734680176 
vt 0.7401414513587952 0.3799999952316284 
vt 0.7202414274215698 0.3600999712944031 
vt 0.7597585916519165 0.3600999712944031 
vt 0.7400000095367432 0.3798586130142212 
vt 0.7601000070571899 0.3602414131164551 
vt 0.7798585891723633 0.3799999952316284 
vt 0.7601000070571899 0.399758517742157 
vt 0.7997585535049438 0.399899959564209 
vt 0.7602413892745972 0.399899959564209 
vt 0.7799999713897705 0.38014137744903564 
vt 0.5598999857902527 0.9597585797309875 
vt 0.520241379737854 0.9200999736785889 
vt 0.5598999857902527 0.9200999736785889 
vt 0.5997585654258728 0.9598999619483948 
vt 0.5601000189781189 0.9598999619483948 
vt 0.5601000189781189 0.9202414155006409 
vt 0.5999000072479248 0.9597585797309875 
vt 0.5602414011955261 0.9200999736785889 
vt 0.5999000072479248 0.9200999736785889 
vt 0.020100001245737076 0.06024140119552612 
vt 0.039758577942848206 0.07989996671676636 
vt 0.020099999383091927 0.07989996671676636 
vt 0.01990000158548355 0.06024140119552612 
vt 0.019899999722838402 0.07989996671676636 
vt 0.000241421366808936 0.07989996671676636 
vt 0.020241418853402138 0.059899985790252686 
vt 0.03989999741315842 0.04024142026901245 
vt 0.03989999741315842 0.059899985790252686 
vt 0.7998999953269958 0.3602414131164551 
vt 0.7998999953269958 0.39975857734680176 
vt 0.7801414132118225 0.3799999952316284 
vt 0.7997585535049438 0.3600999712944031 
vt 0.7799999713897705 0.3798586130142212 
vt 0.7602413892745972 0.3600999712944031 
vt 0.8001000285148621 0.399758517742157 
vt 0.8001000285148621 0.3602414131164551 
vt 0.8198586106300354 0.3799999952316284 
vt 0.5402414202690125 0.020100057125091553 
vt 0.5497585535049438 0.020100057125091553 
vt 0.5449999570846558 0.02485865354537964 
vt 0.5597585439682007 0.020100057125091553 
vt 0.5549999475479126 0.02485865354537964 
vt 0.5502414107322693 0.020100057125091553 
vt 0.5500999689102173 0.02975863218307495 
vt 0.5500999689102173 0.020241498947143555 
vt 0.5548585653305054 0.025000035762786865 
vt 0.839758574962616 0.399899959564209 
vt 0.8002414107322693 0.399899959564209 
vt 0.8199999928474426 0.38014137744903564 
vt 0.839900016784668 0.39975857734680176 
vt 0.8201414346694946 0.3799999952316284 
vt 0.839900016784668 0.3602414131164551 
vt 0.8002414107322693 0.3600999712944031 
vt 0.839758574962616 0.3600999712944031 
vt 0.8199999928474426 0.3798586130142212 
vt 0.03989999741315842 0.07975858449935913 
vt 0.020241418853402138 0.060100018978118896 
vt 0.03989999741315842 0.060100018978118896 
vt 0.00024142135225702077 0.04009997844696045 
vt 0.019899997860193253 0.04009997844696045 
vt 0.019899999722838402 0.05975860357284546 
vt 0.03975857421755791 0.04009997844696045 
vt 0.020099999383091927 0.05975860357284546 
vt 0.020099997520446777 0.04009997844696045 
vt 0.8400999903678894 0.399758517742157 
vt 0.8400999903678894 0.3602414131164551 
vt 0.8598585724830627 0.3799999952316284 
vt 0.8402413725852966 0.399899959564209 
vt 0.85999995470047 0.38014137744903564 
vt 0.8797585368156433 0.399899959564209 
vt 0.8798999786376953 0.3602414131164551 
vt 0.8798999786376953 0.39975857734680176 
vt 0.860141396522522 0.3799999952316284 
vt 0.29975858330726624 0.039900004863739014 
vt 0.2802414298057556 0.039900004863739014 
vt 0.28999999165534973 0.03014141321182251 
vt 0.29989999532699585 0.03975856304168701 
vt 0.29014143347740173 0.030000030994415283 
vt 0.29989999532699585 0.02024143934249878 
vt 0.3197585642337799 0.019900023937225342 
vt 0.3002414107322693 0.019900023937225342 
vt 0.3100000023841858 0.010141432285308838 
vt 0.8402413725852966 0.3600999712944031 
vt 0.8797585368156433 0.3600999712944031 
vt 0.85999995470047 0.3798586130142212 
vt 0.8801000118255615 0.3602414131164551 
vt 0.8998585939407349 0.3799999952316284 
vt 0.8801000118255615 0.399758517742157 
vt 0.9197585582733154 0.399899959564209 
vt 0.8802413940429688 0.399899959564209 
vt 0.8999999761581421 0.38014137744903564 
vt 0.9199000000953674 0.3602414131164551 
vt 0.9199000000953674 0.39975857734680176 
vt 0.9001414179801941 0.3799999952316284 
vt 0.9197585582733154 0.3600999712944031 
vt 0.8999999761581421 0.3798586130142212 
vt 0.8802413940429688 0.3600999712944031 
vt 0.9201000332832336 0.399758517742157 
vt 0.9201000332832336 0.3602414131164551 
vt 0.939858615398407 0.3799999952316284 
vt 0.9597585797309875 0.399899959564209 
vt 0.9202414155006409 0.399899959564209 
vt 0.9399999976158142 0.38014137744903564 
vt 0.9599000215530396 0.39975857734680176 
vt 0.9401414394378662 0.3799999952316284 
vt 0.9599000215530396 0.3602414131164551 
vt 0.9202414155006409 0.3600999712944031 
vt 0.9597585797309875 0.3600999712944031 
vt 0.9399999976158142 0.3798586130142212 
vt 0.960099995136261 0.399758517742157 
vt 0.960099995136261 0.3602414131164551 
vt 0.9798585772514343 0.3799999952316284 
vt 0.9602413773536682 0.399899959564209 
vt 0.9799999594688416 0.38014137744903564 
vt 0.9997585415840149 0.399899959564209 
vt 0.9998999834060669 0.3602414131164551 
vt 0.9998999834060669 0.39975857734680176 
vt 0.9801414012908936 0.3799999952316284 
vt 0.9602413773536682 0.3600999712944031 
vt 0.9997585415840149 0.3600999712944031 
vt 0.9799999594688416 0.3798586130142212 
vt 9.999999747378752e-05 0.32024145126342773 
vt 0.019858578220009804 0.3400000333786011 
vt 9.999999747378752e-05 0.35975855588912964 
vt 0.039758577942848206 0.35989999771118164 
vt 0.000241421366808936 0.35989999771118164 
vt 0.020000001415610313 0.3401414155960083 
vt 0.3199000060558319 0.00024145841598510742 
vt 0.3199000060558319 0.01975858211517334 
vt 0.3101414144039154 0.010000050067901611 
vt 0.3199000060558319 0.03975862264633179 
vt 0.3101414144039154 0.030000030994415283 
vt 0.3199000060558319 0.020241498947143555 
vt 0.3002414107322693 0.020100057125091553 
vt 0.3197585642337799 0.020100057125091553 
vt 0.3100000023841858 0.029858648777008057 
vt 0.03989999741315842 0.32024145126342773 
vt 0.03989999741315842 0.3597586154937744 
vt 0.020141419023275375 0.3400000333786011 
vt 0.03975857421755791 0.32010000944137573 
vt 0.019999999552965164 0.33985865116119385 
vt 0.00024142135225702077 0.32010000944137573 
vt 0.04010000079870224 0.35975855588912964 
vt 0.04010000079870224 0.32024145126342773 
vt 0.05985857546329498 0.3400000333786011 
vt 0.07975857704877853 0.35989999771118164 
vt 0.04024142026901245 0.35989999771118164 
vt 0.06000000238418579 0.3401414155960083 
vt 0.07989999651908875 0.3597586154937744 
vt 0.060141418129205704 0.3400000333786011 
vt 0.07989999651908875 0.32024145126342773 
vt 0.04024142026901245 0.32010000944137573 
vt 0.07975856959819794 0.32010000944137573 
vt 0.05999999865889549 0.33985865116119385 
vt 0.08009999990463257 0.35975855588912964 
vt 0.08009999990463257 0.32024145126342773 
vt 0.09985857456922531 0.3400000333786011 
vt 0.08024141937494278 0.35989999771118164 
vt 0.10000000149011612 0.3401414155960083 
vt 0.11975857615470886 0.35989999771118164 
vt 0.11989999562501907 0.32024145126342773 
vt 0.11989999562501907 0.3597586154937744 
vt 0.10014142096042633 0.3400000333786011 
vt 0.08024141937494278 0.32010000944137573 
vt 0.11975857615470886 0.32010000944137573 
vt 0.09999999403953552 0.33985865116119385 
vt 0.1200999990105629 0.32024145126342773 
vt 0.13985857367515564 0.3400000333786011 
vt 0.1200999990105629 0.35975855588912964 
vt 0.1597585678100586 0.35989999771118164 
vt 0.12024141848087311 0.35989999771118164 
vt 0.14000000059604645 0.3401414155960083 
vt 0.1598999947309494 0.32024145126342773 
vt 0.1598999947309494 0.3597586154937744 
vt 0.14014141261577606 0.3400000333786011 
vt 0.1597585678100586 0.32010000944137573 
vt 0.14000000059604645 0.33985865116119385 
vt 0.12024141848087311 0.32010000944137573 
vt 0.16009999811649323 0.35975855588912964 
vt 0.16009999811649323 0.32024145126342773 
vt 0.17985858023166656 0.3400000333786011 
vt 0.19975857436656952 0.35989999771118164 
vt 0.16024142503738403 0.35989999771118164 
vt 0.17999999225139618 0.3401414155960083 
vt 0.19990000128746033 0.3597586154937744 
vt 0.180141419172287 0.3400000333786011 
vt 0.19990000128746033 0.32024145126342773 
vt 0.16024142503738403 0.32010000944137573 
vt 0.19975857436656952 0.32010000944137573 
vt 0.17999999225139618 0.33985865116119385 
vt 0.20010000467300415 0.35975855588912964 
vt 0.20010000467300415 0.32024145126342773 
vt 0.2198585867881775 0.3400000333786011 
vt 0.20024143159389496 0.35989999771118164 
vt 0.2199999988079071 0.3401414155960083 
vt 0.23975858092308044 0.35989999771118164 
vt 0.23989999294281006 0.32024145126342773 
vt 0.23989999294281006 0.3597586154937744 
vt 0.2201414257287979 0.3400000333786011 
vt 0.20024143159389496 0.32010000944137573 
vt 0.23975858092308044 0.32010000944137573 
vt 0.2199999988079071 0.33985865116119385 
vt 0.24009999632835388 0.32024145126342773 
vt 0.2598585784435272 0.3400000333786011 
vt 0.24009999632835388 0.35975855588912964 
vt 0.2797585725784302 0.35989999771118164 
vt 0.2402414232492447 0.35989999771118164 
vt 0.25999999046325684 0.3401414155960083 
vt 0.2798999845981598 0.32024145126342773 
vt 0.2798999845981598 0.3597586154937744 
vt 0.26014140248298645 0.3400000333786011 
vt 0.2797585725784302 0.32010000944137573 
vt 0.25999999046325684 0.33985865116119385 
vt 0.2402414232492447 0.32010000944137573 
vt 0.2800999879837036 0.35975855588912964 
vt 0.2800999879837036 0.32024145126342773 
vt 0.29985857009887695 0.3400000333786011 
vt 0.3197585940361023 0.35989999771118164 
vt 0.2802414298057556 0.35989999771118164 
vt 0.30000001192092896 0.3401414155960083 
vt 0.3199000060558319 0.3597586154937744 
vt 0.30014142394065857 0.3400000333786011 
vt 0.3199000060558319 0.32024145126342773 
vt 0.2802414298057556 0.32010000944137573 
vt 0.3197585642337799 0.32010000944137573 
vt 0.30000001192092896 0.33985865116119385 
vt 0.32009997963905334 0.35975855588912964 
vt 0.32009997963905334 0.32024145126342773 
vt 0.3398585617542267 0.3400000333786011 
vt 0.32024142146110535 0.35989999771118164 
vt 0.3400000035762787 0.3401414155960083 
vt 0.35975855588912964 0.35989999771118164 
vt 0.35989999771118164 0.32024145126342773 
vt 0.35989999771118164 0.3597586154937744 
vt 0.3401414155960083 0.3400000333786011 
vt 0.32024142146110535 0.32010000944137573 
vt 0.35975855588912964 0.32010000944137573 
vt 0.3400000035762787 0.33985865116119385 
vt 0.36010000109672546 0.32024145126342773 
vt 0.3798585832118988 0.3400000333786011 
vt 0.36010000109672546 0.35975855588912964 
vt 0.39975857734680176 0.35989999771118164 
vt 0.36024144291877747 0.35989999771118164 
vt 0.3800000250339508 0.3401414155960083 
vt 0.39990001916885376 0.32024145126342773 
vt 0.39990001916885376 0.3597586154937744 
vt 0.3801414370536804 0.3400000333786011 
vt 0.39975857734680176 0.32010000944137573 
vt 0.3800000250339508 0.33985865116119385 
vt 0.36024144291877747 0.32010000944137573 
vt 0.4000999927520752 0.35975855588912964 
vt 0.4000999927520752 0.32024145126342773 
vt 0.41985857486724854 0.3400000333786011 
vt 0.4397585988044739 0.35989999771118164 
vt 0.4002414345741272 0.35989999771118164 
vt 0.42000001668930054 0.3401414155960083 
vt 0.4399000108242035 0.3597586154937744 
vt 0.42014142870903015 0.3400000333786011 
vt 0.4399000108242035 0.32024145126342773 
vt 0.4002414345741272 0.32010000944137573 
vt 0.4397585690021515 0.32010000944137573 
vt 0.42000001668930054 0.33985865116119385 
vt 0.4400999844074249 0.35975855588912964 
vt 0.4400999844074249 0.32024145126342773 
vt 0.45985856652259827 0.3400000333786011 
vt 0.44024142622947693 0.35989999771118164 
vt 0.46000000834465027 0.3401414155960083 
vt 0.4797585606575012 0.35989999771118164 
vt 0.4799000024795532 0.32024145126342773 
vt 0.4799000024795532 0.3597586154937744 
vt 0.4601414203643799 0.3400000333786011 
vt 0.29989999532699585 0.00024145841598510742 
vt 0.29989999532699585 0.019758641719818115 
vt 0.29014143347740173 0.010000050067901611 
vt 0.29975858330726624 0.00010001659393310547 
vt 0.28999999165534973 0.009858667850494385 
vt 0.2802414298057556 0.00010001659393310547 
vt 0.3002414107322693 0.00010001659393310547 
vt 0.3197585642337799 0.00010001659393310547 
vt 0.3100000023841858 0.009858667850494385 
vt 0.44024142622947693 0.32010000944137573 
vt 0.4797585606575012 0.32010000944137573 
vt 0.46000000834465027 0.33985865116119385 
vt 0.48009997606277466 0.32024145126342773 
vt 0.499858558177948 0.3400000333786011 
vt 0.48009997606277466 0.35975855588912964 
vt 0.5197585821151733 0.35989999771118164 
vt 0.48024141788482666 0.35989999771118164 
vt 0.5 0.3401414155960083 
vt 0.5198999643325806 0.32024145126342773 
vt 0.5198999643325806 0.3597586154937744 
vt 0.5001413822174072 0.3400000333786011 
vt 0.5197585821151733 0.32010000944137573 
vt 0.5 0.33985865116119385 
vt 0.48024141788482666 0.32010000944137573 
vt 0.5200999975204468 0.35975855588912964 
vt 0.5200999975204468 0.32024145126342773 
vt 0.5398585796356201 0.3400000333786011 
vt 0.5597585439682007 0.35989999771118164 
vt 0.520241379737854 0.35989999771118164 
vt 0.5399999618530273 0.3401414155960083 
vt 0.5598999857902527 0.3597586154937744 
vt 0.5401414036750793 0.3400000333786011 
vt 0.5598999857902527 0.32024145126342773 
vt 0.520241379737854 0.32010000944137573 
vt 0.5597585439682007 0.32010000944137573 
vt 0.5399999618530273 0.33985865116119385 
vt 0.5601000189781189 0.35975855588912964 
vt 0.5601000189781189 0.32024145126342773 
vt 0.5798586010932922 0.3400000333786011 
vt 0.5602414011955261 0.35989999771118164 
vt 0.5799999833106995 0.3401414155960083 
vt 0.5997585654258728 0.35989999771118164 
vt 0.5999000072479248 0.32024145126342773 
vt 0.5999000072479248 0.3597586154937744 
vt 0.5801414251327515 0.3400000333786011 
vt 0.5602414011955261 0.32010000944137573 
vt 0.5997585654258728 0.32010000944137573 
vt 0.5799999833106995 0.33985865116119385 
vt 0.600100040435791 0.32024145126342773 
vt 0.6198586225509644 0.3400000333786011 
vt 0.600100040435791 0.35975855588912964 
vt 0.6397585868835449 0.35989999771118164 
vt 0.6002414226531982 0.35989999771118164 
vt 0.6200000047683716 0.3401414155960083 
vt 0.6399000287055969 0.32024145126342773 
vt 0.6399000287055969 0.3597586154937744 
vt 0.6201414465904236 0.3400000333786011 
vt 0.6397585868835449 0.32010000944137573 
vt 0.6200000047683716 0.33985865116119385 
vt 0.6002414226531982 0.32010000944137573 
vt 0.6401000022888184 0.35975855588912964 
vt 0.6401000022888184 0.32024145126342773 
vt 0.6598585844039917 0.3400000333786011 
vt 0.6797585487365723 0.35989999771118164 
vt 0.6402413845062256 0.35989999771118164 
vt 0.6599999666213989 0.3401414155960083 
vt 0.6798999905586243 0.3597586154937744 
vt 0.6601414084434509 0.3400000333786011 
vt 0.6798999905586243 0.32024145126342773 
vt 0.6402413845062256 0.32010000944137573 
vt 0.6797585487365723 0.32010000944137573 
vt 0.6599999666213989 0.33985865116119385 
vt 0.6801000237464905 0.35975855588912964 
vt 0.6801000237464905 0.32024145126342773 
vt 0.6998586058616638 0.3400000333786011 
vt 0.6802414059638977 0.35989999771118164 
vt 0.699999988079071 0.3401414155960083 
vt 0.7197585701942444 0.35989999771118164 
vt 0.7199000120162964 0.32024145126342773 
vt 0.7199000120162964 0.3597586154937744 
vt 0.700141429901123 0.3400000333786011 
vt 0.6802414059638977 0.32010000944137573 
vt 0.7197585701942444 0.32010000944137573 
vt 0.699999988079071 0.33985865116119385 
vt 0.7201000452041626 0.32024145126342773 
vt 0.7398586273193359 0.3400000333786011 
vt 0.7201000452041626 0.35975855588912964 
vt 0.7597585916519165 0.35989999771118164 
vt 0.7202414274215698 0.35989999771118164 
vt 0.7400000095367432 0.3401414155960083 
vt 0.7599000334739685 0.32024145126342773 
vt 0.7599000334739685 0.3597586154937744 
vt 0.7401414513587952 0.3400000333786011 
vt 0.7597585916519165 0.32010000944137573 
vt 0.7400000095367432 0.33985865116119385 
vt 0.7202414274215698 0.32010000944137573 
vt 0.7601000070571899 0.35975855588912964 
vt 0.7601000070571899 0.32024145126342773 
vt 0.7798585891723633 0.3400000333786011 
vt 0.7997585535049438 0.35989999771118164 
vt 0.7602413892745972 0.35989999771118164 
vt 0.7799999713897705 0.3401414155960083 
vt 0.7998999953269958 0.3597586154937744 
vt 0.7801414132118225 0.3400000333786011 
vt 0.7998999953269958 0.32024145126342773 
vt 0.7602413892745972 0.32010000944137573 
vt 0.7997585535049438 0.32010000944137573 
vt 0.7799999713897705 0.33985865116119385 
vt 0.8001000285148621 0.35975855588912964 
vt 0.8001000285148621 0.32024145126342773 
vt 0.8198586106300354 0.3400000333786011 
vt 0.8002414107322693 0.35989999771118164 
vt 0.8199999928474426 0.3401414155960083 
vt 0.839758574962616 0.35989999771118164 
vt 0.839900016784668 0.32024145126342773 
vt 0.839900016784668 0.3597586154937744 
vt 0.8201414346694946 0.3400000333786011 
vt 0.05975857749581337 0.060100018978118896 
vt 0.04010000079870224 0.07975852489471436 
vt 0.04010000079870224 0.060100018978118896 
vt 0.05975857749581337 0.059899985790252686 
vt 0.04010000079870224 0.059899985790252686 
vt 0.04010000079870224 0.04024142026901245 
vt 0.060100000351667404 0.06024140119552612 
vt 0.07975857704877853 0.07989996671676636 
vt 0.060099996626377106 0.07989996671676636 
vt 0.04024142026901245 0.07989996671676636 
vt 0.05990000069141388 0.06024140119552612 
vt 0.05990000069141388 0.07989996671676636 
vt 0.07989999651908875 0.04024142026901245 
vt 0.07989999651908875 0.059899985790252686 
vt 0.06024141609668732 0.059899985790252686 
vt 0.07989999651908875 0.07975858449935913 
vt 0.06024141609668732 0.060100018978118896 
vt 0.07989999651908875 0.060100018978118896 
vt 0.8002414107322693 0.32010000944137573 
vt 0.839758574962616 0.32010000944137573 
vt 0.8199999928474426 0.33985865116119385 
vt 0.8400999903678894 0.32024145126342773 
vt 0.8598585724830627 0.3400000333786011 
vt 0.8400999903678894 0.35975855588912964 
vt 0.8797585368156433 0.35989999771118164 
vt 0.8402413725852966 0.35989999771118164 
vt 0.85999995470047 0.3401414155960083 
vt 0.8798999786376953 0.32024145126342773 
vt 0.8798999786376953 0.3597586154937744 
vt 0.860141396522522 0.3400000333786011 
vt 0.8797585368156433 0.32010000944137573 
vt 0.85999995470047 0.33985865116119385 
vt 0.8402413725852966 0.32010000944137573 
vt 0.8801000118255615 0.35975855588912964 
vt 0.8801000118255615 0.32024145126342773 
vt 0.8998585939407349 0.3400000333786011 
vt 0.3098585903644562 0.010000050067901611 
vt 0.3000999987125397 0.019758641719818115 
vt 0.3000999987125397 0.00024145841598510742 
vt 0.32024142146110535 0.020100057125091553 
vt 0.33975857496261597 0.020100057125091553 
vt 0.32999998331069946 0.029858648777008057 
vt 0.32985857129096985 0.030000030994415283 
vt 0.32009997963905334 0.03975856304168701 
vt 0.32009997963905334 0.020241498947143555 
vt 0.05990000069141388 0.05975860357284546 
vt 0.04024142026901245 0.04009997844696045 
vt 0.05989999696612358 0.04009997844696045 
vt 0.060099996626377106 0.05975860357284546 
vt 0.060099996626377106 0.04009997844696045 
vt 0.07975856959819794 0.04009997844696045 
vt 0.099758580327034 0.060100018978118896 
vt 0.08009999990463257 0.07975852489471436 
vt 0.08009999990463257 0.060100018978118896 
vt 0.08009999990463257 0.04024142026901245 
vt 0.099758580327034 0.059899985790252686 
vt 0.08009999990463257 0.059899985790252686 
vt 0.11975857615470886 0.07989996671676636 
vt 0.10009999573230743 0.07989996671676636 
vt 0.10009999573230743 0.06024140119552612 
vt 0.08024141937494278 0.07989996671676636 
vt 0.09989999979734421 0.06024140119552612 
vt 0.09989999979734421 0.07989996671676636 
vt 0.10024141520261765 0.059899985790252686 
vt 0.11989999562501907 0.04024142026901245 
vt 0.11989999562501907 0.059899985790252686 
vt 0.10024141520261765 0.060100018978118896 
vt 0.11989999562501907 0.060100018978118896 
vt 0.11989999562501907 0.07975858449935913 
vt 0.09989999979734421 0.05975860357284546 
vt 0.08024141937494278 0.04009997844696045 
vt 0.09989999234676361 0.04009997844696045 
vt 0.32009997963905334 0.00024145841598510742 
vt 0.32985857129096985 0.010000050067901611 
vt 0.32009997963905334 0.01975858211517334 
vt 0.32999998331069946 0.010141432285308838 
vt 0.33975857496261597 0.019900023937225342 
vt 0.32024142146110535 0.019900023937225342 
vt 0.3400999903678894 0.02024143934249878 
vt 0.3498585820198059 0.030000030994415283 
vt 0.3400999903678894 0.03975856304168701 
vt 0.11975857615470886 0.04009997844696045 
vt 0.10009999573230743 0.05975860357284546 
vt 0.10009999573230743 0.04009997844696045 
vt 0.1200999990105629 0.07975852489471436 
vt 0.1200999990105629 0.060100018978118896 
vt 0.13975857198238373 0.060100018978118896 
vt 0.1200999990105629 0.04024142026901245 
vt 0.13975857198238373 0.059899985790252686 
vt 0.1200999990105629 0.059899985790252686 
vt 0.14010000228881836 0.06024140119552612 
vt 0.1597585678100586 0.07989996671676636 
vt 0.14010000228881836 0.07989996671676636 
vt 0.13989999890327454 0.06024140119552612 
vt 0.13989999890327454 0.07989996671676636 
vt 0.12024141848087311 0.07989996671676636 
vt 0.14024141430854797 0.059899985790252686 
vt 0.1598999947309494 0.04024142026901245 
vt 0.1598999947309494 0.059899985790252686 
vt 0.1598999947309494 0.07975858449935913 
vt 0.14024141430854797 0.060100018978118896 
vt 0.1598999947309494 0.060100018978118896 
vt 0.12024141848087311 0.04009997844696045 
vt 0.13989999890327454 0.04009997844696045 
vt 0.13989999890327454 0.05975860357284546 
vt 0.1597585678100586 0.04009997844696045 
vt 0.14010000228881836 0.05975860357284546 
vt 0.14010000228881836 0.04009997844696045 
vt 0.35975855588912964 0.039900004863739014 
vt 0.340241402387619 0.039900004863739014 
vt 0.3499999940395355 0.03014141321182251 
vt 0.32024142146110535 0.039900004863739014 
vt 0.32999998331069946 0.03014141321182251 
vt 0.33975857496261597 0.039900004863739014 
vt 0.3398999869823456 0.02024143934249878 
vt 0.3398999869823456 0.03975856304168701 
vt 0.33014142513275146 0.030000030994415283 
vt 0.9197585582733154 0.35989999771118164 
vt 0.8802413940429688 0.35989999771118164 
vt 0.8999999761581421 0.3401414155960083 
vt 0.9199000000953674 0.3597586154937744 
vt 0.9001414179801941 0.3400000333786011 
vt 0.9199000000953674 0.32024145126342773 
vt 0.8802413940429688 0.32010000944137573 
vt 0.9197585582733154 0.32010000944137573 
vt 0.8999999761581421 0.33985865116119385 
vt 0.9201000332832336 0.35975855588912964 
vt 0.9201000332832336 0.32024145126342773 
vt 0.939858615398407 0.3400000333786011 
vt 0.9202414155006409 0.35989999771118164 
vt 0.9399999976158142 0.3401414155960083 
vt 0.9597585797309875 0.35989999771118164 
vt 0.9599000215530396 0.32024145126342773 
vt 0.9599000215530396 0.3597586154937744 
vt 0.9401414394378662 0.3400000333786011 
vt 0.17975857853889465 0.060100018978118896 
vt 0.16009999811649323 0.07975852489471436 
vt 0.16009999811649323 0.060100018978118896 
vt 0.17975857853889465 0.059899985790252686 
vt 0.16009999811649323 0.059899985790252686 
vt 0.16009999811649323 0.04024142026901245 
vt 0.1800999939441681 0.06024140119552612 
vt 0.19975857436656952 0.07989996671676636 
vt 0.1800999939441681 0.07989996671676636 
vt 0.17989999055862427 0.07989996671676636 
vt 0.16024142503738403 0.07989996671676636 
vt 0.17989999055862427 0.06024140119552612 
vt 0.1802414208650589 0.059899985790252686 
vt 0.19990000128746033 0.04024142026901245 
vt 0.19990000128746033 0.059899985790252686 
vt 0.19990000128746033 0.060100018978118896 
vt 0.19990000128746033 0.07975858449935913 
vt 0.1802414208650589 0.060100018978118896 
vt 0.17989999055862427 0.05975860357284546 
vt 0.16024142503738403 0.04009997844696045 
vt 0.17989999055862427 0.04009997844696045 
vt 0.1800999939441681 0.05975860357284546 
vt 0.1800999939441681 0.04009997844696045 
vt 0.19975857436656952 0.04009997844696045 
vt 0.21975858509540558 0.060100018978118896 
vt 0.20010000467300415 0.07975852489471436 
vt 0.20010000467300415 0.060100018978118896 
vt 0.9202414155006409 0.32010000944137573 
vt 0.9597585797309875 0.32010000944137573 
vt 0.9399999976158142 0.33985865116119385 
vt 0.960099995136261 0.32024145126342773 
vt 0.9798585772514343 0.3400000333786011 
vt 0.960099995136261 0.35975855588912964 
vt 0.9997585415840149 0.35989999771118164 
vt 0.9602413773536682 0.35989999771118164 
vt 0.9799999594688416 0.3401414155960083 
vt 0.9998999834060669 0.32024145126342773 
vt 0.9998999834060669 0.3597586154937744 
vt 0.9801414012908936 0.3400000333786011 
vt 0.9997585415840149 0.32010000944137573 
vt 0.9799999594688416 0.33985865116119385 
vt 0.9602413773536682 0.32010000944137573 
vt 9.999999747378752e-05 0.3197585344314575 
vt 9.999999747378752e-05 0.2802414298057556 
vt 0.019858578220009804 0.30000001192092896 
vt 0.039758577942848206 0.3198999762535095 
vt 0.000241421366808936 0.3198999762535095 
vt 0.020000001415610313 0.3001413941383362 
vt 0.03989999741315842 0.3197585940361023 
vt 0.020141419023275375 0.30000001192092896 
vt 0.03989999741315842 0.2802414298057556 
vt 0.00024142135225702077 0.2800999879837036 
vt 0.03975857421755791 0.2800999879837036 
vt 0.019999999552965164 0.29985862970352173 
vt 0.04010000079870224 0.3197585344314575 
vt 0.04010000079870224 0.2802414298057556 
vt 0.05985857546329498 0.30000001192092896 
vt 0.04024142026901245 0.3198999762535095 
vt 0.06000000238418579 0.3001413941383362 
vt 0.07975857704877853 0.3198999762535095 
vt 0.07989999651908875 0.2802414298057556 
vt 0.07989999651908875 0.3197585940361023 
vt 0.060141418129205704 0.30000001192092896 
vt 0.20010000467300415 0.04024142026901245 
vt 0.21975858509540558 0.059899985790252686 
vt 0.20010000467300415 0.059899985790252686 
vt 0.23975858092308044 0.07989996671676636 
vt 0.22010000050067902 0.07989996671676636 
vt 0.22010000050067902 0.06024140119552612 
vt 0.20024143159389496 0.07989996671676636 
vt 0.2199000120162964 0.06024140119552612 
vt 0.2198999971151352 0.07989996671676636 
vt 0.22024142742156982 0.059899985790252686 
vt 0.23989999294281006 0.04024142026901245 
vt 0.23989999294281006 0.059899985790252686 
vt 0.22024142742156982 0.060100018978118896 
vt 0.23989999294281006 0.060100018978118896 
vt 0.23989999294281006 0.07975858449935913 
vt 0.2198999971151352 0.05975860357284546 
vt 0.20024143159389496 0.04009997844696045 
vt 0.2198999971151352 0.04009997844696045 
vt 0.04024142026901245 0.2800999879837036 
vt 0.07975856959819794 0.2800999879837036 
vt 0.05999999865889549 0.29985862970352173 
vt 0.08009999990463257 0.2802414298057556 
vt 0.09985857456922531 0.30000001192092896 
vt 0.08009999990463257 0.3197585344314575 
vt 0.11975857615470886 0.3198999762535095 
vt 0.08024141937494278 0.3198999762535095 
vt 0.10000000149011612 0.3001413941383362 
vt 0.11989999562501907 0.2802414298057556 
vt 0.11989999562501907 0.3197585940361023 
vt 0.10014142096042633 0.30000001192092896 
vt 0.11975857615470886 0.2800999879837036 
vt 0.09999999403953552 0.29985862970352173 
vt 0.08024141937494278 0.2800999879837036 
vt 0.1200999990105629 0.3197585344314575 
vt 0.1200999990105629 0.2802414298057556 
vt 0.13985857367515564 0.30000001192092896 
vt 0.340241402387619 0.019900023937225342 
vt 0.3499999940395355 0.010141432285308838 
vt 0.35975855588912964 0.019900023937225342 
vt 0.35014140605926514 0.010000050067901611 
vt 0.35989999771118164 0.00024145841598510742 
vt 0.35989999771118164 0.01975858211517334 
vt 0.35989999771118164 0.03975862264633179 
vt 0.35014140605926514 0.030000030994415283 
vt 0.35989999771118164 0.020241498947143555 
vt 0.23975858092308044 0.04009997844696045 
vt 0.22010000050067902 0.05975860357284546 
vt 0.22010000050067902 0.04009997844696045 
vt 0.24009999632835388 0.07975852489471436 
vt 0.24009999632835388 0.060100018978118896 
vt 0.2597585618495941 0.060100018978118896 
vt 0.24009999632835388 0.04024142026901245 
vt 0.2597585618495941 0.059899985790252686 
vt 0.24009999632835388 0.059899985790252686 
vt 0.26010000705718994 0.06024140119552612 
vt 0.2797585725784302 0.07989996671676636 
vt 0.26010000705718994 0.07989996671676636 
vt 0.2599000036716461 0.06024140119552612 
vt 0.2599000036716461 0.07989996671676636 
vt 0.2402414232492447 0.07989996671676636 
vt 0.26024141907691956 0.059899985790252686 
vt 0.2798999845981598 0.04024142026901245 
vt 0.2798999845981598 0.059899985790252686 
vt 0.2798999845981598 0.07975858449935913 
vt 0.26024141907691956 0.060100018978118896 
vt 0.2798999845981598 0.060100018978118896 
vt 0.2402414232492447 0.04009997844696045 
vt 0.2599000036716461 0.04009997844696045 
vt 0.2599000036716461 0.05975860357284546 
vt 0.2797585725784302 0.04009997844696045 
vt 0.26010000705718994 0.05975860357284546 
vt 0.26010000705718994 0.04009997844696045 
vt 0.3499999940395355 0.029858648777008057 
vt 0.340241402387619 0.020100057125091553 
vt 0.35975855588912964 0.020100057125091553 
vt 0.3398999869823456 0.00024145841598510742 
vt 0.3398999869823456 0.019758641719818115 
vt 0.33014142513275146 0.010000050067901611 
vt 0.32999998331069946 0.009858667850494385 
vt 0.32024142146110535 0.00010001659393310547 
vt 0.33975857496261597 0.00010001659393310547 
vt 0.29975858330726624 0.060100018978118896 
vt 0.2800999879837036 0.07975852489471436 
vt 0.2800999879837036 0.060100018978118896 
vt 0.29975858330726624 0.059899985790252686 
vt 0.2800999879837036 0.059899985790252686 
vt 0.2800999879837036 0.04024142026901245 
vt 0.3000999987125397 0.06024140119552612 
vt 0.3197585940361023 0.07989996671676636 
vt 0.3000999987125397 0.07989996671676636 
vt 0.2802414298057556 0.07989996671676636 
vt 0.29989999532699585 0.06024140119552612 
vt 0.29989999532699585 0.07989996671676636 
vt 0.3199000060558319 0.04024142026901245 
vt 0.3199000060558319 0.059899985790252686 
vt 0.3002414107322693 0.059899985790252686 
vt 0.3199000060558319 0.07975858449935913 
vt 0.3002414107322693 0.060100018978118896 
vt 0.3199000060558319 0.060100018978118896 
vt 0.29989999532699585 0.05975860357284546 
vt 0.2802414298057556 0.04009997844696045 
vt 0.29989999532699585 0.04009997844696045 
vt 0.3000999987125397 0.05975860357284546 
vt 0.3000999987125397 0.04009997844696045 
vt 0.3197585642337799 0.04009997844696045 
vt 0.33975857496261597 0.060100018978118896 
vt 0.32009997963905334 0.07975852489471436 
vt 0.32009997963905334 0.060100018978118896 
vt 0.340241402387619 0.00010001659393310547 
vt 0.35975855588912964 0.00010001659393310547 
vt 0.3499999940395355 0.009858667850494385 
vt 0.3400999903678894 0.00024145841598510742 
vt 0.3498585820198059 0.010000050067901611 
vt 0.3400999903678894 0.019758641719818115 
vt 0.36024144291877747 0.020100057125091553 
vt 0.3797585964202881 0.020100057125091553 
vt 0.3700000047683716 0.029858648777008057 
vt 0.1597585678100586 0.3198999762535095 
vt 0.12024141848087311 0.3198999762535095 
vt 0.14000000059604645 0.3001413941383362 
vt 0.1598999947309494 0.3197585940361023 
vt 0.14014141261577606 0.30000001192092896 
vt 0.1598999947309494 0.2802414298057556 
vt 0.12024141848087311 0.2800999879837036 
vt 0.1597585678100586 0.2800999879837036 
vt 0.14000000059604645 0.29985862970352173 
vt 0.16009999811649323 0.3197585344314575 
vt 0.16009999811649323 0.2802414298057556 
vt 0.17985858023166656 0.30000001192092896 
vt 0.16024142503738403 0.3198999762535095 
vt 0.17999999225139618 0.3001413941383362 
vt 0.19975857436656952 0.3198999762535095 
vt 0.19990000128746033 0.2802414298057556 
vt 0.19990000128746033 0.3197585940361023 
vt 0.180141419172287 0.30000001192092896 
vt 0.33975857496261597 0.059899985790252686 
vt 0.32009997963905334 0.059899985790252686 
vt 0.32009997963905334 0.04024142026901245 
vt 0.3400999903678894 0.07989996671676636 
vt 0.3400999903678894 0.06024140119552612 
vt 0.35975855588912964 0.07989996671676636 
vt 0.3398999869823456 0.06024140119552612 
vt 0.3398999869823456 0.07989996671676636 
vt 0.32024142146110535 0.07989996671676636 
vt 0.340241402387619 0.059899985790252686 
vt 0.35989999771118164 0.04024142026901245 
vt 0.35989999771118164 0.059899985790252686 
vt 0.340241402387619 0.060100018978118896 
vt 0.35989999771118164 0.060100018978118896 
vt 0.35989999771118164 0.07975858449935913 
vt 0.3398999869823456 0.05975860357284546 
vt 0.32024142146110535 0.04009997844696045 
vt 0.3398999869823456 0.04009997844696045 
vt 0.35975855588912964 0.04009997844696045 
vt 0.3400999903678894 0.05975860357284546 
vt 0.3400999903678894 0.04009997844696045 
vt 0.36010000109672546 0.07975852489471436 
vt 0.36010000109672546 0.060100018978118896 
vt 0.3797585964202881 0.060100018978118896 
vt 0.36010000109672546 0.04024142026901245 
vt 0.3797585964202881 0.059899985790252686 
vt 0.36010000109672546 0.059899985790252686 
vt 0.16024142503738403 0.2800999879837036 
vt 0.19975857436656952 0.2800999879837036 
vt 0.17999999225139618 0.29985862970352173 
vt 0.20010000467300415 0.2802414298057556 
vt 0.2198585867881775 0.30000001192092896 
vt 0.20010000467300415 0.3197585344314575 
vt 0.23975858092308044 0.3198999762535095 
vt 0.20024143159389496 0.3198999762535095 
vt 0.2199999988079071 0.3001413941383362 
vt 0.23989999294281006 0.2802414298057556 
vt 0.23989999294281006 0.3197585940361023 
vt 0.2201414257287979 0.30000001192092896 
vt 0.23975858092308044 0.2800999879837036 
vt 0.2199999988079071 0.29985862970352173 
vt 0.20024143159389496 0.2800999879837036 
vt 0.24009999632835388 0.3197585344314575 
vt 0.24009999632835388 0.2802414298057556 
vt 0.2598585784435272 0.30000001192092896 
vt 0.2797585725784302 0.3198999762535095 
vt 0.2402414232492447 0.3198999762535095 
vt 0.25999999046325684 0.3001413941383362 
vt 0.2798999845981598 0.3197585940361023 
vt 0.26014140248298645 0.30000001192092896 
vt 0.2798999845981598 0.2802414298057556 
vt 0.2402414232492447 0.2800999879837036 
vt 0.2797585725784302 0.2800999879837036 
vt 0.25999999046325684 0.29985862970352173 
vt 0.2800999879837036 0.3197585344314575 
vt 0.2800999879837036 0.2802414298057556 
vt 0.29985857009887695 0.30000001192092896 
vt 0.2802414298057556 0.3198999762535095 
vt 0.30000001192092896 0.3001413941383362 
vt 0.3197585940361023 0.3198999762535095 
vt 0.3199000060558319 0.2802414298057556 
vt 0.3199000060558319 0.3197585940361023 
vt 0.30014142394065857 0.30000001192092896 
vt 0.2802414298057556 0.2800999879837036 
vt 0.3197585642337799 0.2800999879837036 
vt 0.30000001192092896 0.29985862970352173 
vt 0.32009997963905334 0.2802414298057556 
vt 0.3398585617542267 0.30000001192092896 
vt 0.32009997963905334 0.3197585344314575 
vt 0.35975855588912964 0.3198999762535095 
vt 0.32024142146110535 0.3198999762535095 
vt 0.3400000035762787 0.3001413941383362 
vt 0.35989999771118164 0.2802414298057556 
vt 0.35989999771118164 0.3197585940361023 
vt 0.3401414155960083 0.30000001192092896 
vt 0.35975855588912964 0.2800999879837036 
vt 0.3400000035762787 0.29985862970352173 
vt 0.32024142146110535 0.2800999879837036 
vt 0.36010000109672546 0.3197585344314575 
vt 0.36010000109672546 0.2802414298057556 
vt 0.3798585832118988 0.30000001192092896 
vt 0.39975857734680176 0.3198999762535095 
vt 0.36024144291877747 0.3198999762535095 
vt 0.3800000250339508 0.3001413941383362 
vt 0.39990001916885376 0.3197585940361023 
vt 0.3801414370536804 0.30000001192092896 
vt 0.39990001916885376 0.2802414298057556 
vt 0.36024144291877747 0.2800999879837036 
vt 0.39975857734680176 0.2800999879837036 
vt 0.3800000250339508 0.29985862970352173 
vt 0.4000999927520752 0.3197585344314575 
vt 0.4000999927520752 0.2802414298057556 
vt 0.41985857486724854 0.30000001192092896 
vt 0.4002414345741272 0.3198999762535095 
vt 0.42000001668930054 0.3001413941383362 
vt 0.4397585988044739 0.3198999762535095 
vt 0.4399000108242035 0.2802414298057556 
vt 0.4399000108242035 0.3197585940361023 
vt 0.42014142870903015 0.30000001192092896 
vt 0.5098999738693237 0.020100057125091553 
vt 0.5098999738693237 0.02975863218307495 
vt 0.5002413988113403 0.020100057125091553 
vt 0.5197585821151733 0.020100057125091553 
vt 0.5101000070571899 0.02975863218307495 
vt 0.5101000070571899 0.020100057125091553 
vt 0.4998999834060669 0.009900033473968506 
vt 0.4902414083480835 0.009900033473968506 
vt 0.4998999834060669 0.00024145841598510742 
vt 0.36010000109672546 0.03975856304168701 
vt 0.36010000109672546 0.020241498947143555 
vt 0.36985859274864197 0.030000030994415283 
vt 0.36010000109672546 0.00024145841598510742 
vt 0.36985859274864197 0.010000050067901611 
vt 0.36010000109672546 0.01975858211517334 
vt 0.3797585964202881 0.019900023937225342 
vt 0.36024144291877747 0.019900023937225342 
vt 0.3700000047683716 0.010141432285308838 
vt 0.4002414345741272 0.2800999879837036 
vt 0.4397585690021515 0.2800999879837036 
vt 0.42000001668930054 0.29985862970352173 
vt 0.4400999844074249 0.2802414298057556 
vt 0.45985856652259827 0.30000001192092896 
vt 0.4400999844074249 0.3197585344314575 
vt 0.4797585606575012 0.3198999762535095 
vt 0.44024142622947693 0.3198999762535095 
vt 0.46000000834465027 0.3001413941383362 
vt 0.4799000024795532 0.2802414298057556 
vt 0.4799000024795532 0.3197585940361023 
vt 0.4601414203643799 0.30000001192092896 
vt 0.4797585606575012 0.2800999879837036 
vt 0.46000000834465027 0.29985862970352173 
vt 0.44024142622947693 0.2800999879837036 
vt 0.48009997606277466 0.3197585344314575 
vt 0.48009997606277466 0.2802414298057556 
vt 0.499858558177948 0.30000001192092896 
vt 0.3801000118255615 0.02024143934249878 
vt 0.389858603477478 0.030000030994415283 
vt 0.3801000118255615 0.03975856304168701 
vt 0.39000001549720764 0.03014141321182251 
vt 0.39975857734680176 0.039900004863739014 
vt 0.38024142384529114 0.039900004863739014 
vt 0.36024144291877747 0.039900004863739014 
vt 0.3700000047683716 0.03014141321182251 
vt 0.3797585964202881 0.039900004863739014 
vt 0.5197585821151733 0.3198999762535095 
vt 0.48024141788482666 0.3198999762535095 
vt 0.5 0.3001413941383362 
vt 0.5198999643325806 0.3197585940361023 
vt 0.5001413822174072 0.30000001192092896 
vt 0.5198999643325806 0.2802414298057556 
vt 0.48024141788482666 0.2800999879837036 
vt 0.5197585821151733 0.2800999879837036 
vt 0.5 0.29985862970352173 
vt 0.5200999975204468 0.3197585344314575 
vt 0.5200999975204468 0.2802414298057556 
vt 0.5398585796356201 0.30000001192092896 
vt 0.520241379737854 0.3198999762535095 
vt 0.5399999618530273 0.3001413941383362 
vt 0.5597585439682007 0.3198999762535095 
vt 0.5598999857902527 0.2802414298057556 
vt 0.5598999857902527 0.3197585940361023 
vt 0.5401414036750793 0.30000001192092896 
vt 0.520241379737854 0.2800999879837036 
vt 0.5597585439682007 0.2800999879837036 
vt 0.5399999618530273 0.29985862970352173 
vt 0.5601000189781189 0.2802414298057556 
vt 0.5798586010932922 0.30000001192092896 
vt 0.5601000189781189 0.3197585344314575 
vt 0.5997585654258728 0.3198999762535095 
vt 0.5602414011955261 0.3198999762535095 
vt 0.5799999833106995 0.3001413941383362 
vt 0.5999000072479248 0.2802414298057556 
vt 0.5999000072479248 0.3197585940361023 
vt 0.5801414251327515 0.30000001192092896 
vt 0.5997585654258728 0.2800999879837036 
vt 0.5799999833106995 0.29985862970352173 
vt 0.5602414011955261 0.2800999879837036 
vt 0.600100040435791 0.3197585344314575 
vt 0.600100040435791 0.2802414298057556 
vt 0.6198586225509644 0.30000001192092896 
vt 0.6397585868835449 0.3198999762535095 
vt 0.6002414226531982 0.3198999762535095 
vt 0.6200000047683716 0.3001413941383362 
vt 0.6399000287055969 0.3197585940361023 
vt 0.6201414465904236 0.30000001192092896 
vt 0.6399000287055969 0.2802414298057556 
vt 0.6002414226531982 0.2800999879837036 
vt 0.6397585868835449 0.2800999879837036 
vt 0.6200000047683716 0.29985862970352173 
vt 0.6401000022888184 0.3197585344314575 
vt 0.6401000022888184 0.2802414298057556 
vt 0.6598585844039917 0.30000001192092896 
vt 0.6402413845062256 0.3198999762535095 
vt 0.6599999666213989 0.3001413941383362 
vt 0.6797585487365723 0.3198999762535095 
vt 0.6798999905586243 0.2802414298057556 
vt 0.6798999905586243 0.3197585940361023 
vt 0.6601414084434509 0.30000001192092896 
vt 0.6402413845062256 0.2800999879837036 
vt 0.6797585487365723 0.2800999879837036 
vt 0.6599999666213989 0.29985862970352173 
vt 0.6801000237464905 0.2802414298057556 
vt 0.6998586058616638 0.30000001192092896 
vt 0.6801000237464905 0.3197585344314575 
vt 0.7197585701942444 0.3198999762535095 
vt 0.6802414059638977 0.3198999762535095 
vt 0.699999988079071 0.3001413941383362 
vt 0.7199000120162964 0.2802414298057556 
vt 0.7199000120162964 0.3197585940361023 
vt 0.700141429901123 0.30000001192092896 
vt 0.7197585701942444 0.2800999879837036 
vt 0.699999988079071 0.29985862970352173 
vt 0.6802414059638977 0.2800999879837036 
vt 0.7201000452041626 0.3197585344314575 
vt 0.7201000452041626 0.2802414298057556 
vt 0.7398586273193359 0.30000001192092896 
vt 0.7597585916519165 0.3198999762535095 
vt 0.7202414274215698 0.3198999762535095 
vt 0.7400000095367432 0.3001413941383362 
vt 0.7599000334739685 0.3197585940361023 
vt 0.7401414513587952 0.30000001192092896 
vt 0.7599000334739685 0.2802414298057556 
vt 0.7202414274215698 0.2800999879837036 
vt 0.7597585916519165 0.2800999879837036 
vt 0.7400000095367432 0.29985862970352173 
vt 0.7601000070571899 0.3197585344314575 
vt 0.7601000070571899 0.2802414298057556 
vt 0.7798585891723633 0.30000001192092896 
vt 0.7602413892745972 0.3198999762535095 
vt 0.7799999713897705 0.3001413941383362 
vt 0.7997585535049438 0.3198999762535095 
vt 0.7998999953269958 0.2802414298057556 
vt 0.7998999953269958 0.3197585940361023 
vt 0.7801414132118225 0.30000001192092896 
vt 0.7602413892745972 0.2800999879837036 
vt 0.7997585535049438 0.2800999879837036 
vt 0.7799999713897705 0.29985862970352173 
vt 0.8001000285148621 0.2802414298057556 
vt 0.8198586106300354 0.30000001192092896 
vt 0.8001000285148621 0.3197585344314575 
vt 0.839758574962616 0.3198999762535095 
vt 0.8002414107322693 0.3198999762535095 
vt 0.8199999928474426 0.3001413941383362 
vt 0.839900016784668 0.2802414298057556 
vt 0.839900016784668 0.3197585940361023 
vt 0.8201414346694946 0.30000001192092896 
vt 0.839758574962616 0.2800999879837036 
vt 0.8199999928474426 0.29985862970352173 
vt 0.8002414107322693 0.2800999879837036 
vt 0.8400999903678894 0.3197585344314575 
vt 0.8400999903678894 0.2802414298057556 
vt 0.8598585724830627 0.30000001192092896 
vt 0.8797585368156433 0.3198999762535095 
vt 0.8402413725852966 0.3198999762535095 
vt 0.85999995470047 0.3001413941383362 
vt 0.8798999786376953 0.3197585940361023 
vt 0.860141396522522 0.30000001192092896 
vt 0.8798999786376953 0.2802414298057556 
vt 0.8402413725852966 0.2800999879837036 
vt 0.8797585368156433 0.2800999879837036 
vt 0.85999995470047 0.29985862970352173 
vt 0.8801000118255615 0.3197585344314575 
vt 0.8801000118255615 0.2802414298057556 
vt 0.8998585939407349 0.30000001192092896 
vt 0.8802413940429688 0.3198999762535095 
vt 0.8999999761581421 0.3001413941383362 
vt 0.9197585582733154 0.3198999762535095 
vt 0.9199000000953674 0.2802414298057556 
vt 0.9199000000953674 0.3197585940361023 
vt 0.9001414179801941 0.30000001192092896 
vt 0.8802413940429688 0.2800999879837036 
vt 0.9197585582733154 0.2800999879837036 
vt 0.8999999761581421 0.29985862970352173 
vt 0.9201000332832336 0.2802414298057556 
vt 0.939858615398407 0.30000001192092896 
vt 0.9201000332832336 0.3197585344314575 
vt 0.9597585797309875 0.3198999762535095 
vt 0.9202414155006409 0.3198999762535095 
vt 0.9399999976158142 0.3001413941383362 
vt 0.9599000215530396 0.2802414298057556 
vt 0.9599000215530396 0.3197585940361023 
vt 0.9401414394378662 0.30000001192092896 
vt 0.9597585797309875 0.2800999879837036 
vt 0.9399999976158142 0.29985862970352173 
vt 0.9202414155006409 0.2800999879837036 
vt 0.960099995136261 0.3197585344314575 
vt 0.960099995136261 0.2802414298057556 
vt 0.9798585772514343 0.30000001192092896 
vt 0.9997585415840149 0.3198999762535095 
vt 0.9602413773536682 0.3198999762535095 
vt 0.9799999594688416 0.3001413941383362 
vt 0.9998999834060669 0.3197585940361023 
vt 0.9801414012908936 0.30000001192092896 
vt 0.9998999834060669 0.2802414298057556 
vt 0.9602413773536682 0.2800999879837036 
vt 0.9997585415840149 0.2800999879837036 
vt 0.9799999594688416 0.29985862970352173 
vt 9.999999747378752e-05 0.2797585129737854 
vt 9.999999747378752e-05 0.2402414083480835 
vt 0.019858578220009804 0.25999999046325684 
vt 0.000241421366808936 0.2798999547958374 
vt 0.020000001415610313 0.26014137268066406 
vt 0.039758577942848206 0.2798999547958374 
vt 0.03989999741315842 0.2402414083480835 
vt 0.03989999741315842 0.2797585725784302 
vt 0.020141419023275375 0.25999999046325684 
vt 0.00024142135225702077 0.2400999665260315 
vt 0.03975857421755791 0.2400999665260315 
vt 0.019999999552965164 0.2598586082458496 
vt 0.04010000079870224 0.2402414083480835 
vt 0.05985857546329498 0.25999999046325684 
vt 0.04010000079870224 0.2797585129737854 
vt 0.07975857704877853 0.2798999547958374 
vt 0.04024142026901245 0.2798999547958374 
vt 0.06000000238418579 0.26014137268066406 
vt 0.07989999651908875 0.2402414083480835 
vt 0.07989999651908875 0.2797585725784302 
vt 0.060141418129205704 0.25999999046325684 
vt 0.07975856959819794 0.2400999665260315 
vt 0.05999999865889549 0.2598586082458496 
vt 0.04024142026901245 0.2400999665260315 
vt 0.08009999990463257 0.2797585129737854 
vt 0.08009999990463257 0.2402414083480835 
vt 0.09985857456922531 0.25999999046325684 
vt 0.11975857615470886 0.2798999547958374 
vt 0.08024141937494278 0.2798999547958374 
vt 0.10000000149011612 0.26014137268066406 
vt 0.11989999562501907 0.2797585725784302 
vt 0.10014142096042633 0.25999999046325684 
vt 0.11989999562501907 0.2402414083480835 
vt 0.08024141937494278 0.2400999665260315 
vt 0.11975857615470886 0.2400999665260315 
vt 0.09999999403953552 0.2598586082458496 
vt 0.1200999990105629 0.2797585129737854 
vt 0.1200999990105629 0.2402414083480835 
vt 0.13985857367515564 0.25999999046325684 
vt 0.12024141848087311 0.2798999547958374 
vt 0.14000000059604645 0.26014137268066406 
vt 0.1597585678100586 0.2798999547958374 
vt 0.1598999947309494 0.2402414083480835 
vt 0.1598999947309494 0.2797585725784302 
vt 0.14014141261577606 0.25999999046325684 
vt 0.600100040435791 0.9202414155006409 
vt 0.6397585868835449 0.9598999619483948 
vt 0.600100040435791 0.9598999619483948 
vt 0.6002414226531982 0.9200999736785889 
vt 0.6399000287055969 0.9200999736785889 
vt 0.6399000287055969 0.9597585797309875 
vt 0.6401000022888184 0.9202414155006409 
vt 0.6797585487365723 0.9598999619483948 
vt 0.6401000022888184 0.9598999619483948 
vt 0.12024141848087311 0.2400999665260315 
vt 0.1597585678100586 0.2400999665260315 
vt 0.14000000059604645 0.2598586082458496 
vt 0.16009999811649323 0.2402414083480835 
vt 0.17985858023166656 0.25999999046325684 
vt 0.16009999811649323 0.2797585129737854 
vt 0.19975857436656952 0.2798999547958374 
vt 0.16024142503738403 0.2798999547958374 
vt 0.17999999225139618 0.26014137268066406 
vt 0.19990000128746033 0.2402414083480835 
vt 0.19990000128746033 0.2797585725784302 
vt 0.180141419172287 0.25999999046325684 
vt 0.19975857436656952 0.2400999665260315 
vt 0.17999999225139618 0.2598586082458496 
vt 0.16024142503738403 0.2400999665260315 
vt 0.20010000467300415 0.2797585129737854 
vt 0.20010000467300415 0.2402414083480835 
vt 0.2198585867881775 0.25999999046325684 
vt 0.23975858092308044 0.2798999547958374 
vt 0.20024143159389496 0.2798999547958374 
vt 0.2199999988079071 0.26014137268066406 
vt 0.23989999294281006 0.2797585725784302 
vt 0.2201414257287979 0.25999999046325684 
vt 0.23989999294281006 0.2402414083480835 
vt 0.20024143159389496 0.2400999665260315 
vt 0.23975858092308044 0.2400999665260315 
vt 0.2199999988079071 0.2598586082458496 
vt 0.24009999632835388 0.2797585129737854 
vt 0.24009999632835388 0.2402414083480835 
vt 0.2598585784435272 0.25999999046325684 
vt 0.2402414232492447 0.2798999547958374 
vt 0.25999999046325684 0.26014137268066406 
vt 0.2797585725784302 0.2798999547958374 
vt 0.2798999845981598 0.2402414083480835 
vt 0.2798999845981598 0.2797585725784302 
vt 0.26014140248298645 0.25999999046325684 
vt 0.4902414083480835 0.010100066661834717 
vt 0.4998999834060669 0.010100066661834717 
vt 0.4998999834060669 0.019758641719818115 
vt 0.48989999294281006 0.00010001659393310547 
vt 0.48989999294281006 0.00975865125656128 
vt 0.48024141788482666 0.00010001659393310547 
vt 0.4900999963283539 0.00975865125656128 
vt 0.4900999963283539 0.00010001659393310547 
vt 0.4997585713863373 0.00010001659393310547 
vt 0.3799000084400177 0.02024143934249878 
vt 0.3799000084400177 0.03975856304168701 
vt 0.3701414465904236 0.030000030994415283 
vt 0.38024142384529114 0.019900023937225342 
vt 0.39000001549720764 0.010141432285308838 
vt 0.39975857734680176 0.019900023937225342 
vt 0.39990001916885376 0.00024145841598510742 
vt 0.39990001916885376 0.01975858211517334 
vt 0.39014142751693726 0.010000050067901611 
vt 0.2402414232492447 0.2400999665260315 
vt 0.2797585725784302 0.2400999665260315 
vt 0.25999999046325684 0.2598586082458496 
vt 0.2800999879837036 0.2402414083480835 
vt 0.29985857009887695 0.25999999046325684 
vt 0.2800999879837036 0.2797585129737854 
vt 0.3197585940361023 0.2798999547958374 
vt 0.2802414298057556 0.2798999547958374 
vt 0.30000001192092896 0.26014137268066406 
vt 0.3199000060558319 0.2402414083480835 
vt 0.3199000060558319 0.2797585725784302 
vt 0.30014142394065857 0.25999999046325684 
vt 0.3197585642337799 0.2400999665260315 
vt 0.30000001192092896 0.2598586082458496 
vt 0.2802414298057556 0.2400999665260315 
vt 0.32009997963905334 0.2797585129737854 
vt 0.32009997963905334 0.2402414083480835 
vt 0.3398585617542267 0.25999999046325684 
vt 0.39014142751693726 0.030000030994415283 
vt 0.39990001916885376 0.020241498947143555 
vt 0.39990001916885376 0.03975862264633179 
vt 0.38024142384529114 0.020100057125091553 
vt 0.39975857734680176 0.020100057125091553 
vt 0.39000001549720764 0.029858648777008057 
vt 0.3701414465904236 0.010000050067901611 
vt 0.3799000084400177 0.00024145841598510742 
vt 0.3799000084400177 0.019758641719818115 
vt 0.35975855588912964 0.2798999547958374 
vt 0.32024142146110535 0.2798999547958374 
vt 0.3400000035762787 0.26014137268066406 
vt 0.35989999771118164 0.2797585725784302 
vt 0.3401414155960083 0.25999999046325684 
vt 0.35989999771118164 0.2402414083480835 
vt 0.32024142146110535 0.2400999665260315 
vt 0.35975855588912964 0.2400999665260315 
vt 0.3400000035762787 0.2598586082458496 
vt 0.36010000109672546 0.2797585129737854 
vt 0.36010000109672546 0.2402414083480835 
vt 0.3798585832118988 0.25999999046325684 
vt 0.36024144291877747 0.2798999547958374 
vt 0.3800000250339508 0.26014137268066406 
vt 0.39975857734680176 0.2798999547958374 
vt 0.39990001916885376 0.2402414083480835 
vt 0.39990001916885376 0.2797585725784302 
vt 0.3801414370536804 0.25999999046325684 
vt 0.36024144291877747 0.2400999665260315 
vt 0.39975857734680176 0.2400999665260315 
vt 0.3800000250339508 0.2598586082458496 
vt 0.4000999927520752 0.2402414083480835 
vt 0.41985857486724854 0.25999999046325684 
vt 0.4000999927520752 0.2797585129737854 
vt 0.4397585988044739 0.2798999547958374 
vt 0.4002414345741272 0.2798999547958374 
vt 0.42000001668930054 0.26014137268066406 
vt 0.4399000108242035 0.2402414083480835 
vt 0.4399000108242035 0.2797585725784302 
vt 0.42014142870903015 0.25999999046325684 
vt 0.4397585690021515 0.2400999665260315 
vt 0.42000001668930054 0.2598586082458496 
vt 0.4002414345741272 0.2400999665260315 
vt 0.4400999844074249 0.2797585129737854 
vt 0.4400999844074249 0.2402414083480835 
vt 0.45985856652259827 0.25999999046325684 
vt 0.4797585606575012 0.2798999547958374 
vt 0.44024142622947693 0.2798999547958374 
vt 0.46000000834465027 0.26014137268066406 
vt 0.4799000024795532 0.2797585725784302 
vt 0.4601414203643799 0.25999999046325684 
vt 0.4799000024795532 0.2402414083480835 
vt 0.44024142622947693 0.2400999665260315 
vt 0.4797585606575012 0.2400999665260315 
vt 0.46000000834465027 0.2598586082458496 
vt 0.48009997606277466 0.2797585129737854 
vt 0.48009997606277466 0.2402414083480835 
vt 0.499858558177948 0.25999999046325684 
vt 0.48024141788482666 0.2798999547958374 
vt 0.5 0.26014137268066406 
vt 0.5197585821151733 0.2798999547958374 
vt 0.5198999643325806 0.2402414083480835 
vt 0.5198999643325806 0.2797585725784302 
vt 0.5001413822174072 0.25999999046325684 
vt 0.48024141788482666 0.2400999665260315 
vt 0.5197585821151733 0.2400999665260315 
vt 0.5 0.2598586082458496 
vt 0.5200999975204468 0.2402414083480835 
vt 0.5398585796356201 0.25999999046325684 
vt 0.5200999975204468 0.2797585129737854 
vt 0.5597585439682007 0.2798999547958374 
vt 0.520241379737854 0.2798999547958374 
vt 0.5399999618530273 0.26014137268066406 
vt 0.5598999857902527 0.2402414083480835 
vt 0.5598999857902527 0.2797585725784302 
vt 0.5401414036750793 0.25999999046325684 
vt 0.5597585439682007 0.2400999665260315 
vt 0.5399999618530273 0.2598586082458496 
vt 0.520241379737854 0.2400999665260315 
vt 0.5601000189781189 0.2797585129737854 
vt 0.5601000189781189 0.2402414083480835 
vt 0.5798586010932922 0.25999999046325684 
vt 0.5997585654258728 0.2798999547958374 
vt 0.5602414011955261 0.2798999547958374 
vt 0.5799999833106995 0.26014137268066406 
vt 0.5999000072479248 0.2797585725784302 
vt 0.5801414251327515 0.25999999046325684 
vt 0.5999000072479248 0.2402414083480835 
vt 0.5602414011955261 0.2400999665260315 
vt 0.5997585654258728 0.2400999665260315 
vt 0.5799999833106995 0.2598586082458496 
vt 0.600100040435791 0.2797585129737854 
vt 0.600100040435791 0.2402414083480835 
vt 0.6198586225509644 0.25999999046325684 
vt 0.6002414226531982 0.2798999547958374 
vt 0.6200000047683716 0.26014137268066406 
vt 0.6397585868835449 0.2798999547958374 
vt 0.6399000287055969 0.2402414083480835 
vt 0.6399000287055969 0.2797585725784302 
vt 0.6201414465904236 0.25999999046325684 
vt 0.6002414226531982 0.2400999665260315 
vt 0.6397585868835449 0.2400999665260315 
vt 0.6200000047683716 0.2598586082458496 
vt 0.6401000022888184 0.2402414083480835 
vt 0.6598585844039917 0.25999999046325684 
vt 0.6401000022888184 0.2797585129737854 
vt 0.6797585487365723 0.2798999547958374 
vt 0.6402413845062256 0.2798999547958374 
vt 0.6599999666213989 0.26014137268066406 
vt 0.6798999905586243 0.2402414083480835 
vt 0.6798999905586243 0.2797585725784302 
vt 0.6601414084434509 0.25999999046325684 
vt 0.6797585487365723 0.2400999665260315 
vt 0.6599999666213989 0.2598586082458496 
vt 0.6402413845062256 0.2400999665260315 
vt 0.6801000237464905 0.2797585129737854 
vt 0.6801000237464905 0.2402414083480835 
vt 0.6998586058616638 0.25999999046325684 
vt 0.7197585701942444 0.2798999547958374 
vt 0.6802414059638977 0.2798999547958374 
vt 0.699999988079071 0.26014137268066406 
vt 0.7199000120162964 0.2797585725784302 
vt 0.700141429901123 0.25999999046325684 
vt 0.7199000120162964 0.2402414083480835 
vt 0.6802414059638977 0.2400999665260315 
vt 0.7197585701942444 0.2400999665260315 
vt 0.699999988079071 0.2598586082458496 
vt 0.7201000452041626 0.2797585129737854 
vt 0.7201000452041626 0.2402414083480835 
vt 0.7398586273193359 0.25999999046325684 
vt 0.7202414274215698 0.2798999547958374 
vt 0.7400000095367432 0.26014137268066406 
vt 0.7597585916519165 0.2798999547958374 
vt 0.7599000334739685 0.2402414083480835 
vt 0.7599000334739685 0.2797585725784302 
vt 0.7401414513587952 0.25999999046325684 
vt 0.7202414274215698 0.2400999665260315 
vt 0.7597585916519165 0.2400999665260315 
vt 0.7400000095367432 0.2598586082458496 
vt 0.7601000070571899 0.2402414083480835 
vt 0.7798585891723633 0.25999999046325684 
vt 0.7601000070571899 0.2797585129737854 
vt 0.7997585535049438 0.2798999547958374 
vt 0.7602413892745972 0.2798999547958374 
vt 0.7799999713897705 0.26014137268066406 
vt 0.7998999953269958 0.2402414083480835 
vt 0.7998999953269958 0.2797585725784302 
vt 0.7801414132118225 0.25999999046325684 
vt 0.7997585535049438 0.2400999665260315 
vt 0.7799999713897705 0.2598586082458496 
vt 0.7602413892745972 0.2400999665260315 
vt 0.8001000285148621 0.2797585129737854 
vt 0.8001000285148621 0.2402414083480835 
vt 0.8198586106300354 0.25999999046325684 
vt 0.839758574962616 0.2798999547958374 
vt 0.8002414107322693 0.2798999547958374 
vt 0.8199999928474426 0.26014137268066406 
vt 0.839900016784668 0.2797585725784302 
vt 0.8201414346694946 0.25999999046325684 
vt 0.839900016784668 0.2402414083480835 
vt 0.8002414107322693 0.2400999665260315 
vt 0.839758574962616 0.2400999665260315 
vt 0.8199999928474426 0.2598586082458496 
vt 0.8400999903678894 0.2797585129737854 
vt 0.8400999903678894 0.2402414083480835 
vt 0.8598585724830627 0.25999999046325684 
vt 0.8402413725852966 0.2798999547958374 
vt 0.85999995470047 0.26014137268066406 
vt 0.8797585368156433 0.2798999547958374 
vt 0.8798999786376953 0.2402414083480835 
vt 0.8798999786376953 0.2797585725784302 
vt 0.860141396522522 0.25999999046325684 
vt 0.8402413725852966 0.2400999665260315 
vt 0.8797585368156433 0.2400999665260315 
vt 0.85999995470047 0.2598586082458496 
vt 0.8801000118255615 0.2402414083480835 
vt 0.8998585939407349 0.25999999046325684 
vt 0.8801000118255615 0.2797585129737854 
vt 0.9197585582733154 0.2798999547958374 
vt 0.8802413940429688 0.2798999547958374 
vt 0.8999999761581421 0.26014137268066406 
vt 0.9199000000953674 0.2402414083480835 
vt 0.9199000000953674 0.2797585725784302 
vt 0.9001414179801941 0.25999999046325684 
vt 0.9197585582733154 0.2400999665260315 
vt 0.8999999761581421 0.2598586082458496 
vt 0.8802413940429688 0.2400999665260315 
vt 0.9201000332832336 0.2797585129737854 
vt 0.9201000332832336 0.2402414083480835 
vt 0.939858615398407 0.25999999046325684 
vt 0.9597585797309875 0.2798999547958374 
vt 0.9202414155006409 0.2798999547958374 
vt 0.9399999976158142 0.26014137268066406 
vt 0.9599000215530396 0.2797585725784302 
vt 0.9401414394378662 0.25999999046325684 
vt 0.9599000215530396 0.2402414083480835 
vt 0.9202414155006409 0.2400999665260315 
vt 0.9597585797309875 0.2400999665260315 
vt 0.9399999976158142 0.2598586082458496 
vt 0.960099995136261 0.2797585129737854 
vt 0.960099995136261 0.2402414083480835 
vt 0.9798585772514343 0.25999999046325684 
vt 0.9602413773536682 0.2798999547958374 
vt 0.9799999594688416 0.26014137268066406 
vt 0.9997585415840149 0.2798999547958374 
vt 0.9998999834060669 0.2402414083480835 
vt 0.9998999834060669 0.2797585725784302 
vt 0.9801414012908936 0.25999999046325684 
vt 0.6798999905586243 0.9597585797309875 
vt 0.6402413845062256 0.9200999736785889 
vt 0.6798999905586243 0.9200999736785889 
vt 0.7197585701942444 0.9598999619483948 
vt 0.6801000237464905 0.9598999619483948 
vt 0.6801000237464905 0.9202414155006409 
vt 0.7199000120162964 0.9597585797309875 
vt 0.6802414059638977 0.9200999736785889 
vt 0.7199000120162964 0.9200999736785889 
vt 0.3801000118255615 0.06024140119552612 
vt 0.39975857734680176 0.07989996671676636 
vt 0.3801000118255615 0.07989996671676636 
vt 0.3799000084400177 0.06024140119552612 
vt 0.3799000084400177 0.07989996671676636 
vt 0.36024144291877747 0.07989996671676636 
vt 0.38024142384529114 0.059899985790252686 
vt 0.39990001916885376 0.04024142026901245 
vt 0.39990001916885376 0.059899985790252686 
vt 0.39990001916885376 0.07975858449935913 
vt 0.38024142384529114 0.060100018978118896 
vt 0.39990001916885376 0.060100018978118896 
vt 0.36024144291877747 0.04009997844696045 
vt 0.3799000084400177 0.04009997844696045 
vt 0.3799000084400177 0.05975860357284546 
vt 0.39975857734680176 0.04009997844696045 
vt 0.3801000118255615 0.05975860357284546 
vt 0.3801000118255615 0.04009997844696045 
vt 0.9602413773536682 0.2400999665260315 
vt 0.9997585415840149 0.2400999665260315 
vt 0.9799999594688416 0.2598586082458496 
vt 9.999999747378752e-05 0.20024144649505615 
vt 0.019858578220009804 0.2200000286102295 
vt 9.999999747378752e-05 0.23975855112075806 
vt 0.039758577942848206 0.23989999294281006 
vt 0.000241421366808936 0.23989999294281006 
vt 0.020000001415610313 0.22014141082763672 
vt 0.3797585964202881 0.00010001659393310547 
vt 0.3700000047683716 0.009858667850494385 
vt 0.36024144291877747 0.00010001659393310547 
vt 0.39000001549720764 0.009858667850494385 
vt 0.38024142384529114 0.00010001659393310547 
vt 0.39975857734680176 0.00010001659393310547 
vt 0.3801000118255615 0.00024145841598510742 
vt 0.389858603477478 0.010000050067901611 
vt 0.3801000118255615 0.019758641719818115 
vt 0.5002413988113403 0.00010001659393310547 
vt 0.5098999738693237 0.00010001659393310547 
vt 0.5098999738693237 0.00975865125656128 
vt 0.5101000070571899 0.00010001659393310547 
vt 0.5197585821151733 0.00010001659393310547 
vt 0.5101000070571899 0.00975865125656128 
vt 0.5001000165939331 0.019758641719818115 
vt 0.5001000165939331 0.010100066661834717 
vt 0.5097585916519165 0.010100066661834717 
vt 0.4197585880756378 0.060100018978118896 
vt 0.4000999927520752 0.07975852489471436 
vt 0.4000999927520752 0.060100018978118896 
vt 0.4197585880756378 0.059899985790252686 
vt 0.4000999927520752 0.059899985790252686 
vt 0.4000999927520752 0.04024142026901245 
vt 0.42010000348091125 0.06024140119552612 
vt 0.4397585988044739 0.07989996671676636 
vt 0.42010000348091125 0.07989996671676636 
vt 0.4002414345741272 0.07989996671676636 
vt 0.41990000009536743 0.06024140119552612 
vt 0.41990000009536743 0.07989996671676636 
vt 0.4399000108242035 0.04024142026901245 
vt 0.4399000108242035 0.059899985790252686 
vt 0.42024141550064087 0.059899985790252686 
vt 0.4399000108242035 0.07975858449935913 
vt 0.42024141550064087 0.060100018978118896 
vt 0.4399000108242035 0.060100018978118896 
vt 0.41990000009536743 0.05975860357284546 
vt 0.4002414345741272 0.04009997844696045 
vt 0.41990000009536743 0.04009997844696045 
vt 0.42010000348091125 0.05975860357284546 
vt 0.42010000348091125 0.04009997844696045 
vt 0.4397585690021515 0.04009997844696045 
vt 0.45975857973098755 0.060100018978118896 
vt 0.4400999844074249 0.07975852489471436 
vt 0.4400999844074249 0.060100018978118896 
vt 0.4197585880756378 0.020100057125091553 
vt 0.4099999964237213 0.029858648777008057 
vt 0.4002414345741272 0.020100057125091553 
vt 0.4098585844039917 0.030000030994415283 
vt 0.4000999927520752 0.03975856304168701 
vt 0.4000999927520752 0.020241498947143555 
vt 0.4000999927520752 0.00024145841598510742 
vt 0.4098585844039917 0.010000050067901611 
vt 0.4000999927520752 0.01975858211517334 
vt 0.4400999844074249 0.04024142026901245 
vt 0.45975857973098755 0.059899985790252686 
vt 0.4400999844074249 0.059899985790252686 
vt 0.4797585606575012 0.07989996671676636 
vt 0.460099995136261 0.07989996671676636 
vt 0.460099995136261 0.06024140119552612 
vt 0.44024142622947693 0.07989996671676636 
vt 0.45989999175071716 0.06024140119552612 
vt 0.45989999175071716 0.07989996671676636 
vt 0.4799000024795532 0.059899985790252686 
vt 0.4602414071559906 0.059899985790252686 
vt 0.4799000024795532 0.04024142026901245 
vt 0.4799000024795532 0.07975858449935913 
vt 0.4602414071559906 0.060100018978118896 
vt 0.4799000024795532 0.060100018978118896 
vt 0.45989999175071716 0.04009997844696045 
vt 0.45989999175071716 0.05975860357284546 
vt 0.44024142622947693 0.04009997844696045 
vt 0.4797585606575012 0.04009997844696045 
vt 0.460099995136261 0.05975860357284546 
vt 0.460099995136261 0.04009997844696045 
vt 0.48009997606277466 0.07975852489471436 
vt 0.48009997606277466 0.060100018978118896 
vt 0.4997585713863373 0.060100018978118896 
vt 0.48009997606277466 0.04024142026901245 
vt 0.4997585713863373 0.059899985790252686 
vt 0.48009997606277466 0.059899985790252686 
vt 0.5001000165939331 0.06024140119552612 
vt 0.5197585821151733 0.07989996671676636 
vt 0.5001000165939331 0.07989996671676636 
vt 0.4998999834060669 0.06024140119552612 
vt 0.4998999834060669 0.07989996671676636 
vt 0.48024141788482666 0.07989996671676636 
vt 0.5002413988113403 0.059899985790252686 
vt 0.5198999643325806 0.04024142026901245 
vt 0.5198999643325806 0.059899985790252686 
vt 0.03989999741315842 0.20024144649505615 
vt 0.03989999741315842 0.23975861072540283 
vt 0.020141419023275375 0.2200000286102295 
vt 0.03975857421755791 0.20010000467300415 
vt 0.019999999552965164 0.21985864639282227 
vt 0.00024142135225702077 0.20010000467300415 
vt 0.04010000079870224 0.23975855112075806 
vt 0.04010000079870224 0.20024144649505615 
vt 0.05985857546329498 0.2200000286102295 
vt 0.07975857704877853 0.23989999294281006 
vt 0.04024142026901245 0.23989999294281006 
vt 0.06000000238418579 0.22014141082763672 
vt 0.07989999651908875 0.23975861072540283 
vt 0.060141418129205704 0.2200000286102295 
vt 0.07989999651908875 0.20024144649505615 
vt 0.04024142026901245 0.20010000467300415 
vt 0.07975856959819794 0.20010000467300415 
vt 0.05999999865889549 0.21985864639282227 
vt 0.5198999643325806 0.07975858449935913 
vt 0.5002413988113403 0.060100018978118896 
vt 0.5198999643325806 0.060100018978118896 
vt 0.48024141788482666 0.04009997844696045 
vt 0.4998999834060669 0.04009997844696045 
vt 0.4998999834060669 0.05975860357284546 
vt 0.5197585821151733 0.04009997844696045 
vt 0.5001000165939331 0.05975860357284546 
vt 0.5001000165939331 0.04009997844696045 
vt 0.4197585880756378 0.019900023937225342 
vt 0.4002414345741272 0.019900023937225342 
vt 0.4099999964237213 0.010141432285308838 
vt 0.42010000348091125 0.02024143934249878 
vt 0.42985859513282776 0.030000030994415283 
vt 0.42010000348091125 0.03975856304168701 
vt 0.4397585988044739 0.039900004863739014 
vt 0.42024141550064087 0.039900004863739014 
vt 0.4300000071525574 0.03014141321182251 
vt 0.539758563041687 0.060100018978118896 
vt 0.5200999975204468 0.07975852489471436 
vt 0.5200999975204468 0.060100018978118896 
vt 0.539758563041687 0.059899985790252686 
vt 0.5200999975204468 0.059899985790252686 
vt 0.5200999975204468 0.04024142026901245 
vt 0.5400999784469604 0.06024140119552612 
vt 0.5597585439682007 0.07989996671676636 
vt 0.5400999784469604 0.07989996671676636 
vt 0.08009999990463257 0.23975855112075806 
vt 0.08009999990463257 0.20024144649505615 
vt 0.09985857456922531 0.2200000286102295 
vt 0.08024141937494278 0.23989999294281006 
vt 0.10000000149011612 0.22014141082763672 
vt 0.11975857615470886 0.23989999294281006 
vt 0.11989999562501907 0.20024144649505615 
vt 0.11989999562501907 0.23975861072540283 
vt 0.10014142096042633 0.2200000286102295 
vt 0.08024141937494278 0.20010000467300415 
vt 0.11975857615470886 0.20010000467300415 
vt 0.09999999403953552 0.21985864639282227 
vt 0.1200999990105629 0.20024144649505615 
vt 0.13985857367515564 0.2200000286102295 
vt 0.1200999990105629 0.23975855112075806 
vt 0.1597585678100586 0.23989999294281006 
vt 0.12024141848087311 0.23989999294281006 
vt 0.14000000059604645 0.22014141082763672 
vt 0.1598999947309494 0.20024144649505615 
vt 0.1598999947309494 0.23975861072540283 
vt 0.14014141261577606 0.2200000286102295 
vt 0.1597585678100586 0.20010000467300415 
vt 0.14000000059604645 0.21985864639282227 
vt 0.12024141848087311 0.20010000467300415 
vt 0.16009999811649323 0.23975855112075806 
vt 0.16009999811649323 0.20024144649505615 
vt 0.17985858023166656 0.2200000286102295 
vt 0.19975857436656952 0.23989999294281006 
vt 0.16024142503738403 0.23989999294281006 
vt 0.17999999225139618 0.22014141082763672 
vt 0.19990000128746033 0.23975861072540283 
vt 0.180141419172287 0.2200000286102295 
vt 0.19990000128746033 0.20024144649505615 
vt 0.16024142503738403 0.20010000467300415 
vt 0.19975857436656952 0.20010000467300415 
vt 0.17999999225139618 0.21985864639282227 
vt 0.520241379737854 0.07989996671676636 
vt 0.539900004863739 0.06024140119552612 
vt 0.539900004863739 0.07989996671676636 
vt 0.5598999857902527 0.04024142026901245 
vt 0.5598999857902527 0.059899985790252686 
vt 0.5402414202690125 0.059899985790252686 
vt 0.5598999857902527 0.07975858449935913 
vt 0.5402414202690125 0.060100018978118896 
vt 0.5598999857902527 0.060100018978118896 
vt 0.539900004863739 0.05975860357284546 
vt 0.520241379737854 0.04009997844696045 
vt 0.539900004863739 0.04009997844696045 
vt 0.5400999784469604 0.05975860357284546 
vt 0.5400999784469604 0.04009997844696045 
vt 0.5597585439682007 0.04009997844696045 
vt 0.5797585844993591 0.060100018978118896 
vt 0.5601000189781189 0.07975852489471436 
vt 0.5601000189781189 0.060100018978118896 
vt 0.20010000467300415 0.23975855112075806 
vt 0.20010000467300415 0.20024144649505615 
vt 0.2198585867881775 0.2200000286102295 
vt 0.20024143159389496 0.23989999294281006 
vt 0.2199999988079071 0.22014141082763672 
vt 0.23975858092308044 0.23989999294281006 
vt 0.23989999294281006 0.20024144649505615 
vt 0.23989999294281006 0.23975861072540283 
vt 0.2201414257287979 0.2200000286102295 
vt 0.20024143159389496 0.20010000467300415 
vt 0.23975858092308044 0.20010000467300415 
vt 0.2199999988079071 0.21985864639282227 
vt 0.24009999632835388 0.20024144649505615 
vt 0.2598585784435272 0.2200000286102295 
vt 0.24009999632835388 0.23975855112075806 
vt 0.2797585725784302 0.23989999294281006 
vt 0.2402414232492447 0.23989999294281006 
vt 0.25999999046325684 0.22014141082763672 
vt 0.5097585916519165 0.009900033473968506 
vt 0.5001000165939331 0.009900033473968506 
vt 0.5001000165939331 0.00024145841598510742 
vt 0.5298999547958374 0.020100057125091553 
vt 0.5298999547958374 0.02975863218307495 
vt 0.520241379737854 0.020100057125091553 
vt 0.5300999879837036 0.02975863218307495 
vt 0.5300999879837036 0.020100057125091553 
vt 0.539758563041687 0.020100057125091553 
vt 0.5601000189781189 0.04024142026901245 
vt 0.5797585844993591 0.059899985790252686 
vt 0.5601000189781189 0.059899985790252686 
vt 0.5997585654258728 0.07989996671676636 
vt 0.5800999999046326 0.07989996671676636 
vt 0.5800999999046326 0.06024140119552612 
vt 0.5602414011955261 0.07989996671676636 
vt 0.5799000263214111 0.06024140119552612 
vt 0.5799000263214111 0.07989996671676636 
vt 0.5802414417266846 0.059899985790252686 
vt 0.5999000072479248 0.04024142026901245 
vt 0.5999000072479248 0.059899985790252686 
vt 0.5802414417266846 0.060100018978118896 
vt 0.5999000072479248 0.060100018978118896 
vt 0.5999000072479248 0.07975858449935913 
vt 0.5799000263214111 0.05975860357284546 
vt 0.5602414011955261 0.04009997844696045 
vt 0.5799000263214111 0.04009997844696045 
vt 0.5997585654258728 0.04009997844696045 
vt 0.5800999999046326 0.05975860357284546 
vt 0.5800999999046326 0.04009997844696045 
vt 0.600100040435791 0.07975852489471436 
vt 0.600100040435791 0.060100018978118896 
vt 0.6197586059570312 0.060100018978118896 
vt 0.600100040435791 0.04024142026901245 
vt 0.6197586059570312 0.059899985790252686 
vt 0.600100040435791 0.059899985790252686 
vt 0.4099999964237213 0.03014141321182251 
vt 0.4197585880756378 0.039900004863739014 
vt 0.4002414345741272 0.039900004863739014 
vt 0.41990000009536743 0.02024143934249878 
vt 0.41990000009536743 0.03975856304168701 
vt 0.4101414382457733 0.030000030994415283 
vt 0.4300000071525574 0.010141432285308838 
vt 0.4397585690021515 0.019900023937225342 
vt 0.42024141550064087 0.019900023937225342 
vt 0.6201000213623047 0.06024140119552612 
vt 0.6397585868835449 0.07989996671676636 
vt 0.6201000213623047 0.07989996671676636 
vt 0.6199000477790833 0.06024140119552612 
vt 0.6199000477790833 0.07989996671676636 
vt 0.6002414226531982 0.07989996671676636 
vt 0.6202414631843567 0.059899985790252686 
vt 0.6399000287055969 0.04024142026901245 
vt 0.6399000287055969 0.059899985790252686 
vt 0.6202414631843567 0.060100018978118896 
vt 0.6399000287055969 0.060100018978118896 
vt 0.6399000287055969 0.07975858449935913 
vt 0.6199000477790833 0.04009997844696045 
vt 0.6199000477790833 0.05975860357284546 
vt 0.6002414226531982 0.04009997844696045 
vt 0.6201000213623047 0.05975860357284546 
vt 0.6201000213623047 0.04009997844696045 
vt 0.6397585868835449 0.04009997844696045 
vt 0.6597585678100586 0.060100018978118896 
vt 0.6401000022888184 0.07975852489471436 
vt 0.6401000022888184 0.060100018978118896 
vt 0.6597585678100586 0.059899985790252686 
vt 0.6401000022888184 0.059899985790252686 
vt 0.6401000022888184 0.04024142026901245 
vt 0.660099983215332 0.06024140119552612 
vt 0.6797585487365723 0.07989996671676636 
vt 0.660099983215332 0.07989996671676636 
vt 0.6402413845062256 0.07989996671676636 
vt 0.6599000096321106 0.06024140119552612 
vt 0.6599000096321106 0.07989996671676636 
vt 0.6798999905586243 0.04024142026901245 
vt 0.6798999905586243 0.059899985790252686 
vt 0.660241425037384 0.059899985790252686 
vt 0.6798999905586243 0.07975858449935913 
vt 0.660241425037384 0.060100018978118896 
vt 0.6798999905586243 0.060100018978118896 
vt 0.2798999845981598 0.20024144649505615 
vt 0.2798999845981598 0.23975861072540283 
vt 0.26014140248298645 0.2200000286102295 
vt 0.2797585725784302 0.20010000467300415 
vt 0.25999999046325684 0.21985864639282227 
vt 0.2402414232492447 0.20010000467300415 
vt 0.2800999879837036 0.23975855112075806 
vt 0.2800999879837036 0.20024144649505615 
vt 0.29985857009887695 0.2200000286102295 
vt 0.3197585940361023 0.23989999294281006 
vt 0.2802414298057556 0.23989999294281006 
vt 0.30000001192092896 0.22014141082763672 
vt 0.3199000060558319 0.23975861072540283 
vt 0.30014142394065857 0.2200000286102295 
vt 0.3199000060558319 0.20024144649505615 
vt 0.2802414298057556 0.20010000467300415 
vt 0.3197585642337799 0.20010000467300415 
vt 0.30000001192092896 0.21985864639282227 
vt 0.4399000108242035 0.00024145841598510742 
vt 0.4399000108242035 0.01975858211517334 
vt 0.430141419172287 0.010000050067901611 
vt 0.4399000108242035 0.03975862264633179 
vt 0.430141419172287 0.030000030994415283 
vt 0.4399000108242035 0.020241498947143555 
vt 0.42024141550064087 0.020100057125091553 
vt 0.4397585690021515 0.020100057125091553 
vt 0.4300000071525574 0.029858648777008057 
vt 0.6599000096321106 0.05975860357284546 
vt 0.6402413845062256 0.04009997844696045 
vt 0.6599000096321106 0.04009997844696045 
vt 0.660099983215332 0.05975860357284546 
vt 0.660099983215332 0.04009997844696045 
vt 0.6797585487365723 0.04009997844696045 
vt 0.6997585892677307 0.060100018978118896 
vt 0.6801000237464905 0.07975852489471436 
vt 0.6801000237464905 0.060100018978118896 
vt 0.6801000237464905 0.04024142026901245 
vt 0.6997585892677307 0.059899985790252686 
vt 0.6801000237464905 0.059899985790252686 
vt 0.7197585701942444 0.07989996671676636 
vt 0.7001000046730042 0.07989996671676636 
vt 0.7001000046730042 0.06024140119552612 
vt 0.6802414059638977 0.07989996671676636 
vt 0.6999000310897827 0.06024140119552612 
vt 0.6999000310897827 0.07989996671676636 
vt 0.32009997963905334 0.23975855112075806 
vt 0.32009997963905334 0.20024144649505615 
vt 0.3398585617542267 0.2200000286102295 
vt 0.32024142146110535 0.23989999294281006 
vt 0.3400000035762787 0.22014141082763672 
vt 0.35975855588912964 0.23989999294281006 
vt 0.35989999771118164 0.20024144649505615 
vt 0.35989999771118164 0.23975861072540283 
vt 0.3401414155960083 0.2200000286102295 
vt 0.32024142146110535 0.20010000467300415 
vt 0.35975855588912964 0.20010000467300415 
vt 0.3400000035762787 0.21985864639282227 
vt 0.36010000109672546 0.20024144649505615 
vt 0.3798585832118988 0.2200000286102295 
vt 0.36010000109672546 0.23975855112075806 
vt 0.39975857734680176 0.23989999294281006 
vt 0.36024144291877747 0.23989999294281006 
vt 0.3800000250339508 0.22014141082763672 
vt 0.39990001916885376 0.20024144649505615 
vt 0.39990001916885376 0.23975861072540283 
vt 0.3801414370536804 0.2200000286102295 
vt 0.39975857734680176 0.20010000467300415 
vt 0.3800000250339508 0.21985864639282227 
vt 0.36024144291877747 0.20010000467300415 
vt 0.4000999927520752 0.23975855112075806 
vt 0.4000999927520752 0.20024144649505615 
vt 0.41985857486724854 0.2200000286102295 
vt 0.4397585988044739 0.23989999294281006 
vt 0.4002414345741272 0.23989999294281006 
vt 0.42000001668930054 0.22014141082763672 
vt 0.4399000108242035 0.23975861072540283 
vt 0.42014142870903015 0.2200000286102295 
vt 0.4399000108242035 0.20024144649505615 
vt 0.4002414345741272 0.20010000467300415 
vt 0.4397585690021515 0.20010000467300415 
vt 0.42000001668930054 0.21985864639282227 
vt 0.4400999844074249 0.23975855112075806 
vt 0.4400999844074249 0.20024144649505615 
vt 0.45985856652259827 0.2200000286102295 
vt 0.44024142622947693 0.23989999294281006 
vt 0.46000000834465027 0.22014141082763672 
vt 0.4797585606575012 0.23989999294281006 
vt 0.4799000024795532 0.20024144649505615 
vt 0.4799000024795532 0.23975861072540283 
vt 0.4601414203643799 0.2200000286102295 
vt 0.44024142622947693 0.20010000467300415 
vt 0.4797585606575012 0.20010000467300415 
vt 0.46000000834465027 0.21985864639282227 
vt 0.48009997606277466 0.20024144649505615 
vt 0.499858558177948 0.2200000286102295 
vt 0.48009997606277466 0.23975855112075806 
vt 0.5197585821151733 0.23989999294281006 
vt 0.48024141788482666 0.23989999294281006 
vt 0.5 0.22014141082763672 
vt 0.5198999643325806 0.20024144649505615 
vt 0.5198999643325806 0.23975861072540283 
vt 0.5001413822174072 0.2200000286102295 
vt 0.5197585821151733 0.20010000467300415 
vt 0.5 0.21985864639282227 
vt 0.48024141788482666 0.20010000467300415 
vt 0.5200999975204468 0.23975855112075806 
vt 0.5200999975204468 0.20024144649505615 
vt 0.5398585796356201 0.2200000286102295 
vt 0.5597585439682007 0.23989999294281006 
vt 0.520241379737854 0.23989999294281006 
vt 0.5399999618530273 0.22014141082763672 
vt 0.5598999857902527 0.23975861072540283 
vt 0.5401414036750793 0.2200000286102295 
vt 0.5598999857902527 0.20024144649505615 
vt 0.520241379737854 0.20010000467300415 
vt 0.5597585439682007 0.20010000467300415 
vt 0.5399999618530273 0.21985864639282227 
vt 0.5200999975204468 0.03010004758834839 
vt 0.5297585725784302 0.03010004758834839 
vt 0.5200999975204468 0.03975856304168701 
vt 0.5200999975204468 0.020241498947143555 
vt 0.5297585725784302 0.029900014400482178 
vt 0.5200999975204468 0.029900014400482178 
vt 0.5200999975204468 0.010100066661834717 
vt 0.5297585725784302 0.010100066661834717 
vt 0.5200999975204468 0.01975858211517334 
vt 0.41990000009536743 0.019758641719818115 
vt 0.4101414382457733 0.010000050067901611 
vt 0.41990000009536743 0.00024145841598510742 
vt 0.4099999964237213 0.009858667850494385 
vt 0.4002414345741272 0.00010001659393310547 
vt 0.4197585880756378 0.00010001659393310547 
vt 0.4397585690021515 0.00010001659393310547 
vt 0.4300000071525574 0.009858667850494385 
vt 0.42024141550064087 0.00010001659393310547 
vt 0.5601000189781189 0.23975855112075806 
vt 0.5601000189781189 0.20024144649505615 
vt 0.5798586010932922 0.2200000286102295 
vt 0.5602414011955261 0.23989999294281006 
vt 0.5799999833106995 0.22014141082763672 
vt 0.5997585654258728 0.23989999294281006 
vt 0.5999000072479248 0.20024144649505615 
vt 0.5999000072479248 0.23975861072540283 
vt 0.5801414251327515 0.2200000286102295 
vt 0.5602414011955261 0.20010000467300415 
vt 0.5997585654258728 0.20010000467300415 
vt 0.5799999833106995 0.21985864639282227 
vt 0.600100040435791 0.20024144649505615 
vt 0.6198586225509644 0.2200000286102295 
vt 0.600100040435791 0.23975855112075806 
vt 0.6397585868835449 0.23989999294281006 
vt 0.6002414226531982 0.23989999294281006 
vt 0.6200000047683716 0.22014141082763672 
vt 0.42010000348091125 0.019758641719818115 
vt 0.42010000348091125 0.00024145841598510742 
vt 0.42985859513282776 0.010000050067901611 
vt 0.45975857973098755 0.020100057125091553 
vt 0.44999998807907104 0.029858648777008057 
vt 0.44024142622947693 0.020100057125091553 
vt 0.4400999844074249 0.03975856304168701 
vt 0.4400999844074249 0.020241498947143555 
vt 0.44985857605934143 0.030000030994415283 
vt 0.6399000287055969 0.20024144649505615 
vt 0.6399000287055969 0.23975861072540283 
vt 0.6201414465904236 0.2200000286102295 
vt 0.6397585868835449 0.20010000467300415 
vt 0.6200000047683716 0.21985864639282227 
vt 0.6002414226531982 0.20010000467300415 
vt 0.6401000022888184 0.23975855112075806 
vt 0.6401000022888184 0.20024144649505615 
vt 0.6598585844039917 0.2200000286102295 
vt 0.6797585487365723 0.23989999294281006 
vt 0.6402413845062256 0.23989999294281006 
vt 0.6599999666213989 0.22014141082763672 
vt 0.6798999905586243 0.23975861072540283 
vt 0.6601414084434509 0.2200000286102295 
vt 0.6798999905586243 0.20024144649505615 
vt 0.6402413845062256 0.20010000467300415 
vt 0.6797585487365723 0.20010000467300415 
vt 0.6599999666213989 0.21985864639282227 
vt 0.6801000237464905 0.23975855112075806 
vt 0.6801000237464905 0.20024144649505615 
vt 0.6998586058616638 0.2200000286102295 
vt 0.6802414059638977 0.23989999294281006 
vt 0.699999988079071 0.22014141082763672 
vt 0.7197585701942444 0.23989999294281006 
vt 0.7199000120162964 0.20024144649505615 
vt 0.7199000120162964 0.23975861072540283 
vt 0.700141429901123 0.2200000286102295 
vt 0.6802414059638977 0.20010000467300415 
vt 0.7197585701942444 0.20010000467300415 
vt 0.699999988079071 0.21985864639282227 
vt 0.7201000452041626 0.20024144649505615 
vt 0.7398586273193359 0.2200000286102295 
vt 0.7201000452041626 0.23975855112075806 
vt 0.7597585916519165 0.23989999294281006 
vt 0.7202414274215698 0.23989999294281006 
vt 0.7400000095367432 0.22014141082763672 
vt 0.7599000334739685 0.20024144649505615 
vt 0.7599000334739685 0.23975861072540283 
vt 0.7401414513587952 0.2200000286102295 
vt 0.7597585916519165 0.20010000467300415 
vt 0.7400000095367432 0.21985864639282227 
vt 0.7202414274215698 0.20010000467300415 
vt 0.7601000070571899 0.23975855112075806 
vt 0.7601000070571899 0.20024144649505615 
vt 0.7798585891723633 0.2200000286102295 
vt 0.7997585535049438 0.23989999294281006 
vt 0.7602413892745972 0.23989999294281006 
vt 0.7799999713897705 0.22014141082763672 
vt 0.7998999953269958 0.23975861072540283 
vt 0.7801414132118225 0.2200000286102295 
vt 0.7998999953269958 0.20024144649505615 
vt 0.7602413892745972 0.20010000467300415 
vt 0.7997585535049438 0.20010000467300415 
vt 0.7799999713897705 0.21985864639282227 
vt 0.8001000285148621 0.23975855112075806 
vt 0.8001000285148621 0.20024144649505615 
vt 0.8198586106300354 0.2200000286102295 
vt 0.8002414107322693 0.23989999294281006 
vt 0.8199999928474426 0.22014141082763672 
vt 0.839758574962616 0.23989999294281006 
vt 0.839900016784668 0.20024144649505615 
vt 0.839900016784668 0.23975861072540283 
vt 0.8201414346694946 0.2200000286102295 
vt 0.8002414107322693 0.20010000467300415 
vt 0.839758574962616 0.20010000467300415 
vt 0.8199999928474426 0.21985864639282227 
vt 0.8400999903678894 0.20024144649505615 
vt 0.8598585724830627 0.2200000286102295 
vt 0.8400999903678894 0.23975855112075806 
vt 0.8797585368156433 0.23989999294281006 
vt 0.8402413725852966 0.23989999294281006 
vt 0.85999995470047 0.22014141082763672 
vt 0.8798999786376953 0.20024144649505615 
vt 0.8798999786376953 0.23975861072540283 
vt 0.860141396522522 0.2200000286102295 
vt 0.8797585368156433 0.20010000467300415 
vt 0.85999995470047 0.21985864639282227 
vt 0.8402413725852966 0.20010000467300415 
vt 0.8801000118255615 0.23975855112075806 
vt 0.8801000118255615 0.20024144649505615 
vt 0.8998585939407349 0.2200000286102295 
vt 0.9197585582733154 0.23989999294281006 
vt 0.8802413940429688 0.23989999294281006 
vt 0.8999999761581421 0.22014141082763672 
vt 0.9199000000953674 0.23975861072540283 
vt 0.9001414179801941 0.2200000286102295 
vt 0.9199000000953674 0.20024144649505615 
vt 0.8802413940429688 0.20010000467300415 
vt 0.9197585582733154 0.20010000467300415 
vt 0.8999999761581421 0.21985864639282227 
vt 0.9201000332832336 0.23975855112075806 
vt 0.9201000332832336 0.20024144649505615 
vt 0.939858615398407 0.2200000286102295 
vt 0.9202414155006409 0.23989999294281006 
vt 0.9399999976158142 0.22014141082763672 
vt 0.9597585797309875 0.23989999294281006 
vt 0.9599000215530396 0.20024144649505615 
vt 0.9599000215530396 0.23975861072540283 
vt 0.9401414394378662 0.2200000286102295 
vt 0.9202414155006409 0.20010000467300415 
vt 0.9597585797309875 0.20010000467300415 
vt 0.9399999976158142 0.21985864639282227 
vt 0.960099995136261 0.20024144649505615 
vt 0.9798585772514343 0.2200000286102295 
vt 0.960099995136261 0.23975855112075806 
vt 0.9997585415840149 0.23989999294281006 
vt 0.9602413773536682 0.23989999294281006 
vt 0.9799999594688416 0.22014141082763672 
vt 0.9998999834060669 0.20024144649505615 
vt 0.9998999834060669 0.23975861072540283 
vt 0.9801414012908936 0.2200000286102295 
vt 0.9997585415840149 0.20010000467300415 
vt 0.9799999594688416 0.21985864639282227 
vt 0.9602413773536682 0.20010000467300415 
vt 9.999999747378752e-05 0.19975852966308594 
vt 9.999999747378752e-05 0.16024142503738403 
vt 0.019858578220009804 0.18000000715255737 
vt 0.039758577942848206 0.19989997148513794 
vt 0.000241421366808936 0.19989997148513794 
vt 0.020000001415610313 0.1801413893699646 
vt 0.03989999741315842 0.1997585892677307 
vt 0.020141419023275375 0.18000000715255737 
vt 0.03989999741315842 0.16024142503738403 
vt 0.00024142135225702077 0.16009998321533203 
vt 0.03975857421755791 0.16009998321533203 
vt 0.019999999552965164 0.17985862493515015 
vt 0.04010000079870224 0.19975852966308594 
vt 0.04010000079870224 0.16024142503738403 
vt 0.05985857546329498 0.18000000715255737 
vt 0.04024142026901245 0.19989997148513794 
vt 0.06000000238418579 0.1801413893699646 
vt 0.07975857704877853 0.19989997148513794 
vt 0.07989999651908875 0.16024142503738403 
vt 0.07989999651908875 0.1997585892677307 
vt 0.060141418129205704 0.18000000715255737 
vt 0.04024142026901245 0.16009998321533203 
vt 0.07975856959819794 0.16009998321533203 
vt 0.05999999865889549 0.17985862493515015 
vt 0.08009999990463257 0.16024142503738403 
vt 0.09985857456922531 0.18000000715255737 
vt 0.08009999990463257 0.19975852966308594 
vt 0.11975857615470886 0.19989997148513794 
vt 0.08024141937494278 0.19989997148513794 
vt 0.10000000149011612 0.1801413893699646 
vt 0.11989999562501907 0.16024142503738403 
vt 0.11989999562501907 0.1997585892677307 
vt 0.10014142096042633 0.18000000715255737 
vt 0.11975857615470886 0.16009998321533203 
vt 0.09999999403953552 0.17985862493515015 
vt 0.08024141937494278 0.16009998321533203 
vt 0.1200999990105629 0.19975852966308594 
vt 0.1200999990105629 0.16024142503738403 
vt 0.13985857367515564 0.18000000715255737 
vt 0.1597585678100586 0.19989997148513794 
vt 0.12024141848087311 0.19989997148513794 
vt 0.14000000059604645 0.1801413893699646 
vt 0.1598999947309494 0.1997585892677307 
vt 0.14014141261577606 0.18000000715255737 
vt 0.1598999947309494 0.16024142503738403 
vt 0.12024141848087311 0.16009998321533203 
vt 0.1597585678100586 0.16009998321533203 
vt 0.14000000059604645 0.17985862493515015 
vt 0.16009999811649323 0.19975852966308594 
vt 0.16009999811649323 0.16024142503738403 
vt 0.17985858023166656 0.18000000715255737 
vt 0.16024142503738403 0.19989997148513794 
vt 0.17999999225139618 0.1801413893699646 
vt 0.19975857436656952 0.19989997148513794 
vt 0.19990000128746033 0.16024142503738403 
vt 0.19990000128746033 0.1997585892677307 
vt 0.180141419172287 0.18000000715255737 
vt 0.16024142503738403 0.16009998321533203 
vt 0.19975857436656952 0.16009998321533203 
vt 0.17999999225139618 0.17985862493515015 
vt 0.20010000467300415 0.16024142503738403 
vt 0.2198585867881775 0.18000000715255737 
vt 0.20010000467300415 0.19975852966308594 
vt 0.23975858092308044 0.19989997148513794 
vt 0.20024143159389496 0.19989997148513794 
vt 0.2199999988079071 0.1801413893699646 
vt 0.23989999294281006 0.16024142503738403 
vt 0.23989999294281006 0.1997585892677307 
vt 0.2201414257287979 0.18000000715255737 
vt 0.23975858092308044 0.16009998321533203 
vt 0.2199999988079071 0.17985862493515015 
vt 0.20024143159389496 0.16009998321533203 
vt 0.24009999632835388 0.19975852966308594 
vt 0.24009999632835388 0.16024142503738403 
vt 0.2598585784435272 0.18000000715255737 
vt 0.2797585725784302 0.19989997148513794 
vt 0.2402414232492447 0.19989997148513794 
vt 0.25999999046325684 0.1801413893699646 
vt 0.2798999845981598 0.1997585892677307 
vt 0.26014140248298645 0.18000000715255737 
vt 0.2798999845981598 0.16024142503738403 
vt 0.2402414232492447 0.16009998321533203 
vt 0.2797585725784302 0.16009998321533203 
vt 0.25999999046325684 0.17985862493515015 
vt 0.7201000452041626 0.9202414155006409 
vt 0.7597585916519165 0.9598999619483948 
vt 0.7201000452041626 0.9598999619483948 
vt 0.7202414274215698 0.9200999736785889 
vt 0.7599000334739685 0.9200999736785889 
vt 0.7599000334739685 0.9597585797309875 
vt 0.7601000070571899 0.9202414155006409 
vt 0.7997585535049438 0.9598999619483948 
vt 0.7601000070571899 0.9598999619483948 
vt 0.2800999879837036 0.19975852966308594 
vt 0.2800999879837036 0.16024142503738403 
vt 0.29985857009887695 0.18000000715255737 
vt 0.2802414298057556 0.19989997148513794 
vt 0.30000001192092896 0.1801413893699646 
vt 0.3197585940361023 0.19989997148513794 
vt 0.3199000060558319 0.16024142503738403 
vt 0.3199000060558319 0.1997585892677307 
vt 0.30014142394065857 0.18000000715255737 
vt 0.2802414298057556 0.16009998321533203 
vt 0.3197585642337799 0.16009998321533203 
vt 0.30000001192092896 0.17985862493515015 
vt 0.32009997963905334 0.16024142503738403 
vt 0.3398585617542267 0.18000000715255737 
vt 0.32009997963905334 0.19975852966308594 
vt 0.35975855588912964 0.19989997148513794 
vt 0.32024142146110535 0.19989997148513794 
vt 0.3400000035762787 0.1801413893699646 
vt 0.35989999771118164 0.16024142503738403 
vt 0.35989999771118164 0.1997585892677307 
vt 0.3401414155960083 0.18000000715255737 
vt 0.35975855588912964 0.16009998321533203 
vt 0.3400000035762787 0.17985862493515015 
vt 0.32024142146110535 0.16009998321533203 
vt 0.36010000109672546 0.19975852966308594 
vt 0.36010000109672546 0.16024142503738403 
vt 0.3798585832118988 0.18000000715255737 
vt 0.39975857734680176 0.19989997148513794 
vt 0.36024144291877747 0.19989997148513794 
vt 0.3800000250339508 0.1801413893699646 
vt 0.39990001916885376 0.1997585892677307 
vt 0.3801414370536804 0.18000000715255737 
vt 0.39990001916885376 0.16024142503738403 
vt 0.36024144291877747 0.16009998321533203 
vt 0.39975857734680176 0.16009998321533203 
vt 0.3800000250339508 0.17985862493515015 
vt 0.5297585725784302 0.009900033473968506 
vt 0.5200999975204468 0.009900033473968506 
vt 0.5200999975204468 0.00024145841598510742 
vt 0.5300999879837036 0.019900023937225342 
vt 0.5300999879837036 0.010241448879241943 
vt 0.539758563041687 0.019900023937225342 
vt 0.5298999547958374 0.010241448879241943 
vt 0.5298999547958374 0.019900023937225342 
vt 0.520241379737854 0.019900023937225342 
vt 0.44985857605934143 0.010000050067901611 
vt 0.4400999844074249 0.01975858211517334 
vt 0.4400999844074249 0.00024145841598510742 
vt 0.45975857973098755 0.019900023937225342 
vt 0.44024142622947693 0.019900023937225342 
vt 0.44999998807907104 0.010141432285308838 
vt 0.4698585867881775 0.030000030994415283 
vt 0.460099995136261 0.03975856304168701 
vt 0.460099995136261 0.02024143934249878 
vt 0.4000999927520752 0.19975852966308594 
vt 0.4000999927520752 0.16024142503738403 
vt 0.41985857486724854 0.18000000715255737 
vt 0.4002414345741272 0.19989997148513794 
vt 0.42000001668930054 0.1801413893699646 
vt 0.4397585988044739 0.19989997148513794 
vt 0.4399000108242035 0.16024142503738403 
vt 0.4399000108242035 0.1997585892677307 
vt 0.42014142870903015 0.18000000715255737 
vt 0.4002414345741272 0.16009998321533203 
vt 0.4397585690021515 0.16009998321533203 
vt 0.42000001668930054 0.17985862493515015 
vt 0.4400999844074249 0.16024142503738403 
vt 0.45985856652259827 0.18000000715255737 
vt 0.4400999844074249 0.19975852966308594 
vt 0.4797585606575012 0.19989997148513794 
vt 0.44024142622947693 0.19989997148513794 
vt 0.46000000834465027 0.1801413893699646 
vt 0.4797585606575012 0.039900004863739014 
vt 0.4602414071559906 0.039900004863739014 
vt 0.4699999988079071 0.03014141321182251 
vt 0.44024142622947693 0.039900004863739014 
vt 0.44999998807907104 0.03014141321182251 
vt 0.45975857973098755 0.039900004863739014 
vt 0.45989999175071716 0.02024143934249878 
vt 0.45989999175071716 0.03975856304168701 
vt 0.45014142990112305 0.030000030994415283 
vt 0.4799000024795532 0.16024142503738403 
vt 0.4799000024795532 0.1997585892677307 
vt 0.4601414203643799 0.18000000715255737 
vt 0.4797585606575012 0.16009998321533203 
vt 0.46000000834465027 0.17985862493515015 
vt 0.44024142622947693 0.16009998321533203 
vt 0.48009997606277466 0.19975852966308594 
vt 0.48009997606277466 0.16024142503738403 
vt 0.499858558177948 0.18000000715255737 
vt 0.5197585821151733 0.19989997148513794 
vt 0.48024141788482666 0.19989997148513794 
vt 0.5 0.1801413893699646 
vt 0.5198999643325806 0.1997585892677307 
vt 0.5001413822174072 0.18000000715255737 
vt 0.5198999643325806 0.16024142503738403 
vt 0.48024141788482666 0.16009998321533203 
vt 0.5197585821151733 0.16009998321533203 
vt 0.5 0.17985862493515015 
vt 0.5200999975204468 0.19975852966308594 
vt 0.5200999975204468 0.16024142503738403 
vt 0.5398585796356201 0.18000000715255737 
vt 0.520241379737854 0.19989997148513794 
vt 0.5399999618530273 0.1801413893699646 
vt 0.5597585439682007 0.19989997148513794 
vt 0.5598999857902527 0.16024142503738403 
vt 0.5598999857902527 0.1997585892677307 
vt 0.5401414036750793 0.18000000715255737 
vt 0.520241379737854 0.16009998321533203 
vt 0.5597585439682007 0.16009998321533203 
vt 0.5399999618530273 0.17985862493515015 
vt 0.5601000189781189 0.16024142503738403 
vt 0.5798586010932922 0.18000000715255737 
vt 0.5601000189781189 0.19975852966308594 
vt 0.5997585654258728 0.19989997148513794 
vt 0.5602414011955261 0.19989997148513794 
vt 0.5799999833106995 0.1801413893699646 
vt 0.5999000072479248 0.16024142503738403 
vt 0.5999000072479248 0.1997585892677307 
vt 0.5801414251327515 0.18000000715255737 
vt 0.5997585654258728 0.16009998321533203 
vt 0.5799999833106995 0.17985862493515015 
vt 0.5602414011955261 0.16009998321533203 
vt 0.600100040435791 0.19975852966308594 
vt 0.600100040435791 0.16024142503738403 
vt 0.6198586225509644 0.18000000715255737 
vt 0.6397585868835449 0.19989997148513794 
vt 0.6002414226531982 0.19989997148513794 
vt 0.6200000047683716 0.1801413893699646 
vt 0.6399000287055969 0.1997585892677307 
vt 0.6201414465904236 0.18000000715255737 
vt 0.6399000287055969 0.16024142503738403 
vt 0.6002414226531982 0.16009998321533203 
vt 0.6397585868835449 0.16009998321533203 
vt 0.6200000047683716 0.17985862493515015 
vt 0.6401000022888184 0.19975852966308594 
vt 0.6401000022888184 0.16024142503738403 
vt 0.6598585844039917 0.18000000715255737 
vt 0.6402413845062256 0.19989997148513794 
vt 0.6599999666213989 0.1801413893699646 
vt 0.6797585487365723 0.19989997148513794 
vt 0.6798999905586243 0.16024142503738403 
vt 0.6798999905586243 0.1997585892677307 
vt 0.6601414084434509 0.18000000715255737 
vt 0.6402413845062256 0.16009998321533203 
vt 0.6797585487365723 0.16009998321533203 
vt 0.6599999666213989 0.17985862493515015 
vt 0.6801000237464905 0.16024142503738403 
vt 0.6998586058616638 0.18000000715255737 
vt 0.6801000237464905 0.19975852966308594 
vt 0.7197585701942444 0.19989997148513794 
vt 0.6802414059638977 0.19989997148513794 
vt 0.699999988079071 0.1801413893699646 
vt 0.7199000120162964 0.16024142503738403 
vt 0.7199000120162964 0.1997585892677307 
vt 0.700141429901123 0.18000000715255737 
vt 0.7197585701942444 0.16009998321533203 
vt 0.699999988079071 0.17985862493515015 
vt 0.6802414059638977 0.16009998321533203 
vt 0.7201000452041626 0.19975852966308594 
vt 0.7201000452041626 0.16024142503738403 
vt 0.7398586273193359 0.18000000715255737 
vt 0.7597585916519165 0.19989997148513794 
vt 0.7202414274215698 0.19989997148513794 
vt 0.7400000095367432 0.1801413893699646 
vt 0.7599000334739685 0.1997585892677307 
vt 0.7401414513587952 0.18000000715255737 
vt 0.7599000334739685 0.16024142503738403 
vt 0.7202414274215698 0.16009998321533203 
vt 0.7597585916519165 0.16009998321533203 
vt 0.7400000095367432 0.17985862493515015 
vt 0.7601000070571899 0.19975852966308594 
vt 0.7601000070571899 0.16024142503738403 
vt 0.7798585891723633 0.18000000715255737 
vt 0.7602413892745972 0.19989997148513794 
vt 0.7799999713897705 0.1801413893699646 
vt 0.7997585535049438 0.19989997148513794 
vt 0.7998999953269958 0.16024142503738403 
vt 0.7998999953269958 0.1997585892677307 
vt 0.7801414132118225 0.18000000715255737 
vt 0.7602413892745972 0.16009998321533203 
vt 0.7997585535049438 0.16009998321533203 
vt 0.7799999713897705 0.17985862493515015 
vt 0.8001000285148621 0.16024142503738403 
vt 0.8198586106300354 0.18000000715255737 
vt 0.8001000285148621 0.19975852966308594 
vt 0.839758574962616 0.19989997148513794 
vt 0.8002414107322693 0.19989997148513794 
vt 0.8199999928474426 0.1801413893699646 
vt 0.839900016784668 0.16024142503738403 
vt 0.839900016784668 0.1997585892677307 
vt 0.8201414346694946 0.18000000715255737 
vt 0.839758574962616 0.16009998321533203 
vt 0.8199999928474426 0.17985862493515015 
vt 0.8002414107322693 0.16009998321533203 
vt 0.8400999903678894 0.19975852966308594 
vt 0.8400999903678894 0.16024142503738403 
vt 0.8598585724830627 0.18000000715255737 
vt 0.8797585368156433 0.19989997148513794 
vt 0.8402413725852966 0.19989997148513794 
vt 0.85999995470047 0.1801413893699646 
vt 0.8798999786376953 0.1997585892677307 
vt 0.860141396522522 0.18000000715255737 
vt 0.8798999786376953 0.16024142503738403 
vt 0.8402413725852966 0.16009998321533203 
vt 0.8797585368156433 0.16009998321533203 
vt 0.85999995470047 0.17985862493515015 
vt 0.8801000118255615 0.19975852966308594 
vt 0.8801000118255615 0.16024142503738403 
vt 0.8998585939407349 0.18000000715255737 
vt 0.8802413940429688 0.19989997148513794 
vt 0.8999999761581421 0.1801413893699646 
vt 0.9197585582733154 0.19989997148513794 
vt 0.9199000000953674 0.16024142503738403 
vt 0.9199000000953674 0.1997585892677307 
vt 0.9001414179801941 0.18000000715255737 
vt 0.8802413940429688 0.16009998321533203 
vt 0.9197585582733154 0.16009998321533203 
vt 0.8999999761581421 0.17985862493515015 
vt 0.9201000332832336 0.16024142503738403 
vt 0.939858615398407 0.18000000715255737 
vt 0.9201000332832336 0.19975852966308594 
vt 0.9597585797309875 0.19989997148513794 
vt 0.9202414155006409 0.19989997148513794 
vt 0.9399999976158142 0.1801413893699646 
vt 0.9599000215530396 0.16024142503738403 
vt 0.9599000215530396 0.1997585892677307 
vt 0.9401414394378662 0.18000000715255737 
vt 0.9597585797309875 0.16009998321533203 
vt 0.9399999976158142 0.17985862493515015 
vt 0.9202414155006409 0.16009998321533203 
vt 0.960099995136261 0.19975852966308594 
vt 0.960099995136261 0.16024142503738403 
vt 0.9798585772514343 0.18000000715255737 
vt 0.9997585415840149 0.19989997148513794 
vt 0.9602413773536682 0.19989997148513794 
vt 0.9799999594688416 0.1801413893699646 
vt 0.9998999834060669 0.1997585892677307 
vt 0.9801414012908936 0.18000000715255737 
vt 0.9998999834060669 0.16024142503738403 
vt 0.9602413773536682 0.16009998321533203 
vt 0.9997585415840149 0.16009998321533203 
vt 0.9799999594688416 0.17985862493515015 
vt 9.999999747378752e-05 0.1597585678100586 
vt 9.999999747378752e-05 0.12024146318435669 
vt 0.019858578220009804 0.14000004529953003 
vt 0.000241421366808936 0.1599000096321106 
vt 0.020000001415610313 0.14014142751693726 
vt 0.039758577942848206 0.1599000096321106 
vt 0.03989999741315842 0.12024146318435669 
vt 0.03989999741315842 0.15975862741470337 
vt 0.020141419023275375 0.14000004529953003 
vt 0.00024142135225702077 0.12010002136230469 
vt 0.03975857421755791 0.12010002136230469 
vt 0.019999999552965164 0.1398586630821228 
vt 0.04010000079870224 0.12024146318435669 
vt 0.05985857546329498 0.14000004529953003 
vt 0.04010000079870224 0.1597585678100586 
vt 0.07975857704877853 0.1599000096321106 
vt 0.04024142026901245 0.1599000096321106 
vt 0.06000000238418579 0.14014142751693726 
vt 0.07989999651908875 0.12024146318435669 
vt 0.07989999651908875 0.15975862741470337 
vt 0.060141418129205704 0.14000004529953003 
vt 0.07975856959819794 0.12010002136230469 
vt 0.05999999865889549 0.1398586630821228 
vt 0.04024142026901245 0.12010002136230469 
vt 0.08009999990463257 0.1597585678100586 
vt 0.08009999990463257 0.12024146318435669 
vt 0.09985857456922531 0.14000004529953003 
vt 0.11975857615470886 0.1599000096321106 
vt 0.08024141937494278 0.1599000096321106 
vt 0.10000000149011612 0.14014142751693726 
vt 0.11989999562501907 0.15975862741470337 
vt 0.10014142096042633 0.14000004529953003 
vt 0.11989999562501907 0.12024146318435669 
vt 0.08024141937494278 0.12010002136230469 
vt 0.11975857615470886 0.12010002136230469 
vt 0.09999999403953552 0.1398586630821228 
vt 0.7998999953269958 0.9597585797309875 
vt 0.7602413892745972 0.9200999736785889 
vt 0.7998999953269958 0.9200999736785889 
vt 0.839758574962616 0.9598999619483948 
vt 0.8001000285148621 0.9598999619483948 
vt 0.8001000285148621 0.9202414155006409 
vt 0.839900016784668 0.9597585797309875 
vt 0.8002414107322693 0.9200999736785889 
vt 0.839900016784668 0.9200999736785889 
vn -1.570796012878418 -1.5707963705062866 -1.5707958936691284
vn -3.1415927410125732 -3.1415927410125732 0.0
vn 0.0 -3.1415927410125732 -3.141591787338257
vn 0.0 -6.2831854820251465 0.0
vn -3.1415929794311523 -6.038403057573305e-07 -3.1415927410125732
vn -6.2831854820251465 0.0 0.0
vn -3.141592264175415 -6.038403057573305e-07 -3.1415927410125732
vn -6.2831854820251465 0.0 0.0
vn 0.0 -1.207680611514661e-06 -6.2831854820251465
vn 0.0 -1.207680611514661e-06 -6.2831854820251465
vn -3.1415929794311523 -6.038398510099796e-07 -3.1415927410125732
vn -6.2831854820251465 0.0 0.0
vn -3.141592264175415 -6.038400783836551e-07 -3.1415927410125732
vn -6.2831854820251465 0.0 0.0
vn 0.0 -1.2076797020199592e-06 -6.2831854820251465
vn 0.0 -1.2076801567673101e-06 -6.2831854820251465
vn -3.1415927410125732 0.0 -3.1415927410125732
vn -6.2831854820251465 0.0 0.0
vn -3.1415929794311523 -6.038400783836551e-07 -3.1415927410125732
vn -6.2831854820251465 0.0 0.0
vn 0.0 0.0 -6.2831854820251465
vn 0.0 -1.2076801567673101e-06 -6.2831854820251465
vn -3.141592264175415 -6.038400783836551e-07 -3.1415927410125732
vn -6.2831854820251465 0.0 0.0
vn -3.1415929794311523 -6.038409878783568e-07 -3.1415927410125732
vn -6.2831854820251465 0.0 0.0
vn 0.0 -1.2076801567673101e-06 -6.2831854820251465
vn 0.0 -1.2076819757567137e-06 -6.2831854820251465
vn -3.141592264175415 -6.038400783836551e-07 -3.1415927410125732
vn -6.2831854820251465 0.0 0.0
vn -3.1415927410125732 0.0 -3.1415927410125732
vn -6.2831854820251465 0.0 0.0
vn 0.0 -1.2076801567673101e-06 -6.2831854820251465
vn 0.0 0.0 -6.2831854820251465
vn -1.5682694911956787 -1.5707933902740479 -1.5682694911956787
vn -3.128782033920288 -3.141566276550293 0.0012713040923699737
vn -3.1213409900665283 -3.1415274143218994 0.0
vn -3.1415929794311523 -6.038409878783568e-07 -3.1415927410125732
vn -6.2831854820251465 0.0 0.0
vn -3.141592264175415 -6.038409878783568e-07 -3.1415927410125732
vn -6.2831854820251465 0.0 0.0
vn 0.0 -1.2076819757567137e-06 -6.2831854820251465
vn 0.0 -1.2076819757567137e-06 -6.2831854820251465
vn 0.0 -3.1415762901306152 -3.1314852237701416
vn -0.0009842431172728539 -3.141578435897827 -3.1322035789489746
vn -3.1415934562683105 -1.1786513596234727e-06 -3.1415927410125732
vn -6.2831854820251465 0.0 0.0
vn -1.5632479190826416 -4.712359428405762 -1.562878966331482
vn -3.1213319301605225 -3.1415274143218994 0.0001203569263452664
vn -4.255301944144918e-10 -2.3577310912514804e-06 -6.2831854820251465
vn -0.0011515166843309999 -3.141573429107666 -3.1307148933410645
vn -3.1415929794311523 -3.1415927410125732 6.038409878783568e-07
vn -1.5707966089248657 -1.5707963705062866 1.5707967281341553
vn 0.0 -6.2831854820251465 1.2076819757567137e-06
vn 0.0 -3.1415927410125732 3.1415934562683105
vn -6.2831854820251465 0.0 0.0
vn -3.141592264175415 6.038403057573305e-07 3.1415927410125732
vn -6.2831854820251465 0.0 0.0
vn -3.1415929794311523 6.038403057573305e-07 3.1415927410125732
vn 0.0 1.207680611514661e-06 6.2831854820251465
vn 0.0 1.207680611514661e-06 6.2831854820251465
vn -6.2831854820251465 0.0 0.0
vn -3.141592264175415 6.038405331310059e-07 3.1415927410125732
vn -6.2831854820251465 0.0 0.0
vn -3.1415929794311523 6.038400783836551e-07 3.1415927410125732
vn 0.0 1.2076810662620119e-06 6.2831854820251465
vn 0.0 1.2076801567673101e-06 6.2831854820251465
vn -6.2831854820251465 0.0 0.0
vn -3.1415927410125732 0.0 3.1415927410125732
vn -6.2831854820251465 0.0 0.0
vn -3.141592264175415 6.038400783836551e-07 3.1415927410125732
vn 0.0 0.0 6.2831854820251465
vn 0.0 1.2076801567673101e-06 6.2831854820251465
vn -6.2831854820251465 0.0 0.0
vn -3.1415929794311523 6.038400783836551e-07 3.1415927410125732
vn -6.2831854820251465 0.0 0.0
vn -3.141592264175415 6.038409878783568e-07 3.1415927410125732
vn 0.0 1.2076801567673101e-06 6.2831854820251465
vn 0.0 1.2076819757567137e-06 6.2831854820251465
vn -6.2831854820251465 0.0 0.0
vn -3.1415927410125732 0.0 3.1415927410125732
vn -6.2831854820251465 0.0 0.0
vn -3.1415927410125732 0.0 3.1415927410125732
vn 0.0 0.0 6.2831854820251465
vn 0.0 0.0 6.2831854820251465
vn -3.1213409900665283 -3.1415274143218994 0.0
vn -3.128782272338867 -3.141566276550293 -0.0012713117757812142
vn -1.5682694911956787 -1.5707933902740479 1.5682694911956787
vn -6.2831854820251465 0.0 0.0
vn -3.141592264175415 6.038409878783568e-07 3.1415927410125732
vn -6.2831854820251465 0.0 0.0
vn -3.1415929794311523 6.038409878783568e-07 3.1415927410125732
vn 0.0 1.2076819757567137e-06 6.2831854820251465
vn 0.0 1.2076819757567137e-06 6.2831854820251465
vn -6.2831854820251465 0.0 0.0
vn -3.141591787338257 1.1786513596234727e-06 3.1415927410125732
vn -3.1213319301605225 -3.1415274143218994 -0.00012035969120915979
vn -1.5629390478134155 -4.712359428405762 1.562938928604126
vn -3.733287012863684e-10 2.355969854761497e-06 6.2831854820251465
vn 0.0001203569263452664 -3.1415274143218994 3.1213319301605225
vn 0.0012713047908619046 -3.141566276550293 3.128782033920288
vn 0.0 -3.1415274143218994 3.1213409900665283
vn -3.1415927410125732 0.0 -3.1415927410125732
vn -3.141591787338257 -1.2076819757567137e-06 -3.1415927410125732
vn -6.2831854820251465 0.0 0.0
vn -6.2831854820251465 0.0 0.0
vn -6.2831854820251465 0.0 0.0
vn -6.2831854820251465 0.0 0.0
vn -3.1415929794311523 -4.5155408656682994e-07 -3.1415927410125732
vn -1.570796012878418 1.5707958936691284 -1.5707963705062866
vn -6.2831854820251465 0.0 0.0
vn -6.2831854820251465 0.0 0.0
vn -3.142336130142212 3.141592502593994 -0.0006137544405646622
vn -3.145195960998535 3.1415905952453613 0.0
vn 0.0 0.0 -6.2831854820251465
vn 0.0 -2.4153639515134273e-06 -6.2831854820251465
vn 0.0 0.0 -6.2831854820251465
vn 0.0 -2.4153639515134273e-06 -6.2831854820251465
vn 0.0 -9.031081731336599e-07 -6.2831854820251465
vn 0.0 3.141591787338257 -3.1415927410125732
vn 0.0 -9.031081731336599e-07 -6.2831854820251465
vn 0.0 3.141591787338257 -3.1415927410125732
vn -1.5706440210342407 4.71238899230957 -1.5711857080459595
vn -3.145192861557007 3.1415905952453613 -0.0002875404024962336
vn 0.0 3.1415927410125732 -3.1415927410125732
vn -3.1415927410125732 0.0 -3.1415927410125732
vn -6.2831854820251465 -6.7497962845664006e-06 -1.4091349385125795e-06
vn -2.653675079345703 0.9625533819198608 -2.653674840927124
vn -6.012415885925293 1.275912880897522 -3.611313104556757e-06
vn -1.4091345974520664e-06 -6.7497962845664006e-06 -6.2831854820251465
vn -3.920823473890778e-06 1.2759110927581787 -6.012416839599609
vn -2.87082839012146 2.5518410205841064 -2.8708243370056152
vn -5.741647720336914 2.551841974258423 8.879894721758319e-07
vn -2.870826244354248 2.5518345832824707 -2.870821237564087
vn -3.71447958968929e-06 -0.00011159389396198094 -4.077850462635979e-06
vn -0.5008247494697571 -1.0038608312606812 -0.5008285045623779
vn -2.9563777446746826 0.4010940492153168 -2.9563779830932617
vn -3.080584764480591 1.0269700288772583 -3.0805861949920654
vn -3.0932040214538574 1.0985149145126343 -3.093205451965332
vn -3.076317071914673 1.1324615478515625 -3.076317548751831
vn -3.2823221683502197 0.7075430154800415 -3.282322645187378
vn -3.155547857284546 0.04473860561847687 -3.155547857284546
vn -1.5707963705062866 1.5707963705062866 -1.5707963705062866
vn -6.2831854820251465 0.0 0.0
vn -6.2831854820251465 0.0 0.0
vn -6.2831854820251465 0.0 0.0
vn -6.2831854820251465 0.0 0.0
vn -3.1415927410125732 0.0 3.1415927410125732
vn -3.1415934562683105 1.2076819757567137e-06 3.1415927410125732
vn -6.2831854820251465 0.0 0.0
vn -6.2831854820251465 0.0 0.0
vn -3.1483845710754395 3.141585350036621 -0.0005247381632216275
vn -3.145939588546753 3.141589641571045 0.0006137466407380998
vn -3.141592264175415 4.5155408656682994e-07 3.1415927410125732
vn -1.571697473526001 1.5707963705062866 1.5716971158981323
vn 0.0 0.0 6.2831854820251465
vn 0.0 2.4153639515134273e-06 6.2831854820251465
vn 0.0 0.0 6.2831854820251465
vn 0.0 2.4153639515134273e-06 6.2831854820251465
vn -3.149277925491333 3.141583204269409 -0.0005550931091420352
vn -1.5737359523773193 4.712385654449463 1.5737359523773193
vn 0.0005550968344323337 3.141583204269409 3.149277925491333
vn 0.0 9.031081731336599e-07 6.2831854820251465
vn -0.0006137546733953059 3.1415903568267822 3.145939588546753
vn 0.0 9.031081731336599e-07 6.2831854820251465
vn 0.0005247387452982366 3.1415860652923584 3.1483845710754395
vn -6.2831854820251465 -7.933354936540127e-06 0.0
vn -3.1415953636169434 -3.5507009670254774e-06 3.141594171524048
vn -6.012416839599609 1.2759125232696533 3.589752566313109e-07
vn -2.6536741256713867 0.9625607132911682 2.6536736488342285
vn 0.0 -1.5866709873080254e-05 6.2831854820251465
vn -2.606973339425167e-06 1.2759120464324951 6.012414455413818
vn -2.8708345890045166 2.5518460273742676 2.870821714401245
vn -2.8708293437957764 2.551852226257324 2.870804786682129
vn 4.807868390344083e-05 -0.00011815377365564927 5.487440648721531e-05
vn -3.772299578486127e-06 2.551853656768799 5.741642475128174
vn -0.5008469820022583 -1.0038673877716064 0.5008189082145691
vn -2.9563827514648438 0.40108567476272583 2.9563746452331543
vn -3.080587863922119 1.0269465446472168 3.08058500289917
vn -3.0931994915008545 1.09848952293396 3.0932047367095947
vn -3.0763185024261475 1.1324384212493896 3.0763251781463623
vn -3.282315254211426 0.7075267434120178 3.282325506210327
vn -3.155547857284546 0.04473990201950073 3.155547857284546
vn -1.5707963705062866 1.5707963705062866 1.5707963705062866
vn 0.0 -3.1415927410125732 -3.141591787338257
vn 0.0 -6.2831854820251465 0.0
vn 1.570796012878418 -1.5707963705062866 -1.5707958936691284
vn 3.1415927410125732 -3.1415927410125732 0.0
vn 0.0 -1.207680611514661e-06 -6.2831854820251465
vn 0.0 -1.207680611514661e-06 -6.2831854820251465
vn 3.1415929794311523 -6.038403057573305e-07 -3.1415927410125732
vn 6.2831854820251465 0.0 0.0
vn 3.141592264175415 -6.038403057573305e-07 -3.1415927410125732
vn 6.2831854820251465 0.0 0.0
vn 0.0 -1.2076797020199592e-06 -6.2831854820251465
vn 0.0 -1.2076801567673101e-06 -6.2831854820251465
vn 3.1415929794311523 -6.038398510099796e-07 -3.1415927410125732
vn 6.2831854820251465 0.0 0.0
vn 3.141592264175415 -6.038400783836551e-07 -3.1415927410125732
vn 6.2831854820251465 0.0 0.0
vn 0.0 0.0 -6.2831854820251465
vn 0.0 -1.2076801567673101e-06 -6.2831854820251465
vn 3.1415927410125732 0.0 -3.1415927410125732
vn 6.2831854820251465 0.0 0.0
vn 3.1415929794311523 -6.038400783836551e-07 -3.1415927410125732
vn 6.2831854820251465 0.0 0.0
vn 0.0 -1.2076801567673101e-06 -6.2831854820251465
vn 0.0 -1.2076819757567137e-06 -6.2831854820251465
vn 3.141592264175415 -6.038400783836551e-07 -3.1415927410125732
vn 6.2831854820251465 0.0 0.0
vn 3.1415929794311523 -6.038409878783568e-07 -3.1415927410125732
vn 6.2831854820251465 0.0 0.0
vn 0.0 -1.2076801567673101e-06 -6.2831854820251465
vn 0.0 0.0 -6.2831854820251465
vn 3.141592264175415 -6.038400783836551e-07 -3.1415927410125732
vn 6.2831854820251465 0.0 0.0
vn 3.1415927410125732 0.0 -3.1415927410125732
vn 6.2831854820251465 0.0 0.0
vn 0.0 -1.2076819757567137e-06 -6.2831854820251465
vn 0.0 -1.2076819757567137e-06 -6.2831854820251465
vn 3.1415929794311523 -6.038409878783568e-07 -3.1415927410125732
vn 6.2831854820251465 0.0 0.0
vn 3.141592264175415 -6.038409878783568e-07 -3.1415927410125732
vn 6.2831854820251465 0.0 0.0
vn 0.0 -3.1415927410125732 -3.1415927410125732
vn 0.0 -3.1415927410125732 -3.1415927410125732
vn 0.0 -2.3589905140397605e-06 -6.2831854820251465
vn -0.000163050222909078 -3.141592502593994 -3.1416049003601074
vn 3.1415934562683105 -1.1794952570198802e-06 -3.1415927410125732
vn 6.2831854820251465 0.0 0.0
vn 1.5707963705062866 -4.71238899230957 -1.5707963705062866
vn 3.1416049003601074 -3.141592502593994 0.000163050222909078
vn 1.5707963705062866 -1.5707963705062866 -1.5707963705062866
vn 3.1415927410125732 -3.1415927410125732 0.0
vn 3.1415927410125732 -3.1415927410125732 0.0
vn 0.0 -6.2831854820251465 1.2076819757567137e-06
vn 0.0 -3.1415927410125732 3.1415934562683105
vn 3.1415929794311523 -3.1415927410125732 6.038409878783568e-07
vn 1.5707966089248657 -1.5707963705062866 1.5707967281341553
vn 0.0 1.207680611514661e-06 6.2831854820251465
vn 0.0 1.207680611514661e-06 6.2831854820251465
vn 6.2831854820251465 0.0 0.0
vn 3.141592264175415 6.038403057573305e-07 3.1415927410125732
vn 6.2831854820251465 0.0 0.0
vn 3.1415929794311523 6.038403057573305e-07 3.1415927410125732
vn 0.0 1.2076810662620119e-06 6.2831854820251465
vn 0.0 1.2076801567673101e-06 6.2831854820251465
vn 6.2831854820251465 0.0 0.0
vn 3.141592264175415 6.038405331310059e-07 3.1415927410125732
vn 6.2831854820251465 0.0 0.0
vn 3.1415929794311523 6.038400783836551e-07 3.1415927410125732
vn 0.0 0.0 6.2831854820251465
vn 0.0 1.2076801567673101e-06 6.2831854820251465
vn 6.2831854820251465 0.0 0.0
vn 3.1415927410125732 0.0 3.1415927410125732
vn 6.2831854820251465 0.0 0.0
vn 3.141592264175415 6.038400783836551e-07 3.1415927410125732
vn 0.0 1.2076801567673101e-06 6.2831854820251465
vn 0.0 1.2076819757567137e-06 6.2831854820251465
vn 6.2831854820251465 0.0 0.0
vn 3.1415929794311523 6.038400783836551e-07 3.1415927410125732
vn 6.2831854820251465 0.0 0.0
vn 3.141592264175415 6.038409878783568e-07 3.1415927410125732
vn 0.0 0.0 6.2831854820251465
vn 0.0 0.0 6.2831854820251465
vn 6.2831854820251465 0.0 0.0
vn 3.1415927410125732 0.0 3.1415927410125732
vn 6.2831854820251465 0.0 0.0
vn 3.1415927410125732 0.0 3.1415927410125732
vn 0.0 1.2076819757567137e-06 6.2831854820251465
vn 0.0 1.2076819757567137e-06 6.2831854820251465
vn 6.2831854820251465 0.0 0.0
vn 3.141592264175415 6.038409878783568e-07 3.1415927410125732
vn 6.2831854820251465 0.0 0.0
vn 3.1415929794311523 6.038409878783568e-07 3.1415927410125732
vn 3.7333269808925706e-10 2.355969854761497e-06 6.2831854820251465
vn -0.00012035965482937172 -3.1415274143218994 3.1213319301605225
vn 6.2831854820251465 0.0 0.0
vn 3.141591787338257 1.1786513596234727e-06 3.1415927410125732
vn 3.1307148933410645 -3.141573429107666 0.0011515163350850344
vn 1.562878966331482 -4.712359428405762 1.5632479190826416
vn 0.0 -3.1415274143218994 3.1213409900665283
vn -0.0012713123578578234 -3.141566276550293 3.128782272338867
vn 3.1322035789489746 -3.141578435897827 0.0009842427680268884
vn 3.1314852237701416 -3.1415762901306152 0.0
vn 1.5682694911956787 -1.5707933902740479 1.5682694911956787
vn 0.0 0.0 -6.2831854820251465
vn 0.0 -2.4153639515134273e-06 -6.2831854820251465
vn 0.0 0.0 -6.2831854820251465
vn 0.0 -2.4153639515134273e-06 -6.2831854820251465
vn 0.0 -9.031081731336599e-07 -6.2831854820251465
vn 0.0 3.141591787338257 -3.1415927410125732
vn 0.0 -9.031081731336599e-07 -6.2831854820251465
vn 0.0 3.141591787338257 -3.1415927410125732
vn 0.0 3.1415927410125732 -3.1415927410125732
vn 1.5707963705062866 4.71238899230957 -1.5707963705062866
vn 3.1415927410125732 3.1415927410125732 0.0
vn 3.1415927410125732 0.0 -3.1415927410125732
vn 3.141591787338257 -1.2076819757567137e-06 -3.1415927410125732
vn 6.2831854820251465 0.0 0.0
vn 6.2831854820251465 0.0 0.0
vn 6.2831854820251465 0.0 0.0
vn 6.2831854820251465 0.0 0.0
vn 3.1415929794311523 -4.5155408656682994e-07 -3.1415927410125732
vn 1.570796012878418 1.5707958936691284 -1.5707963705062866
vn 6.2831854820251465 0.0 0.0
vn 6.2831854820251465 0.0 0.0
vn 3.1415927410125732 3.1415927410125732 0.0
vn 3.1415927410125732 3.1415927410125732 0.0
vn 0.0 -7.933354936540127e-06 -6.2831854820251465
vn -1.8507580534787849e-07 1.2759106159210205 -6.012417793273926
vn 3.141594171524048 -3.5507009670254774e-06 -3.1415953636169434
vn 6.2831854820251465 -1.5866709873080254e-05 0.0
vn 2.653674840927124 0.962559700012207 -2.653674602508545
vn 6.0124125480651855 1.2759138345718384 -1.2660888160098693e-06
vn 2.8708243370056152 2.5518431663513184 -2.870831251144409
vn 2.4695687898201868e-05 -7.725563045823947e-05 1.9729501218535006e-05
vn 0.5007957220077515 -1.0038325786590576 -0.5008153319358826
vn 2.8707895278930664 2.551853895187378 -2.8708198070526123
vn 5.7416462898254395 2.5518455505371094 3.3583913250367914e-07
vn 2.956374406814575 0.4010850191116333 -2.9563825130462646
vn 3.080585479736328 1.0269453525543213 -3.0805866718292236
vn 3.0932047367095947 1.0984876155853271 -3.0931992530822754
vn 3.076324939727783 1.1324372291564941 -3.0763189792633057
vn 3.282325267791748 0.7075258493423462 -3.2823145389556885
vn 3.155547857284546 0.04473860561847687 -3.155547857284546
vn 1.5707963705062866 1.5707963705062866 -1.5707963705062866
vn 0.0 0.0 6.2831854820251465
vn 0.0 2.4153639515134273e-06 6.2831854820251465
vn 0.0 0.0 6.2831854820251465
vn 0.0 2.4153639515134273e-06 6.2831854820251465
vn 0.00028754258528351784 3.1415905952453613 3.145192861557007
vn 3.1415927410125732 3.1415927410125732 0.0
vn 1.571185827255249 4.71238899230957 1.5706440210342407
vn 0.0 9.031081731336599e-07 6.2831854820251465
vn 0.0 3.1415915489196777 3.145195960998535
vn 0.0 9.031081731336599e-07 6.2831854820251465
vn 0.0006137486780062318 3.1415934562683105 3.142336130142212
vn 6.2831854820251465 0.0 0.0
vn 6.2831854820251465 0.0 0.0
vn 6.2831854820251465 0.0 0.0
vn 6.2831854820251465 0.0 0.0
vn 3.1415927410125732 0.0 3.1415927410125732
vn 3.1415934562683105 1.2076819757567137e-06 3.1415927410125732
vn 6.2831854820251465 0.0 0.0
vn 6.2831854820251465 0.0 0.0
vn 3.1415927410125732 3.1415927410125732 0.0
vn 3.1415927410125732 3.1415927410125732 0.0
vn 3.141592264175415 4.5155408656682994e-07 3.1415927410125732
vn 1.5707966089248657 1.5707967281341553 1.5707963705062866
vn 0.0 -1.5866709873080254e-05 6.2831854820251465
vn 8.581725410294894e-07 1.27591073513031 6.012414932250977
vn 6.2831854820251465 -1.5866709873080254e-05 0.0
vn 3.141596555709839 -1.0300541362084914e-05 3.141596555709839
vn 6.012412071228027 1.2759149074554443 2.1821422251377953e-06
vn 2.653670072555542 0.9625528454780579 2.6536684036254883
vn -2.669236891961191e-05 6.951133400434628e-05 2.159589530492667e-05
vn 2.870835542678833 2.5518157482147217 2.870786666870117
vn 0.5007718801498413 -1.0037767887115479 0.5007558465003967
vn 5.7416486740112305 2.551840305328369 -8.401618742936989e-07
vn 2.870809316635132 2.551846504211426 2.8708388805389404
vn 2.9563863277435303 0.40107661485671997 2.956386089324951
vn 3.0805766582489014 1.0269215106964111 3.080578565597534
vn 3.0932111740112305 1.0984692573547363 3.093210458755493
vn 3.0763258934020996 1.1324115991592407 3.0763261318206787
vn 3.282318353652954 0.7075096964836121 3.2823173999786377
vn 3.155547857284546 0.04473990201950073 3.155547857284546
vn 1.5707963705062866 1.5707963705062866 1.5707963705062866
vn 0.0 -3.1415927410125732 -3.141591787338257
vn 0.0 -6.2831854820251465 8.91932359081693e-07
vn -3.1415929794311523 -3.1415927410125732 4.459661795408465e-07
vn -6.2831854820251465 0.0 0.0
vn -6.2831854820251465 0.0 0.0
vn -3.1415927410125732 -1.207680611514661e-06 -3.1415927410125732
vn 0.0 -2.415361223029322e-06 -6.2831854820251465
vn 0.0 -1.207680611514661e-06 -6.2831854820251465
vn -6.2831854820251465 0.0 0.0
vn -3.1415927410125732 0.0 -3.1415927410125732
vn 0.0 0.0 -6.2831854820251465
vn -6.2831854820251465 0.0 0.0
vn -6.2831854820251465 0.0 0.0
vn -3.1415927410125732 -1.2076799293936347e-06 -3.1415927410125732
vn 0.0 -2.4153598587872693e-06 -6.2831854820251465
vn 0.0 -1.2076797020199592e-06 -6.2831854820251465
vn -6.2831854820251465 0.0 0.0
vn -6.2831854820251465 0.0 0.0
vn -3.1415927410125732 0.0 -3.1415927410125732
vn 0.0 0.0 -6.2831854820251465
vn 0.0 0.0 -6.2831854820251465
vn -6.2831854820251465 0.0 0.0
vn -6.2831854820251465 0.0 0.0
vn -3.1415927410125732 0.0 -3.1415927410125732
vn 0.0 0.0 -6.2831854820251465
vn 0.0 -1.2076801567673101e-06 -6.2831854820251465
vn -6.2831854820251465 0.0 0.0
vn -6.2831854820251465 0.0 0.0
vn -3.1415927410125732 0.0 -3.1415927410125732
vn 0.0 0.0 -6.2831854820251465
vn 0.0 -1.207680611514661e-06 -6.2831854820251465
vn -6.2831854820251465 0.0 0.0
vn -6.2831854820251465 0.0 0.0
vn -3.1415927410125732 0.0 -3.1415927410125732
vn 0.0 0.0 -6.2831854820251465
vn 0.0 -1.2076801567673101e-06 -6.2831854820251465
vn -6.2831854820251465 0.0 0.0
vn -6.2831854820251465 0.0 0.0
vn -3.1415927410125732 0.0 -3.1415927410125732
vn 0.0 0.0 -6.2831854820251465
vn 0.0 -1.2076801567673101e-06 -6.2831854820251465
vn -6.2831854820251465 0.0 0.0
vn -6.2831854820251465 0.0 0.0
vn -3.1415927410125732 -1.2076810662620119e-06 -3.1415927410125732
vn 0.0 -2.4153621325240238e-06 -6.2831854820251465
vn 0.0 -1.2076819757567137e-06 -6.2831854820251465
vn -6.2831854820251465 0.0 0.0
vn -6.2831854820251465 0.0 0.0
vn -3.1415927410125732 -1.2076819757567137e-06 -3.1415927410125732
vn 0.0 -2.4153639515134273e-06 -6.2831854820251465
vn 0.0 -1.2076819757567137e-06 -6.2831854820251465
vn -6.2831854820251465 0.0 0.0
vn -6.2831854820251465 0.0 0.0
vn -3.141591787338257 -1.1786513596234727e-06 -3.1415927410125732
vn 0.0 -2.3573027192469453e-06 -6.2831854820251465
vn 0.0 -2.3573027192469453e-06 -6.2831854820251465
vn -3.1213409900665283 -3.1415274143218994 0.0
vn 0.03304257243871689 -6.283093452453613 0.0016955675091594458
vn 0.040503405034542084 -6.283054828643799 0.0
vn -6.2831854820251465 0.0 0.0
vn -6.2831854820251465 0.0 0.0
vn -3.1415927410125732 0.0 -3.1415927410125732
vn 0.0 0.0 -6.2831854820251465
vn 0.0 -1.2076819757567137e-06 -6.2831854820251465
vn 0.0 -6.2831525802612305 0.020252035930752754
vn 0.0 -6.2831525802612305 0.020252035930752754
vn 0.0 -3.1415762901306152 -3.1314480304718018
vn -3.1314852237701416 -3.1415762901306152 0.0
vn 0.010116692632436752 -6.2831525802612305 0.010116711258888245
vn 0.022905707359313965 -6.283142566680908 0.0017015669727697968
vn -6.2831854820251465 0.0 0.0
vn -6.2831854820251465 0.0 0.0
vn -3.1415927410125732 0.0 -3.1415927410125732
vn 0.0 0.0 -6.2831854820251465
vn 0.0 0.0 -6.2831854820251465
vn -6.2831854820251465 0.0 0.0
vn -6.2831854820251465 0.0 0.0
vn -3.1415927410125732 -1.2076801567673101e-06 -3.1415927410125732
vn 0.0 -2.4153603135346202e-06 -6.2831854820251465
vn 0.0 -1.2076801567673101e-06 -6.2831854820251465
vn 0.0 -6.2831854820251465 1.2076819757567137e-06
vn 0.0 -6.2831854820251465 8.919525953388074e-07
vn -3.141592264175415 -3.1415927410125732 4.459762976694037e-07
vn -6.2831854820251465 0.0 0.0
vn -6.2831854820251465 0.0 0.0
vn -6.2831854820251465 0.0 0.0
vn 0.0 2.415361223029322e-06 6.2831854820251465
vn 0.0 2.415361223029322e-06 6.2831854820251465
vn 0.0 1.207680611514661e-06 6.2831854820251465
vn -6.2831854820251465 0.0 0.0
vn -6.2831854820251465 0.0 0.0
vn 0.0 0.0 6.2831854820251465
vn 0.0 0.0 6.2831854820251465
vn 0.0 -3.1415927410125732 3.1415934562683105
vn -6.2831854820251465 0.0 0.0
vn -6.2831854820251465 0.0 0.0
vn -6.2831854820251465 0.0 0.0
vn 0.0 2.415361223029322e-06 6.2831854820251465
vn 0.0 2.415361223029322e-06 6.2831854820251465
vn 0.0 1.2076810662620119e-06 6.2831854820251465
vn -6.2831854820251465 0.0 0.0
vn -6.2831854820251465 0.0 0.0
vn -6.2831854820251465 0.0 0.0
vn 0.0 0.0 6.2831854820251465
vn 0.0 0.0 6.2831854820251465
vn 0.0 0.0 6.2831854820251465
vn -6.2831854820251465 0.0 0.0
vn -6.2831854820251465 0.0 0.0
vn -6.2831854820251465 0.0 0.0
vn 0.0 0.0 6.2831854820251465
vn 0.0 0.0 6.2831854820251465
vn 0.0 1.2076801567673101e-06 6.2831854820251465
vn -6.2831854820251465 0.0 0.0
vn -6.2831854820251465 0.0 0.0
vn -6.2831854820251465 0.0 0.0
vn 0.0 0.0 6.2831854820251465
vn 0.0 0.0 6.2831854820251465
vn 0.0 1.207680611514661e-06 6.2831854820251465
vn -6.2831854820251465 0.0 0.0
vn -6.2831854820251465 0.0 0.0
vn -6.2831854820251465 0.0 0.0
vn 0.0 0.0 6.2831854820251465
vn 0.0 0.0 6.2831854820251465
vn 0.0 1.2076801567673101e-06 6.2831854820251465
vn -6.2831854820251465 0.0 0.0
vn -6.2831854820251465 0.0 0.0
vn -6.2831854820251465 0.0 0.0
vn 0.0 0.0 6.2831854820251465
vn 0.0 0.0 6.2831854820251465
vn 0.0 0.0 6.2831854820251465
vn -6.2831854820251465 0.0 0.0
vn -6.2831854820251465 0.0 0.0
vn -6.2831854820251465 0.0 0.0
vn 0.0 1.2076819757567137e-06 6.2831854820251465
vn 0.0 1.2076819757567137e-06 6.2831854820251465
vn 0.0 1.2076819757567137e-06 6.2831854820251465
vn -6.2831854820251465 0.0 0.0
vn -6.2831854820251465 0.0 0.0
vn -6.2831854820251465 0.0 0.0
vn 0.0 2.4153639515134273e-06 6.2831854820251465
vn 0.0 2.4153639515134273e-06 6.2831854820251465
vn 0.0 1.2076819757567137e-06 6.2831854820251465
vn -6.2831854820251465 0.0 0.0
vn -6.2831854820251465 0.0 0.0
vn -3.1287903785705566 -3.141566038131714 -0.0016997078200802207
vn 0.0 2.3573027192469453e-06 6.2831854820251465
vn -2.6223728744056984e-10 2.357360926907859e-06 6.2831854820251465
vn -3.1415934562683105 1.1786513596234727e-06 3.1415927410125732
vn 0.040503405034542084 -6.283054828643799 0.0
vn 0.03304240107536316 -6.283093452453613 -0.0016956067411229014
vn -3.1213409900665283 -3.1415274143218994 0.0
vn -6.2831854820251465 0.0 0.0
vn -6.2831854820251465 0.0 0.0
vn -6.2831854820251465 0.0 0.0
vn 0.0 0.0 6.2831854820251465
vn 0.0 0.0 6.2831854820251465
vn 0.0 1.2076819757567137e-06 6.2831854820251465
vn 0.0016996688209474087 -3.141566038131714 3.1287901401519775
vn 0.001695567392744124 -6.283093452453613 -0.033042605966329575
vn 0.0017015673220157623 -6.283142566680908 -0.022905724123120308
vn 0.022905537858605385 -6.283142566680908 -0.0017016066703945398
vn 0.010116692632436752 -6.2831525802612305 -0.010116711258888245
vn -3.1314852237701416 -3.1415762901306152 0.0
vn -6.2831854820251465 0.0 0.0
vn -6.2831854820251465 0.0 0.0
vn -6.2831854820251465 0.0 0.0
vn 0.0 0.0 6.2831854820251465
vn 0.0 0.0 6.2831854820251465
vn 0.0 0.0 6.2831854820251465
vn -6.2831854820251465 0.0 0.0
vn -6.2831854820251465 0.0 0.0
vn -6.2831854820251465 0.0 0.0
vn 0.0 2.4153603135346202e-06 6.2831854820251465
vn 0.0 2.4153603135346202e-06 6.2831854820251465
vn 0.0 1.2076801567673101e-06 6.2831854820251465
vn -6.2831854820251465 0.0 0.0
vn -6.2831854820251465 0.0 0.0
vn -6.2831854820251465 0.0 0.0
vn -6.2831854820251465 0.0 0.0
vn -6.2831854820251465 0.0 0.0
vn -6.2831854820251465 0.0 0.0
vn 0.0 -2.4153639515134273e-06 -6.2831854820251465
vn 0.0 -2.4153639515134273e-06 -6.2831854820251465
vn 0.0 0.0 -6.2831854820251465
vn 0.0 -1.8062160052068066e-06 -6.2831854820251465
vn 0.0 -1.8062160052068066e-06 -6.2831854820251465
vn 0.0 -9.031081731336599e-07 -6.2831854820251465
vn -3.1415934562683105 -1.2076819757567137e-06 -3.1415927410125732
vn 0.0 -2.4153639515134273e-06 -6.2831854820251465
vn 0.0 0.0 -6.2831854820251465
vn -3.1415927410125732 -9.031080026034033e-07 -3.1415927410125732
vn 0.0 -1.8062160052068066e-06 -6.2831854820251465
vn 0.0 -9.031081731336599e-07 -6.2831854820251465
vn -0.007206727284938097 6.283181190490723 0.0
vn -0.004210506100207567 6.2831830978393555 -0.0011337349424138665
vn -3.145195960998535 3.1415905952453613 0.0
vn 0.0 0.0 -6.2831854820251465
vn 0.0 0.0 -6.2831854820251465
vn 0.0 -2.4153639515134273e-06 -6.2831854820251465
vn -6.2831854820251465 0.0 0.0
vn -6.2831854820251465 0.0 0.0
vn -6.2831854820251465 0.0 0.0
vn -6.2831854820251465 0.0 0.0
vn -6.2831854820251465 0.0 0.0
vn -6.2831854820251465 0.0 0.0
vn -6.2831854820251465 0.0 0.0
vn 0.0 3.1415927410125732 -3.1415927410125732
vn 0.0 6.2831854820251465 0.0
vn 0.0 6.2831854820251465 0.0
vn -6.2831854820251465 0.0 0.0
vn -6.2831854820251465 0.0 0.0
vn -3.1415927410125732 0.0 -3.1415927410125732
vn -0.0006071425741538405 6.283185005187988 -0.001133734593167901
vn 0.0 6.2831854820251465 0.0
vn -3.1415927410125732 3.1415927410125732 0.0
vn 0.0 0.0 -6.2831854820251465
vn 0.0 -2.4153639515134273e-06 -6.2831854820251465
vn -6.2831854820251465 0.0 0.0
vn -6.2831854820251465 -7.93332037574146e-06 -4.016774710180471e-06
vn -3.1415927410125732 0.0 -3.1415927410125732
vn -4.016773800685769e-06 -7.93332037574146e-06 -6.2831854820251465
vn 0.0 0.0 -6.2831854820251465
vn -5.741652011871338 2.5518321990966797 -3.5714092518901452e-06
vn -5.741652488708496 2.5518312454223633 1.204513182528899e-06
vn -2.8708412647247314 2.55183482170105 -2.8708322048187256
vn -6.012416839599609 1.2759126424789429 -7.687354809604585e-06
vn -5.741647720336914 2.551842212677002 -5.500630322785582e-06
vn -2.8708276748657227 2.551840305328369 -2.870828151702881
vn -1.8776281649479643e-05 2.55183482170105 -5.7416510581970215
vn -7.687353900109883e-06 1.275911808013916 -6.012417316436768
vn -3.142199754714966 3.141592502593994 -0.0011337348259985447
vn -6.2831854820251465 0.0 0.0
vn -3.1415927410125732 0.0 -3.1415927410125732
vn 0.0 0.0 -6.2831854820251465
vn -6.2831854820251465 0.0 0.0
vn -6.2831854820251465 0.0 0.0
vn -6.2831854820251465 0.0 0.0
vn -6.2831854820251465 0.0 0.0
vn -6.2831854820251465 0.0 0.0
vn -6.2831854820251465 0.0 0.0
vn 0.0 2.4153639515134273e-06 6.2831854820251465
vn 0.0 2.4153639515134273e-06 6.2831854820251465
vn 0.0 0.0 6.2831854820251465
vn 0.0 1.8062160052068066e-06 6.2831854820251465
vn 0.0 1.8062160052068066e-06 6.2831854820251465
vn 0.0 9.031081731336599e-07 6.2831854820251465
vn 0.0 2.4153639515134273e-06 6.2831854820251465
vn 0.0 2.4153639515134273e-06 6.2831854820251465
vn 0.0 0.0 6.2831854820251465
vn -3.148799419403076 3.1415843963623047 0.0
vn -0.011422413401305676 6.28317403793335 0.0011381108779460192
vn -0.014436018653213978 6.283168315887451 -0.0013671874767169356
vn 0.0 1.8062160052068066e-06 6.2831854820251465
vn 0.0 1.8062160052068066e-06 6.2831854820251465
vn 0.0 9.031081731336599e-07 6.2831854820251465
vn -6.2831854820251465 0.0 0.0
vn -6.2831854820251465 0.0 0.0
vn -6.2831854820251465 0.0 0.0
vn 0.0 0.0 6.2831854820251465
vn 0.0 0.0 6.2831854820251465
vn 0.0 2.4153639515134273e-06 6.2831854820251465
vn -6.2831854820251465 0.0 0.0
vn -6.2831854820251465 0.0 0.0
vn -6.2831854820251465 0.0 0.0
vn -6.2831854820251465 0.0 0.0
vn -6.2831854820251465 0.0 0.0
vn -6.2831854820251465 0.0 0.0
vn -0.0011337337782606483 6.283180236816406 0.007813900709152222
vn -0.0011380829382687807 6.28317403793335 0.011422534473240376
vn -0.0011364934034645557 3.141589641571045 3.1458020210266113
vn -6.2831854820251465 0.0 0.0
vn -6.2831854820251465 0.0 0.0
vn -6.2831854820251465 0.0 0.0
vn -3.145195960998535 3.1415905952453613 0.0
vn -0.0036033636424690485 6.283181190490723 0.0036033783107995987
vn -0.00781379546970129 6.283180236816406 0.0011337624164298177
vn 0.0 0.0 6.2831854820251465
vn 0.0 0.0 6.2831854820251465
vn 0.0 2.4153639515134273e-06 6.2831854820251465
vn -6.2831854820251465 -7.933354936540127e-06 0.0
vn -6.2831854820251465 -7.933354027045425e-06 4.016872480860911e-06
vn -6.2831854820251465 -1.5866675312281586e-05 0.0
vn 0.0 -2.975015013362281e-05 6.2831854820251465
vn -7.681274837523233e-06 -1.557082032377366e-05 6.2831854820251465
vn 0.0 -1.5866709873080254e-05 6.2831854820251465
vn -1.5868135960772634e-05 2.551860809326172 5.741639614105225
vn -1.754740696924273e-05 2.5518553256988525 5.741641998291016
vn -2.8708362579345703 2.5518572330474854 2.870818614959717
vn -5.741648197174072 2.5518412590026855 1.003255533760239e-06
vn -5.7416486740112305 2.551839828491211 6.431781116589264e-07
vn -8.014333616301883e-06 1.2759286165237427 6.012413024902344
vn -9.813038559514098e-06 2.5518531799316406 5.741642951965332
vn -2.8708248138427734 2.5518481731414795 2.870821237564087
vn -6.2831854820251465 0.0 0.0
vn -6.2831854820251465 0.0 0.0
vn 0.0 0.0 6.2831854820251465
vn -3.1415927410125732 0.0 3.1415927410125732
vn 0.0 -3.1415927410125732 -3.141591787338257
vn 0.0 -6.2831854820251465 8.91932359081693e-07
vn 0.0 -6.2831854820251465 8.91932359081693e-07
vn 6.2831854820251465 0.0 0.0
vn 6.2831854820251465 0.0 0.0
vn 3.1415927410125732 -1.207680611514661e-06 -3.1415927410125732
vn 0.0 -2.415361223029322e-06 -6.2831854820251465
vn 0.0 -2.415361223029322e-06 -6.2831854820251465
vn 0.0 -1.207680611514661e-06 -6.2831854820251465
vn 6.2831854820251465 0.0 0.0
vn 6.2831854820251465 0.0 0.0
vn 3.1415927410125732 0.0 -3.1415927410125732
vn 0.0 0.0 -6.2831854820251465
vn 0.0 0.0 -6.2831854820251465
vn 6.2831854820251465 0.0 0.0
vn 6.2831854820251465 0.0 0.0
vn 3.1415927410125732 -1.2076799293936347e-06 -3.1415927410125732
vn 0.0 -2.4153598587872693e-06 -6.2831854820251465
vn 0.0 -2.4153598587872693e-06 -6.2831854820251465
vn 0.0 -1.2076797020199592e-06 -6.2831854820251465
vn 6.2831854820251465 0.0 0.0
vn 6.2831854820251465 0.0 0.0
vn 3.1415927410125732 0.0 -3.1415927410125732
vn 0.0 0.0 -6.2831854820251465
vn 0.0 0.0 -6.2831854820251465
vn 0.0 0.0 -6.2831854820251465
vn 6.2831854820251465 0.0 0.0
vn 6.2831854820251465 0.0 0.0
vn 3.1415927410125732 0.0 -3.1415927410125732
vn 0.0 0.0 -6.2831854820251465
vn 0.0 0.0 -6.2831854820251465
vn 0.0 -1.2076801567673101e-06 -6.2831854820251465
vn 6.2831854820251465 0.0 0.0
vn 6.2831854820251465 0.0 0.0
vn 3.1415927410125732 0.0 -3.1415927410125732
vn 0.0 0.0 -6.2831854820251465
vn 0.0 0.0 -6.2831854820251465
vn 0.0 -1.207680611514661e-06 -6.2831854820251465
vn 6.2831854820251465 0.0 0.0
vn 6.2831854820251465 0.0 0.0
vn 3.1415927410125732 0.0 -3.1415927410125732
vn 0.0 0.0 -6.2831854820251465
vn 0.0 0.0 -6.2831854820251465
vn 0.0 -1.2076801567673101e-06 -6.2831854820251465
vn 6.2831854820251465 0.0 0.0
vn 6.2831854820251465 0.0 0.0
vn 3.1415927410125732 0.0 -3.1415927410125732
vn 0.0 0.0 -6.2831854820251465
vn 0.0 0.0 -6.2831854820251465
vn 0.0 -1.2076801567673101e-06 -6.2831854820251465
vn 6.2831854820251465 0.0 0.0
vn 6.2831854820251465 0.0 0.0
vn 3.1415927410125732 -1.2076810662620119e-06 -3.1415927410125732
vn 0.0 -2.4153621325240238e-06 -6.2831854820251465
vn 0.0 -2.4153621325240238e-06 -6.2831854820251465
vn 0.0 -1.2076819757567137e-06 -6.2831854820251465
vn 6.2831854820251465 0.0 0.0
vn 6.2831854820251465 0.0 0.0
vn 3.1415927410125732 -1.2076819757567137e-06 -3.1415927410125732
vn 0.0 -2.4153639515134273e-06 -6.2831854820251465
vn 0.0 -2.4153639515134273e-06 -6.2831854820251465
vn 0.0 -1.2076819757567137e-06 -6.2831854820251465
vn 3.1415927410125732 -3.1415927410125732 0.0
vn 6.2831854820251465 0.0 0.0
vn 3.141591787338257 -1.1794952570198802e-06 -3.1415927410125732
vn 0.0 -2.3589905140397605e-06 -6.2831854820251465
vn 0.0 -2.3589905140397605e-06 -6.2831854820251465
vn 0.0 -2.3589905140397605e-06 -6.2831854820251465
vn 0.0 -6.2831854820251465 0.0
vn 0.0 -6.2831854820251465 0.0
vn 6.2831854820251465 0.0 0.0
vn 6.2831854820251465 0.0 0.0
vn 3.1415927410125732 0.0 -3.1415927410125732
vn 0.0 0.0 -6.2831854820251465
vn 0.0 0.0 -6.2831854820251465
vn 0.0 -1.2076819757567137e-06 -6.2831854820251465
vn 0.0 -3.1415927410125732 -3.1415927410125732
vn 0.0 -6.2831854820251465 0.0
vn 0.0 -6.2831854820251465 0.0
vn 0.0 -3.1415927410125732 -3.1415927410125732
vn 0.0 -6.2831854820251465 0.0
vn 0.0 -6.2831854820251465 0.0
vn 6.2831854820251465 0.0 0.0
vn 6.2831854820251465 0.0 0.0
vn 3.1415927410125732 0.0 -3.1415927410125732
vn 0.0 0.0 -6.2831854820251465
vn 0.0 0.0 -6.2831854820251465
vn 0.0 0.0 -6.2831854820251465
vn 6.2831854820251465 0.0 0.0
vn 6.2831854820251465 0.0 0.0
vn 3.1415927410125732 -1.2076801567673101e-06 -3.1415927410125732
vn 0.0 -2.4153603135346202e-06 -6.2831854820251465
vn 0.0 -2.4153603135346202e-06 -6.2831854820251465
vn 0.0 -1.2076801567673101e-06 -6.2831854820251465
vn 0.0 -6.2831854820251465 1.2076819757567137e-06
vn 0.0 -6.2831854820251465 8.919525953388074e-07
vn 0.0 -6.2831854820251465 8.919525953388074e-07
vn 6.2831854820251465 0.0 0.0
vn 6.2831854820251465 0.0 0.0
vn 6.2831854820251465 0.0 0.0
vn 3.1415927410125732 1.207680611514661e-06 3.1415927410125732
vn 0.0 2.415361223029322e-06 6.2831854820251465
vn 0.0 1.207680611514661e-06 6.2831854820251465
vn 6.2831854820251465 0.0 0.0
vn 6.2831854820251465 0.0 0.0
vn 6.2831854820251465 0.0 0.0
vn 3.1415927410125732 0.0 3.1415927410125732
vn 0.0 0.0 6.2831854820251465
vn 0.0 -3.1415927410125732 3.1415934562683105
vn 6.2831854820251465 0.0 0.0
vn 6.2831854820251465 0.0 0.0
vn 6.2831854820251465 0.0 0.0
vn 3.1415927410125732 1.207680611514661e-06 3.1415927410125732
vn 0.0 2.415361223029322e-06 6.2831854820251465
vn 0.0 1.2076810662620119e-06 6.2831854820251465
vn 6.2831854820251465 0.0 0.0
vn 6.2831854820251465 0.0 0.0
vn 6.2831854820251465 0.0 0.0
vn 3.1415927410125732 0.0 3.1415927410125732
vn 0.0 0.0 6.2831854820251465
vn 0.0 0.0 6.2831854820251465
vn 6.2831854820251465 0.0 0.0
vn 6.2831854820251465 0.0 0.0
vn 6.2831854820251465 0.0 0.0
vn 3.1415927410125732 0.0 3.1415927410125732
vn 0.0 0.0 6.2831854820251465
vn 0.0 1.2076801567673101e-06 6.2831854820251465
vn 6.2831854820251465 0.0 0.0
vn 6.2831854820251465 0.0 0.0
vn 6.2831854820251465 0.0 0.0
vn 3.1415927410125732 0.0 3.1415927410125732
vn 0.0 0.0 6.2831854820251465
vn 0.0 1.207680611514661e-06 6.2831854820251465
vn 6.2831854820251465 0.0 0.0
vn 6.2831854820251465 0.0 0.0
vn 6.2831854820251465 0.0 0.0
vn 3.1415927410125732 0.0 3.1415927410125732
vn 0.0 0.0 6.2831854820251465
vn 0.0 1.2076801567673101e-06 6.2831854820251465
vn 6.2831854820251465 0.0 0.0
vn 6.2831854820251465 0.0 0.0
vn 6.2831854820251465 0.0 0.0
vn 3.1415927410125732 0.0 3.1415927410125732
vn 0.0 0.0 6.2831854820251465
vn 0.0 0.0 6.2831854820251465
vn 6.2831854820251465 0.0 0.0
vn 6.2831854820251465 0.0 0.0
vn 6.2831854820251465 0.0 0.0
vn 3.1415929794311523 6.038409878783568e-07 3.1415927410125732
vn 0.0 1.2076819757567137e-06 6.2831854820251465
vn 0.0 1.2076819757567137e-06 6.2831854820251465
vn 6.2831854820251465 0.0 0.0
vn 6.2831854820251465 0.0 0.0
vn 6.2831854820251465 0.0 0.0
vn 3.1415927410125732 1.2076819757567137e-06 3.1415927410125732
vn 0.0 2.4153639515134273e-06 6.2831854820251465
vn 0.0 1.2076819757567137e-06 6.2831854820251465
vn 3.1314480304718018 -3.1415762901306152 0.0
vn 6.2831854820251465 0.0 0.0
vn 6.2831854820251465 0.0 0.0
vn 3.1415934562683105 1.1786513596234727e-06 3.1415927410125732
vn 2.622476957814257e-10 2.357360926907859e-06 6.2831854820251465
vn 0.0 2.3573027192469453e-06 6.2831854820251465
vn -0.020252035930752754 -6.2831525802612305 0.0
vn -0.020252035930752754 -6.2831525802612305 0.0
vn 6.2831854820251465 0.0 0.0
vn 6.2831854820251465 0.0 0.0
vn 6.2831854820251465 0.0 0.0
vn 3.1415927410125732 0.0 3.1415927410125732
vn 0.0 0.0 6.2831854820251465
vn 0.0 1.2076819757567137e-06 6.2831854820251465
vn 0.0 -6.283054828643799 -0.04050343856215477
vn -0.0016956060426309705 -6.283093452453613 -0.033042438328266144
vn 0.0 -3.1415274143218994 3.1213409900665283
vn -0.001701605855487287 -6.283142566680908 -0.022905554622411728
vn -0.01011670846492052 -6.2831525802612305 -0.01011670846492052
vn 0.0 -3.1415762901306152 3.1314852237701416
vn 6.2831854820251465 0.0 0.0
vn 6.2831854820251465 0.0 0.0
vn 6.2831854820251465 0.0 0.0
vn 3.1415927410125732 0.0 3.1415927410125732
vn 0.0 0.0 6.2831854820251465
vn 0.0 0.0 6.2831854820251465
vn 6.2831854820251465 0.0 0.0
vn 6.2831854820251465 0.0 0.0
vn 6.2831854820251465 0.0 0.0
vn 3.1415927410125732 1.2076801567673101e-06 3.1415927410125732
vn 0.0 2.4153603135346202e-06 6.2831854820251465
vn 0.0 1.2076801567673101e-06 6.2831854820251465
vn 0.0 -2.4153639515134273e-06 -6.2831854820251465
vn 0.0 -2.4153639515134273e-06 -6.2831854820251465
vn 0.0 0.0 -6.2831854820251465
vn 0.0 -1.8062160052068066e-06 -6.2831854820251465
vn 0.0 -1.8062160052068066e-06 -6.2831854820251465
vn 0.0 -9.031081731336599e-07 -6.2831854820251465
vn 6.2831854820251465 0.0 0.0
vn 6.2831854820251465 0.0 0.0
vn 6.2831854820251465 0.0 0.0
vn 3.1415927410125732 3.1415927410125732 0.0
vn 6.2831854820251465 0.0 0.0
vn 6.2831854820251465 0.0 0.0
vn 0.0 -2.4153639515134273e-06 -6.2831854820251465
vn 0.0 -2.4153639515134273e-06 -6.2831854820251465
vn 0.0 0.0 -6.2831854820251465
vn 0.0 -1.8062160052068066e-06 -6.2831854820251465
vn 0.0 -1.8062160052068066e-06 -6.2831854820251465
vn 0.0 -9.031081731336599e-07 -6.2831854820251465
vn 3.1415927410125732 3.1415927410125732 0.0
vn 0.0 6.2831854820251465 0.0
vn 0.0 6.2831854820251465 0.0
vn 0.0 0.0 -6.2831854820251465
vn 0.0 0.0 -6.2831854820251465
vn 0.0 -2.4153639515134273e-06 -6.2831854820251465
vn 6.2831854820251465 0.0 0.0
vn 6.2831854820251465 0.0 0.0
vn 6.2831854820251465 0.0 0.0
vn 0.0 6.2831854820251465 0.0
vn 0.0 6.2831854820251465 0.0
vn 0.0 3.141591787338257 -3.1415927410125732
vn 6.2831854820251465 0.0 0.0
vn 6.2831854820251465 0.0 0.0
vn 3.1415934562683105 -1.2076819757567137e-06 -3.1415927410125732
vn 3.1415927410125732 3.1415927410125732 0.0
vn 6.2831854820251465 0.0 0.0
vn 3.1415927410125732 -9.031080026034033e-07 -3.1415927410125732
vn 6.2831854820251465 0.0 0.0
vn 6.2831854820251465 0.0 0.0
vn 3.1415927410125732 0.0 -3.1415927410125732
vn 0.0 6.2831854820251465 0.0
vn 0.0 6.2831854820251465 0.0
vn 0.0 3.141591787338257 -3.1415927410125732
vn 0.0 0.0 -6.2831854820251465
vn 0.0 0.0 -6.2831854820251465
vn 0.0 -2.4153639515134273e-06 -6.2831854820251465
vn 6.012413501739502 1.2759283781051636 -9.115410648519173e-06
vn 6.2831854820251465 -1.5866711692069657e-05 -8.033559424802661e-06
vn 3.141596555709839 0.0 -3.1416006088256836
vn 0.0 -1.5866675312281586e-05 -6.2831854820251465
vn 4.016872480860911e-06 -7.933354027045425e-06 -6.2831854820251465
vn 0.0 -7.933354936540127e-06 -6.2831854820251465
vn 5.741654396057129 2.5518274307250977 1.5842470020288602e-06
vn 5.7416510581970215 2.5518345832824707 -2.5894175905705197e-06
vn 2.8708279132843018 2.551835060119629 -2.870823621749878
vn 2.870820999145508 2.551844596862793 -2.8708271980285645
vn 5.741640567779541 2.551858425140381 1.1158746247019735e-06
vn 4.424744020070648e-06 1.2759159803390503 -6.012418746948242
vn -2.034156750596594e-05 2.55184268951416 -5.741647720336914
vn 6.2831854820251465 -1.5866709873080254e-05 0.0
vn 6.2831854820251465 0.0 0.0
vn 3.1415927410125732 0.0 -3.1415927410125732
vn 0.0 0.0 -6.2831854820251465
vn 0.0 0.0 -6.2831854820251465
vn 0.0 3.1415927410125732 -3.1415927410125732
vn 0.0 2.4153639515134273e-06 6.2831854820251465
vn 0.0 2.4153639515134273e-06 6.2831854820251465
vn 0.0 0.0 6.2831854820251465
vn 0.0 1.8062160052068066e-06 6.2831854820251465
vn 0.0 1.8062160052068066e-06 6.2831854820251465
vn 0.0 9.031081731336599e-07 6.2831854820251465
vn 6.2831854820251465 0.0 0.0
vn 6.2831854820251465 0.0 0.0
vn 6.2831854820251465 0.0 0.0
vn 3.1415927410125732 3.1415927410125732 0.0
vn 6.2831854820251465 0.0 0.0
vn 6.2831854820251465 0.0 0.0
vn 3.141591787338257 1.2076819757567137e-06 3.1415927410125732
vn 0.0 2.4153639515134273e-06 6.2831854820251465
vn 0.0 0.0 6.2831854820251465
vn 0.0 6.2831854820251465 0.0
vn 0.0 6.2831854820251465 0.0
vn 3.1415927410125732 3.1415927410125732 0.0
vn 3.1415927410125732 9.031080026034033e-07 3.1415927410125732
vn 0.0 1.8062160052068066e-06 6.2831854820251465
vn 0.0 9.031081731336599e-07 6.2831854820251465
vn 6.2831854820251465 0.0 0.0
vn 6.2831854820251465 0.0 0.0
vn 6.2831854820251465 0.0 0.0
vn 0.0 0.0 6.2831854820251465
vn 0.0 0.0 6.2831854820251465
vn 0.0 2.4153639515134273e-06 6.2831854820251465
vn 0.0 3.1415915489196777 3.145195960998535
vn 0.0011337627656757832 6.2831830978393555 0.004210450686514378
vn 0.0 6.283181190490723 0.007206756621599197
vn 6.2831854820251465 0.0 0.0
vn 6.2831854820251465 0.0 0.0
vn 6.2831854820251465 0.0 0.0
vn 3.1415927410125732 3.1415927410125732 0.0
vn 6.2831854820251465 0.0 0.0
vn 6.2831854820251465 0.0 0.0
vn 6.2831854820251465 0.0 0.0
vn 6.2831854820251465 0.0 0.0
vn 6.2831854820251465 0.0 0.0
vn 0.0 3.1415934562683105 3.1415927410125732
vn 0.0 6.2831854820251465 0.0
vn 0.0011337627656757832 6.283185005187988 0.0006070722010917962
vn 3.1415927410125732 0.0 3.1415927410125732
vn 0.0 0.0 6.2831854820251465
vn 0.0 2.4153639515134273e-06 6.2831854820251465
vn 6.2831854820251465 -3.173349978169426e-05 0.0
vn 6.2831854820251465 -2.380011574132368e-05 4.01687202611356e-06
vn 6.2831854820251465 -1.5866709873080254e-05 0.0
vn 0.0 -1.5866709873080254e-05 6.2831854820251465
vn 3.664581981865922e-06 -2.350421891605947e-05 6.2831854820251465
vn 0.0 -2.975015013362281e-05 6.2831854820251465
vn 2.8708229064941406 2.551854372024536 2.870797872543335
vn 5.741671562194824 2.5517890453338623 -2.165415935451165e-05
vn 5.741648197174072 2.5518412590026855 -2.4863302314770408e-05
vn 5.741669178009033 2.5517942905426025 8.303579306812026e-06
vn 5.741639137268066 2.5518620014190674 5.9461294767970685e-06
vn 5.741639614105225 2.5518603324890137 3.338188435009215e-06
vn 2.870821475982666 2.5518531799316406 2.870826005935669
vn -1.7514552382635884e-05 2.5518546104431152 5.741641998291016
vn 5.453360245155636e-06 1.2759126424789429 6.012416839599609
vn 6.2831854820251465 0.0 0.0
vn 6.2831854820251465 0.0 0.0
vn 3.1415927410125732 0.0 3.1415927410125732
vn 0.0 0.0 6.2831854820251465
vn 0.0011337627656757832 3.141592502593994 3.142199754714966
vn 0.0 -3.1415927410125732 -3.141591787338257
vn 0.0 -6.2831854820251465 8.91932359081693e-07
vn 0.0 -6.2831854820251465 8.91932359081693e-07
vn 0.0 -2.415361223029322e-06 -6.2831854820251465
vn 0.0 -2.415361223029322e-06 -6.2831854820251465
vn 0.0 -1.207680611514661e-06 -6.2831854820251465
vn 0.0 0.0 -6.2831854820251465
vn 0.0 0.0 -6.2831854820251465
vn 0.0 -2.4153598587872693e-06 -6.2831854820251465
vn 0.0 -2.4153598587872693e-06 -6.2831854820251465
vn 0.0 -1.2076797020199592e-06 -6.2831854820251465
vn 0.0 0.0 -6.2831854820251465
vn 0.0 0.0 -6.2831854820251465
vn 0.0 0.0 -6.2831854820251465
vn 0.0 0.0 -6.2831854820251465
vn 0.0 0.0 -6.2831854820251465
vn 0.0 -1.2076801567673101e-06 -6.2831854820251465
vn 0.0 0.0 -6.2831854820251465
vn 0.0 0.0 -6.2831854820251465
vn 0.0 -1.207680611514661e-06 -6.2831854820251465
vn 0.0 0.0 -6.2831854820251465
vn 0.0 0.0 -6.2831854820251465
vn 0.0 -1.2076801567673101e-06 -6.2831854820251465
vn 0.0 0.0 -6.2831854820251465
vn 0.0 0.0 -6.2831854820251465
vn 0.0 -1.2076801567673101e-06 -6.2831854820251465
vn 0.0 -2.4153621325240238e-06 -6.2831854820251465
vn 0.0 -2.4153621325240238e-06 -6.2831854820251465
vn 0.0 -1.2076819757567137e-06 -6.2831854820251465
vn 0.0 -2.4153639515134273e-06 -6.2831854820251465
vn 0.0 -2.4153639515134273e-06 -6.2831854820251465
vn 0.0 -1.2076819757567137e-06 -6.2831854820251465
vn 0.0 -2.3589905140397605e-06 -6.2831854820251465
vn -4.3892278700496945e-10 -2.3591121589561226e-06 -6.2831854820251465
vn -0.002298209350556135 -6.283151626586914 0.020249387249350548
vn -0.00229458324611187 -6.283168315887451 0.01010739617049694
vn -0.002295183949172497 -3.141575574874878 -3.1314852237701416
vn 0.0 0.0 -6.2831854820251465
vn 0.0 0.0 -6.2831854820251465
vn 0.0 -1.2076819757567137e-06 -6.2831854820251465
vn 0.0 0.0 -6.2831854820251465
vn 0.0 0.0 -6.2831854820251465
vn 0.0 0.0 -6.2831854820251465
vn 0.0 -2.4153603135346202e-06 -6.2831854820251465
vn 0.0 -2.4153603135346202e-06 -6.2831854820251465
vn 0.0 -1.2076801567673101e-06 -6.2831854820251465
vn 0.0 -6.2831854820251465 1.2076819757567137e-06
vn 0.0 -6.2831854820251465 8.919525953388074e-07
vn 0.0 -6.2831854820251465 8.919525953388074e-07
vn 0.0 2.415361223029322e-06 6.2831854820251465
vn 0.0 2.415361223029322e-06 6.2831854820251465
vn 0.0 1.207680611514661e-06 6.2831854820251465
vn 0.0 0.0 6.2831854820251465
vn 0.0 0.0 6.2831854820251465
vn 0.0 -3.1415927410125732 3.1415934562683105
vn 0.0 2.415361223029322e-06 6.2831854820251465
vn 0.0 2.415361223029322e-06 6.2831854820251465
vn 0.0 1.2076810662620119e-06 6.2831854820251465
vn 0.0 0.0 6.2831854820251465
vn 0.0 0.0 6.2831854820251465
vn 0.0 0.0 6.2831854820251465
vn 0.0 0.0 6.2831854820251465
vn 0.0 0.0 6.2831854820251465
vn 0.0 1.2076801567673101e-06 6.2831854820251465
vn 0.0 0.0 6.2831854820251465
vn 0.0 0.0 6.2831854820251465
vn 0.0 1.207680611514661e-06 6.2831854820251465
vn 0.0 0.0 6.2831854820251465
vn 0.0 0.0 6.2831854820251465
vn 0.0 1.2076801567673101e-06 6.2831854820251465
vn 0.0 0.0 6.2831854820251465
vn 0.0 0.0 6.2831854820251465
vn 0.0 0.0 6.2831854820251465
vn 0.0 1.2076819757567137e-06 6.2831854820251465
vn 0.0 1.2076819757567137e-06 6.2831854820251465
vn 0.0 1.2076819757567137e-06 6.2831854820251465
vn 0.0 2.4153639515134273e-06 6.2831854820251465
vn 0.0 2.4153639515134273e-06 6.2831854820251465
vn 0.0 1.2076819757567137e-06 6.2831854820251465
vn 6.351439929552782e-10 2.3552190668851836e-06 6.2831854820251465
vn 0.0 2.355623564653797e-06 6.2831854820251465
vn 0.0 2.355623564653797e-06 6.2831854820251465
vn 0.0 -3.1415274143218994 3.1213409900665283
vn 0.0 -6.283054828643799 -0.04050343856215477
vn 0.0 -6.283054828643799 -0.04050343856215477
vn 0.0 0.0 6.2831854820251465
vn 0.0 0.0 6.2831854820251465
vn 0.0 1.2076819757567137e-06 6.2831854820251465
vn 0.0 0.0 6.2831854820251465
vn 0.0 0.0 6.2831854820251465
vn 0.0 0.0 6.2831854820251465
vn 0.0 2.4153603135346202e-06 6.2831854820251465
vn 0.0 2.4153603135346202e-06 6.2831854820251465
vn 0.0 1.2076801567673101e-06 6.2831854820251465
vn 0.0 -2.4153639515134273e-06 -6.2831854820251465
vn 0.0 -2.4153639515134273e-06 -6.2831854820251465
vn 0.0 0.0 -6.2831854820251465
vn 0.0 -1.8062160052068066e-06 -6.2831854820251465
vn 0.0 -1.8062160052068066e-06 -6.2831854820251465
vn 0.0 -9.031081731336599e-07 -6.2831854820251465
vn 0.0 3.1415927410125732 -3.1415927410125732
vn 0.0 6.2831854820251465 0.0
vn 0.0 6.2831854820251465 0.0
vn 0.0 0.0 -6.2831854820251465
vn 0.0 0.0 -6.2831854820251465
vn 0.0 -2.4153639515134273e-06 -6.2831854820251465
vn -4.0167756196751725e-06 -1.5866675312281586e-05 -6.2831854820251465
vn 0.0 -1.5866675312281586e-05 -6.2831854820251465
vn 0.0 -7.933354936540127e-06 -6.2831854820251465
vn 1.3387576700552017e-06 8.444054401479661e-05 3.752767588593997e-05
vn -1.7972077159811306e-07 2.5518462657928467 -5.741645812988281
vn -2.870823621749878 2.5518486499786377 -2.870820999145508
vn -1.2549456869237474e-06 -2.551816701889038 5.741659164428711
vn -2.870774984359741 -2.551792621612549 2.8708269596099854
vn 0.0 1.2759114503860474 -6.012417316436768
vn 5.778920808552357e-08 2.5518410205841064 -5.741648197174072
vn -1.88443336810451e-05 2.5518476963043213 -5.741645336151123
vn 0.0 0.0 -6.2831854820251465
vn 0.0 0.0 -6.2831854820251465
vn -3.1031503677368164 0.979952871799469 -3.103149175643921
vn -2.3291149773285724e-06 0.979952335357666 -6.206295967102051
vn -4.40895018982701e-06 0.44901400804519653 -6.244473457336426
vn -3.0932083129882812 1.098519206047058 -3.093209981918335
vn -1.0295097752077709e-07 1.0985244512557983 -6.1864094734191895
vn -5.334247816790594e-06 1.0985116958618164 -6.1864118576049805
vn -3.0932066440582275 1.0985102653503418 -3.0932066440582275
vn -4.0435634218738414e-06 1.0985101461410522 -6.1864118576049805
vn -2.1318558083294192e-06 1.039231777191162 -6.196353912353516
vn -3.141280174255371 0.08868169784545898 -3.141280174255371
vn 0.0 0.0886816754937172 -6.282559394836426
vn 0.0 0.6374768614768982 -6.226372241973877
vn -3.1415927410125732 0.0 -3.1415927410125732
vn 0.0 0.0 -6.2831854820251465
vn 0.0 0.04434022679924965 -6.282872200012207
vn -3.0850863456726074 1.1862740516662598 -3.0850861072540283
vn 3.8245320865826216e-06 1.1862728595733643 -6.170184135437012
vn 5.822037110192468e-06 1.1424036026000977 -6.178296089172363
vn -3.589690550143132e-06 -1.3169443607330322 -0.27052727341651917
vn -2.9050629564153496e-06 -0.08192814141511917 -6.282650947570801
vn 3.1413254737854004 -0.08192470669746399 -3.1413257122039795
vn 0.0 2.4153639515134273e-06 6.2831854820251465
vn 0.0 2.4153639515134273e-06 6.2831854820251465
vn 0.0 0.0 6.2831854820251465
vn 0.0 1.8062160052068066e-06 6.2831854820251465
vn 0.0 1.8062160052068066e-06 6.2831854820251465
vn 0.0 9.031081731336599e-07 6.2831854820251465
vn 0.0013671874767169356 6.283168315887451 0.014436077326536179
vn 0.0013634692877531052 6.283174514770508 0.010810120031237602
vn 0.0013645817525684834 3.1415841579437256 3.148799180984497
vn 0.0 0.0 6.2831854820251465
vn 0.0 0.0 6.2831854820251465
vn 0.0 2.4153639515134273e-06 6.2831854820251465
vn 0.0 -2.975015013362281e-05 6.2831854820251465
vn 0.0 -1.5866709873080254e-05 6.2831854820251465
vn -8.938938663050067e-06 2.5518484115600586 5.741644859313965
vn 2.585535867183353e-06 2.5518510341644287 5.741643905639648
vn 1.0791845284074952e-07 1.6635045540169813e-05 -7.393328814941924e-06
vn -2.8708672523498535 -2.5516202449798584 -2.8708279132843018
vn -7.054729849187424e-06 -2.5519320964813232 -5.741607666015625
vn 0.0 1.275910496711731 6.012414932250977
vn 1.135639649874065e-06 2.5518524646759033 5.74164342880249
vn -8.655731107864995e-06 2.5518505573272705 5.741643905639648
vn 0.0 0.0 6.2831854820251465
vn 0.0 0.0 6.2831854820251465
vn 3.5105546203340054e-07 0.4489975869655609 6.244476795196533
vn -5.4488814384967554e-06 0.9799029231071472 6.20630407333374
vn -3.1031482219696045 0.9799317121505737 3.103149175643921
vn 3.0932095050811768 1.0984737873077393 3.0932095050811768
vn 5.37665982847102e-06 1.0984723567962646 6.186418533325195
vn 4.991803962184349e-06 1.0984662771224976 6.18641996383667
vn 3.0932044982910156 1.0984750986099243 3.093204975128174
vn -1.9266492472524988e-06 1.0984643697738647 6.18641996383667
vn -1.125740436691558e-05 1.0391838550567627 6.196362018585205
vn 3.1412792205810547 0.0886816754937172 3.141280174255371
vn 0.0 0.0886816754937172 6.282559394836426
vn 0.0 0.637451708316803 6.226376533508301
vn 3.1415929794311523 6.709401532134507e-07 3.1415927410125732
vn 0.0 1.3418803064269014e-06 6.2831854820251465
vn 0.0 0.04434279352426529 6.282872200012207
vn 6.298947482719086e-06 1.1423511505126953 6.178305625915527
vn 4.630117018677993e-06 1.1862292289733887 6.170192718505859
vn -3.0850884914398193 1.1862523555755615 3.0850961208343506
vn 3.141322612762451 -0.08191104233264923 3.1413228511810303
vn -3.1098488761927e-06 -0.0819140076637268 6.282651424407959
vn -9.37999902816955e-06 -1.316977858543396 0.27054691314697266
vn 0.0 0.0 -6.2831854820251465
vn 0.0 0.0 -6.2831854820251465
vn 0.0 -3.1415762901306152 -3.1314852237701416
vn -6.2831854820251465 0.0 0.0
vn -6.2831854820251465 0.0 0.0
vn -6.2831854820251465 0.0 0.0
vn -3.1415927410125732 0.0 -3.1415927410125732
vn 0.0 0.0 -6.2831854820251465
vn 0.0 -3.1415762901306152 -3.1314852237701416
vn 0.0 0.0 -6.2831854820251465
vn 0.0 0.0 -6.2831854820251465
vn 6.2831854820251465 0.0 0.0
vn 6.2831854820251465 0.0 0.0
vn 6.2831854820251465 0.0 0.0
vn 6.2831854820251465 0.0 0.0
vn 6.2831854820251465 0.0 0.0
vn 3.1415927410125732 0.0 -3.1415927410125732
vn 0.0 0.0 -6.2831854820251465
vn 0.0 0.0 -6.2831854820251465
vn -6.2831854820251465 0.0 0.0
vn -6.2831854820251465 0.0 0.0
vn 0.0 0.0 6.2831854820251465
vn 0.0 0.0 6.2831854820251465
vn 0.0 -3.1415274143218994 3.1213409900665283
vn -6.2831854820251465 0.0 0.0
vn -6.2831854820251465 0.0 0.0
vn 0.0 0.0 6.2831854820251465
vn 0.0 0.0 6.2831854820251465
vn 0.0 -3.1415762901306152 3.1314852237701416
vn 6.2831854820251465 0.0 0.0
vn 6.2831854820251465 0.0 0.0
vn 6.2831854820251465 0.0 0.0
vn 0.0 0.0 6.2831854820251465
vn 0.0 0.0 6.2831854820251465
vn 6.2831854820251465 0.0 0.0
vn 6.2831854820251465 0.0 0.0
vn 6.2831854820251465 0.0 0.0
vn 3.1415927410125732 0.0 3.1415927410125732
vn 0.0 0.0 6.2831854820251465
vn 0.0 -6.2831854820251465 0.0
vn 0.0 -6.2831854820251465 1.2076819757567137e-06
vn -3.141592264175415 -3.1415927410125732 6.038409878783568e-07
vn -6.2831854820251465 0.0 0.0
vn -6.2831854820251465 0.0 0.0
vn -6.2831854820251465 0.0 0.0
vn -6.2831854820251465 0.0 0.0
vn -6.2831854820251465 0.0 0.0
vn -6.2831854820251465 0.0 0.0
vn -6.2831854820251465 0.0 0.0
vn -6.2831854820251465 0.0 0.0
vn -6.2831854820251465 0.0 0.0
vn -6.2831854820251465 0.0 0.0
vn -6.2831854820251465 0.0 0.0
vn -6.2831854820251465 0.0 0.0
vn -6.2831854820251465 0.0 0.0
vn -6.2831854820251465 0.0 0.0
vn -6.2831854820251465 0.0 0.0
vn -6.2831854820251465 0.0 0.0
vn -6.2831854820251465 0.0 0.0
vn -6.2831854820251465 0.0 0.0
vn -6.2831854820251465 0.0 0.0
vn -6.2831854820251465 0.0 0.0
vn -6.2831854820251465 0.0 0.0
vn -6.2831854820251465 0.0 0.0
vn -6.2831854820251465 0.0 0.0
vn -6.2831854820251465 0.0 0.0
vn -6.2831854820251465 0.0 0.0
vn -6.2831854820251465 0.0 0.0
vn -6.2831854820251465 0.0 0.0
vn -6.2831854820251465 0.0 0.0
vn -6.2831854820251465 0.0 0.0
vn -6.2831854820251465 0.0 0.0
vn -6.2831854820251465 0.0 0.0
vn -6.2831854820251465 0.0 0.0
vn -6.2831854820251465 0.0 0.0
vn -6.2831854820251465 0.0 0.0
vn -6.2831854820251465 0.0 0.0
vn 0.040503405034542084 -6.283054828643799 0.0
vn -3.1213409900665283 -3.1415274143218994 0.0
vn -6.2831854820251465 0.0 0.0
vn -6.2831854820251465 0.0 0.0
vn -6.2831854820251465 0.0 0.0
vn -6.2831854820251465 0.0 0.0
vn -6.2831854820251465 0.0 0.0
vn -6.2831854820251465 0.0 0.0
vn -6.2831854820251465 0.0 0.0
vn -6.2831854820251465 0.0 0.0
vn -6.2831854820251465 0.0 0.0
vn -6.2831854820251465 0.0 0.0
vn -6.2831854820251465 0.0 0.0
vn -6.2831854820251465 0.0 0.0
vn -6.2831854820251465 0.0 0.0
vn -6.2831854820251465 0.0 0.0
vn -6.2831854820251465 0.0 0.0
vn -3.145195960998535 3.1415905952453613 0.0
vn -0.010810076259076595 6.283174514770508 -0.0013634692877531052
vn -6.2831854820251465 -7.933354936540127e-06 0.0
vn -6.2831854820251465 -1.5866675312281586e-05 0.0
vn -6.2831854820251465 -1.5866675312281586e-05 -4.016776983917225e-06
vn 2.8707799911499023 -2.551887035369873 2.8707938194274902
vn 5.741649150848389 -2.5518393516540527 -1.6700436162864207e-06
vn -0.2705371379852295 -1.3169656991958618 -3.589744892451563e-06
vn -2.8708322048187256 2.551846504211426 2.870821952819824
vn -5.741645336151123 2.5518479347229004 -2.0551142370095477e-06
vn -5.741643905639648 2.5518505573272705 -4.471844931686064e-06
vn -6.012416362762451 1.2759133577346802 0.0
vn -5.741647720336914 2.551842212677002 -1.5630188272552914e-06
vn -5.741647243499756 2.5518436431884766 -2.0773768483195454e-06
vn -3.148799180984497 3.1415841579437256 -0.0013645817525684834
vn -6.2831854820251465 0.0 0.0
vn -6.2831854820251465 0.0 0.0
vn -6.244473457336426 0.44901564717292786 -4.1624207369750366e-06
vn -6.206295967102051 0.9799531102180481 -3.346489620525972e-06
vn -6.186411380767822 1.0985140800476074 -6.552884315169649e-06
vn -6.186408996582031 1.0985265970230103 -8.79467336289963e-07
vn -6.196353912353516 1.0392308235168457 -4.021118456876138e-06
vn -6.1864118576049805 1.098510503768921 -5.132189016876509e-06
vn -6.226371765136719 0.6374781131744385 0.0
vn -6.282559394836426 0.0886816754937172 0.0
vn -6.282872200012207 0.04434022679924965 0.0
vn -6.2831854820251465 0.0 0.0
vn -6.178295612335205 1.1424047946929932 5.822043931402732e-06
vn -6.170184135437012 1.1862740516662598 3.824534815066727e-06
vn -3.1413283348083496 -0.08192431926727295 -3.1413283348083496
vn -6.282650947570801 -0.0819266065955162 -2.905060000557569e-06
vn 0.0 -6.2831854820251465 0.0
vn 0.0 -6.2831854820251465 1.2076819757567137e-06
vn 0.0 -6.2831854820251465 1.2076819757567137e-06
vn 6.2831854820251465 0.0 0.0
vn 6.2831854820251465 0.0 0.0
vn 6.2831854820251465 0.0 0.0
vn 6.2831854820251465 0.0 0.0
vn 6.2831854820251465 0.0 0.0
vn 6.2831854820251465 0.0 0.0
vn 6.2831854820251465 0.0 0.0
vn 6.2831854820251465 0.0 0.0
vn 6.2831854820251465 0.0 0.0
vn 6.2831854820251465 0.0 0.0
vn 6.2831854820251465 0.0 0.0
vn 6.2831854820251465 0.0 0.0
vn 6.2831854820251465 0.0 0.0
vn 6.2831854820251465 0.0 0.0
vn 6.2831854820251465 0.0 0.0
vn 6.2831854820251465 0.0 0.0
vn 6.2831854820251465 0.0 0.0
vn 6.2831854820251465 0.0 0.0
vn 6.2831854820251465 0.0 0.0
vn 6.2831854820251465 0.0 0.0
vn 6.2831854820251465 0.0 0.0
vn 6.2831854820251465 0.0 0.0
vn 6.2831854820251465 0.0 0.0
vn 6.2831854820251465 0.0 0.0
vn 6.2831854820251465 0.0 0.0
vn 6.2831854820251465 0.0 0.0
vn 6.2831854820251465 0.0 0.0
vn 6.2831854820251465 0.0 0.0
vn 6.2831854820251465 0.0 0.0
vn 6.2831854820251465 0.0 0.0
vn 6.2831854820251465 0.0 0.0
vn 6.2831854820251465 0.0 0.0
vn 6.2831854820251465 0.0 0.0
vn 6.2831854820251465 0.0 0.0
vn 6.2831854820251465 0.0 0.0
vn 3.1314852237701416 -3.141575574874878 0.0022951834835112095
vn -0.01010739617049694 -6.283168315887451 0.0022945827804505825
vn -0.020249387249350548 -6.283151626586914 0.0022982084192335606
vn 6.2831854820251465 0.0 0.0
vn 6.2831854820251465 0.0 0.0
vn 6.2831854820251465 0.0 0.0
vn 6.2831854820251465 0.0 0.0
vn 6.2831854820251465 0.0 0.0
vn 6.2831854820251465 0.0 0.0
vn 6.2831854820251465 0.0 0.0
vn 6.2831854820251465 0.0 0.0
vn 6.2831854820251465 0.0 0.0
vn 3.1415927410125732 3.1415927410125732 0.0
vn 6.2831854820251465 0.0 0.0
vn 6.2831854820251465 0.0 0.0
vn 6.2831854820251465 0.0 0.0
vn 6.2831854820251465 0.0 0.0
vn 6.2831854820251465 0.0 0.0
vn 0.0 6.2831854820251465 0.0
vn 0.0 6.2831854820251465 0.0
vn 3.1415927410125732 3.1415927410125732 0.0
vn 6.0124125480651855 1.275914192199707 0.0
vn 6.2831854820251465 -3.173349978169426e-05 0.0
vn 6.2831854820251465 -3.173349978169426e-05 0.0
vn 0.2705075740814209 -1.3168892860412598 -9.379348739457782e-06
vn -5.7416863441467285 -2.551754951477051 -7.052984983602073e-06
vn -4.0245366108138114e-05 9.05567649169825e-05 -2.7060071516871176e-08
vn 5.7416534423828125 2.5518293380737305 7.931527647997427e-07
vn 5.741645812988281 2.551846504211426 0.0
vn 5.741640090942383 2.551859140396118 0.0
vn 5.741640090942383 2.5518593788146973 1.9934518604713958e-06
vn 6.2831854820251465 -1.5866709873080254e-05 0.0
vn 6.2831854820251465 0.0 0.0
vn 6.2831854820251465 0.0 0.0
vn 3.103151559829712 0.9799314737319946 -3.1031486988067627
vn 6.20630407333374 0.9799006581306458 -5.448885531222913e-06
vn 6.244476795196533 0.44899681210517883 3.5105480833408365e-07
vn 6.178305625915527 1.1423499584197998 6.298938842519419e-06
vn 6.186418533325195 1.0984723567962646 5.37665982847102e-06
vn 3.093212366104126 1.098501443862915 -3.09320068359375
vn 6.18641996383667 1.098465085029602 4.991798959963489e-06
vn 6.18641996383667 1.0984643697738647 -1.926647428263095e-06
vn 3.0932061672210693 1.0984801054000854 -3.09320330619812
vn 6.282872200012207 0.04434022679924965 0.0
vn 6.282559394836426 0.0886816754937172 0.0
vn 3.141280174255371 0.08868169784545898 -3.141280174255371
vn 3.1415927410125732 3.1415927410125732 0.0
vn 6.2831854820251465 0.0 0.0
vn 3.1415927410125732 0.0 -3.1415927410125732
vn 3.085096836090088 1.1862506866455078 -3.0850887298583984
vn 6.170193195343018 1.1862268447875977 4.630107014236273e-06
vn 6.282651424407959 -0.08191477507352829 -3.1098504678084282e-06
vn -6.2831854820251465 0.0 0.0
vn -6.2831854820251465 0.0 0.0
vn 6.2831854820251465 0.0 0.0
vn 6.2831854820251465 0.0 0.0
vn 6.2831854820251465 0.0 0.0
vn 0.0 -6.2831854820251465 0.0
vn 0.0 -6.2831854820251465 1.2076819757567137e-06
vn 0.0 -6.2831854820251465 1.2076819757567137e-06
vn 0.0 3.1415927410125732 3.1415927410125732
vn 0.0 6.2831854820251465 0.0
vn -3.1415927410125732 3.1415927410125732 0.0
vn 0.0 0.0 -6.2831854820251465
vn 0.0 0.0 -6.2831854820251465
vn 0.0 -3.1415927410125732 -3.1415927410125732
vn 0.0 0.0 6.2831854820251465
vn 0.0 0.0 6.2831854820251465
vn 0.0 -3.1415274143218994 3.1213409900665283
vn -3.1287901401519775 -3.141566038131714 0.0016996684717014432
vn -8.636464876587979e-10 -2.356752702326048e-06 -6.2831854820251465
vn -3.1415927410125732 1.207680611514661e-06 3.1415927410125732
vn -3.1415927410125732 0.0 3.1415927410125732
vn -3.1415927410125732 1.207680611514661e-06 3.1415927410125732
vn -3.1415927410125732 0.0 3.1415927410125732
vn -3.1415927410125732 0.0 3.1415927410125732
vn -3.1415927410125732 0.0 3.1415927410125732
vn -3.1415927410125732 0.0 3.1415927410125732
vn -3.1415927410125732 0.0 3.1415927410125732
vn -3.1415929794311523 6.038409878783568e-07 3.1415927410125732
vn -3.1415927410125732 1.2076819757567137e-06 3.1415927410125732
vn -6.2831854820251465 0.0 0.0
vn -6.351296155671093e-10 2.3552190668851836e-06 6.2831854820251465
vn -3.1415927410125732 0.0 3.1415927410125732
vn -3.1415927410125732 0.0 3.1415927410125732
vn -3.1415927410125732 1.2076801567673101e-06 3.1415927410125732
vn 0.0 3.141591787338257 -3.1415927410125732
vn 0.0 3.141591787338257 -3.1415927410125732
vn -5.7416462898254395 2.5518453121185303 3.792089728449355e-06
vn -1.6952946680248715e-05 2.5518360137939453 -5.741650581359863
vn 0.0 3.141585350036621 3.148799419403076
vn -3.141591787338257 1.2076819757567137e-06 3.1415927410125732
vn -3.1458020210266113 3.141589641571045 0.0011365218088030815
vn 0.0 3.1415915489196777 3.145195960998535
vn -3.1415927410125732 9.031080026034033e-07 3.1415927410125732
vn -3.1415927410125732 0.0 3.1415927410125732
vn -3.1416006088256836 0.0 3.141596555709839
vn -6.012417316436768 1.2759199142456055 4.424731741892174e-06
vn 0.0 0.0 6.2831854820251465
vn 3.1415929794311523 -3.1415927410125732 4.459661795408465e-07
vn 0.0 -3.1415927410125732 -3.1415927410125732
vn 3.1415927410125732 -3.1415927410125732 0.0
vn 0.0 -6.2831854820251465 0.0
vn 3.1415927410125732 -3.1415927410125732 0.0
vn 3.141592264175415 -3.1415927410125732 4.459762976694037e-07
vn -0.0016997073544189334 -3.141566038131714 3.1287903785705566
vn 3.1314852237701416 -3.1415762901306152 0.0
vn 3.1314852237701416 -3.1415762901306152 0.0
vn 0.0 6.2831854820251465 0.0
vn 5.74164342880249 2.551851511001587 8.337743793163099e-07
vn 2.870800733566284 2.5518574714660645 -2.870823621749878
vn 6.012413024902344 1.2759209871292114 6.55444409858319e-06
vn 3.141596555709839 -1.5866742614889517e-05 3.141596555709839
vn 2.8708369731903076 2.551800012588501 2.870824098587036
vn -1.873032124422025e-05 2.5518596172332764 5.741640090942383
vn 0.0 3.141591787338257 -3.1415927410125732
vn 1.1561350987676633e-07 2.551844596862793 -5.741646766662598
vn 0.0 3.1415927410125732 -3.1415927410125732
vn 0.0 3.1415915489196777 3.145195960998535
vn 1.2705928611467243e-06 2.5518529415130615 5.741642951965332
vn 2.8708150386810303 -2.551908016204834 -2.870755910873413
vn 3.10314679145813 0.9798921942710876 3.103147268295288
vn -3.093200445175171 1.0985026359558105 3.093212366104126
vn -3.0932023525238037 1.0984803438186646 3.093205690383911
vn -3.1412792205810547 0.0886816754937172 3.141280174255371
vn -3.1415929794311523 6.709401532134507e-07 3.1415927410125732
vn 3.0850977897644043 1.1862263679504395 3.085097551345825
vn -3.1413254737854004 -0.08192354440689087 3.1413254737854004
vn -3.1415927410125732 0.0 3.1415927410125732
vn -3.1213409900665283 -3.1415274143218994 0.0
vn 3.5956811188953e-05 8.090610208455473e-05 2.247561042167945e-06
vn 3.141592264175415 -3.1415927410125732 6.038409878783568e-07
vn 3.1415927410125732 -3.1415927410125732 0.0
vn 6.196362018585205 1.0391827821731567 -1.0593484148557764e-05
vn 6.226377010345459 0.637451708316803 0.0
s 1 
g pMesh1
usemtl defaultMat
f  3/1/3 370/2/370 369/3/369
f  6/4/6 373/5/373 372/6/372
f  7/7/7 375/8/375 374/9/374
f  2/10/2 377/11/377 371/12/371
f  5/13/5 379/14/379 378/15/378
f  12/16/12 381/17/381 380/18/380
f  13/19/13 383/20/383 382/21/382
f  18/22/18 386/23/386 385/24/385
f  19/25/19 388/26/388 387/27/387
f  14/28/14 391/29/391 390/30/390
f  17/31/17 393/32/393 392/33/392
f  8/34/8 396/35/396 395/36/395
f  11/37/11 398/38/398 397/39/397
f  24/40/24 401/41/401 400/42/400
f  25/43/25 403/44/403 402/45/402
f  30/46/30 406/47/406 405/48/405
f  31/49/31 408/50/408 407/51/407
f  26/52/26 411/53/411 410/54/410
f  29/55/29 413/56/413 412/57/412
f  39/58/39 416/59/416 415/60/415
f  40/61/40 418/62/418 417/63/417
f  47/64/47 421/65/421 420/66/420
f  48/67/48 423/68/423 422/69/422
f  36/70/36 426/71/426 425/72/425
f  41/73/41 429/74/429 428/75/428
f  46/76/46 431/77/431 430/78/430
f  44/79/44 434/80/434 433/81/433
f  35/82/35 437/83/437 436/84/436
f  32/85/32 440/86/440 439/87/439
f  38/88/38 442/89/442 441/90/441
f  20/91/20 445/92/445 444/93/444
f  23/94/23 447/95/447 446/96/446
f  54/97/54 450/98/450 449/99/449
f  57/100/57 453/101/453 452/102/452
f  61/103/61 456/104/456 455/105/455
f  53/106/53 458/107/458 451/108/451
f  60/109/60 461/110/461 460/111/460
f  63/112/63 464/113/464 463/114/463
f  67/115/67 467/116/467 466/117/466
f  69/118/69 470/119/470 469/120/469
f  73/121/73 473/122/473 472/123/472
f  65/124/65 476/125/476 475/126/475
f  72/127/72 479/128/479 478/129/478
f  59/130/59 482/131/482 481/132/481
f  66/133/66 485/134/485 484/135/484
f  75/136/75 488/137/488 487/138/487
f  79/139/79 491/140/491 490/141/490
f  81/142/81 494/143/494 493/144/493
f  85/145/85 497/146/497 496/147/496
f  77/148/77 500/149/500 499/150/499
f  84/151/84 503/152/503 502/153/502
f  90/154/90 506/155/506 505/156/505
f  94/157/94 509/158/509 508/159/508
f  95/160/95 512/161/512 511/162/511
f  99/163/99 515/164/515 514/165/514
f  97/166/97 518/167/518 517/168/517
f  92/169/92 521/170/521 520/171/520
f  99/172/99 524/173/524 523/174/523
f  100/175/100 527/176/527 526/177/526
f  98/178/98 530/179/530 529/180/529
f  83/181/83 533/182/533 532/183/532
f  93/184/93 536/185/536 535/186/535
f  71/187/71 539/188/539 538/189/538
f  78/190/78 542/191/542 541/192/541
f  106/193/106 545/194/545 544/195/544
f  112/196/112 548/197/548 547/198/547
f  116/199/116 551/200/551 550/201/550
f  120/202/120 554/203/554 553/204/553
f  104/205/104 557/206/557 556/207/556
f  110/208/110 560/209/560 559/210/559
f  124/211/124 563/212/563 562/213/562
f  119/214/119 566/215/566 565/216/565
f  108/217/108 569/218/569 568/219/568
f  105/220/105 572/221/572 571/222/571
f  111/223/111 574/224/574 573/225/573
f  125/226/125 576/227/576 575/228/575
f  107/229/107 579/230/579 578/231/578
f  123/232/123 582/233/582 581/234/581
f  109/235/109 584/236/584 580/237/580
f  127/238/127 587/239/587 586/240/586
f  128/241/128 589/242/589 588/243/588
f  133/244/133 592/245/592 591/246/591
f  129/247/129 595/248/595 594/249/594
f  132/250/132 597/251/597 596/252/596
f  124/253/124 600/254/600 599/255/599
f  126/256/126 602/257/602 601/258/601
f  145/259/145 604/260/604 603/261/603
f  151/262/151 607/263/607 606/264/606
f  159/265/159 610/266/610 609/267/609
f  166/268/166 613/269/613 612/270/612
f  157/271/157 616/272/616 615/273/615
f  153/274/153 619/275/619 618/276/618
f  164/277/164 622/278/622 621/279/621
f  147/280/147 625/281/625 624/282/624
f  165/283/165 628/284/628 627/285/627
f  148/286/148 631/287/631 630/288/630
f  154/289/154 634/290/634 633/291/633
f  164/292/164 637/293/637 636/294/636
f  149/295/149 640/296/640 639/297/639
f  155/298/155 643/299/643 642/300/642
f  163/301/163 646/302/646 645/303/645
f  168/304/168 649/305/649 648/306/648
f  172/307/172 652/308/652 651/309/651
f  176/310/176 655/311/655 654/312/654
f  169/313/169 658/314/658 657/315/657
f  172/316/172 660/317/660 659/318/659
f  160/319/160 663/320/663 662/321/662
f  162/322/162 664/323/664 638/324/638
f  187/325/187 667/326/667 666/327/666
f  194/328/194 670/329/670 669/330/669
f  190/331/190 673/332/673 672/333/672
f  192/334/192 676/335/676 675/336/675
f  189/337/189 679/338/679 678/339/678
f  200/340/200 681/341/681 680/342/680
f  196/343/196 684/344/684 683/345/683
f  206/346/206 687/347/687 686/348/686
f  202/349/202 690/350/690 689/351/689
f  204/352/204 693/353/693 692/354/692
f  201/355/201 696/356/696 695/357/695
f  198/358/198 699/359/699 698/360/698
f  195/361/195 702/362/702 701/363/701
f  212/364/212 705/365/705 704/366/704
f  208/367/208 708/368/708 707/369/707
f  218/370/218 711/371/711 710/372/710
f  214/373/214 714/374/714 713/375/713
f  216/376/216 717/377/717 716/378/716
f  213/379/213 720/380/720 719/381/719
f  224/382/224 723/383/723 722/384/722
f  220/385/220 726/386/726 725/387/725
f  232/388/232 729/389/729 728/390/728
f  228/391/228 732/392/732 731/393/731
f  234/394/234 735/395/735 734/396/734
f  230/397/230 737/398/737 736/399/736
f  227/400/227 740/401/740 739/402/739
f  226/403/226 743/404/743 742/405/742
f  233/406/233 746/407/746 745/408/745
f  222/409/222 749/410/749 748/411/748
f  219/412/219 752/413/752 751/414/751
f  210/415/210 755/416/755 754/417/754
f  207/418/207 758/419/758 757/420/757
f  238/421/238 761/422/761 760/423/760
f  245/424/245 764/425/764 763/426/763
f  245/427/245 767/428/767 766/429/766
f  243/430/243 770/431/770 769/432/769
f  243/433/243 773/434/773 772/435/772
f  251/436/251 776/437/776 775/438/775
f  251/439/251 779/440/779 778/441/778
f  257/442/257 782/443/782 781/444/781
f  257/445/257 785/446/785 784/447/784
f  255/448/255 788/449/788 787/450/787
f  255/451/255 791/452/791 790/453/790
f  249/454/249 794/455/794 793/456/793
f  249/457/249 797/458/797 796/459/796
f  263/460/263 800/461/800 799/462/799
f  263/463/263 803/464/803 802/465/802
f  269/466/269 806/467/806 805/468/805
f  269/469/269 809/470/809 808/471/808
f  267/472/267 812/473/812 811/474/811
f  267/475/267 815/476/815 814/477/814
f  275/478/275 818/479/818 817/480/817
f  275/481/275 821/482/821 820/483/820
f  281/484/281 824/485/824 823/486/823
f  281/487/281 827/488/827 826/489/826
f  280/490/280 829/491/829 823/492/823
f  279/493/279 832/494/832 831/495/831
f  279/496/279 835/497/835 834/498/834
f  277/499/277 838/500/838 837/501/837
f  281/502/281 841/503/841 840/504/840
f  273/505/273 844/506/844 843/507/843
f  273/508/273 847/509/847 846/510/846
f  261/511/261 850/512/850 849/513/849
f  261/514/261 853/515/853 852/516/852
f  288/517/288 856/518/856 855/519/855
f  292/520/292 859/521/859 858/522/858
f  303/523/303 862/524/862 861/525/861
f  309/526/309 865/527/865 864/528/864
f  290/529/290 868/530/868 867/531/867
f  294/532/294 871/533/871 870/534/870
f  297/535/297 874/536/874 873/537/873
f  291/538/291 877/539/877 876/540/876
f  307/541/307 880/542/880 879/543/879
f  295/544/295 883/545/883 882/546/882
f  302/547/302 886/548/886 885/549/885
f  308/550/308 889/551/889 888/552/888
f  306/553/306 892/554/892 891/555/891
f  296/556/296 895/557/895 894/558/894
f  293/559/293 898/560/898 897/561/897
f  315/562/315 901/563/901 900/564/900
f  311/565/311 904/566/904 903/567/903
f  320/568/320 907/569/907 906/570/906
f  319/571/319 910/572/910 909/573/909
f  311/574/311 912/575/912 911/576/911
f  313/577/313 914/578/914 913/579/913
f  310/580/310 917/581/917 916/582/916
f  331/583/331 920/584/920 919/585/919
f  338/586/338 923/587/923 922/588/922
f  342/589/342 926/590/926 925/591/925
f  348/592/348 929/593/929 928/594/928
f  344/595/344 932/596/932 931/597/931
f  348/598/348 935/599/935 934/600/934
f  350/601/350 938/602/938 937/603/937
f  346/604/346 941/605/941 940/606/940
f  337/607/337 944/608/944 943/609/943
f  338/610/338 947/611/947 946/612/946
f  344/613/344 950/614/950 949/615/949
f  350/616/350 953/617/953 952/618/952
f  349/619/349 956/620/956 955/621/955
f  350/622/350 959/623/959 958/624/958
f  349/625/349 962/626/962 961/627/961
f  355/628/355 965/629/965 964/630/964
f  354/631/354 968/632/968 967/633/967
f  358/634/358 971/635/971 970/636/970
f  361/637/361 974/638/974 973/639/973
f  361/640/361 977/641/977 976/642/976
f  354/643/354 979/644/979 966/645/966
f  354/646/354 982/647/982 981/648/981
f  185/649/185 985/650/985 984/651/984
f  10/652/10 988/653/988 987/654/987
f  9/655/9 991/656/991 990/657/990
f  16/658/16 993/659/993 992/660/992
f  22/661/22 996/662/996 995/663/995
f  21/664/21 999/665/999 998/666/998
f  15/667/15 1002/668/1002 1001/669/1001
f  28/670/28 1005/671/1005 1004/672/1004
f  34/673/34 1008/674/1008 1007/675/1007
f  33/676/33 1011/677/1011 1010/678/1010
f  43/679/43 1014/680/1014 1013/681/1013
f  50/682/50 1017/683/1017 1016/684/1016
f  45/685/45 1019/686/1019 1018/687/1018
f  50/688/50 1022/689/1022 1021/690/1021
f  42/691/42 1025/692/1025 1024/693/1024
f  27/694/27 1028/695/1028 1027/696/1027
f  236/697/236 1031/698/1031 1030/699/1030
f  241/700/241 1034/701/1034 1033/702/1033
f  240/703/240 1037/704/1037 1036/705/1036
f  247/706/247 1040/707/1040 1039/708/1039
f  253/709/253 1043/710/1043 1042/711/1042
f  252/712/252 1046/713/1046 1045/714/1045
f  246/715/246 1049/716/1049 1048/717/1048
f  259/718/259 1052/719/1052 1051/720/1051
f  265/721/265 1055/722/1055 1054/723/1054
f  264/724/264 1058/725/1058 1057/726/1057
f  271/727/271 1061/728/1061 1060/729/1060
f  277/730/277 1064/731/1064 1063/732/1063
f  277/733/277 1067/734/1067 1066/735/1066
f  276/736/276 1070/737/1070 1069/738/1069
f  270/739/270 1073/740/1073 1072/741/1072
f  258/742/258 1076/743/1076 1075/744/1075
f  118/745/118 1079/746/1079 1078/747/1078
f  122/748/122 1082/749/1082 1081/750/1081
f  295/751/295 1085/752/1085 1084/753/1084
f  121/754/121 1088/755/1088 1087/756/1087
f  131/757/131 1091/758/1091 1090/759/1090
f  317/760/317 1094/761/1094 1093/762/1093
f  135/763/135 1096/764/1096 1093/765/1093
f  131/766/131 1099/767/1099 1098/768/1098
f  130/769/130 1102/770/1102 1101/771/1101
f  138/772/138 1104/773/1104 1103/774/1103
f  140/775/140 1107/776/1107 1106/777/1106
f  139/778/139 1110/779/1110 1109/780/1109
f  142/781/142 1113/782/1113 1112/783/1112
f  143/784/143 1116/785/1116 1115/786/1115
f  141/787/141 1119/788/1119 1118/789/1118
f  136/790/136 1122/791/1122 1121/792/1121
f  329/793/329 1125/794/1125 1124/795/1124
f  336/796/336 1128/797/1128 1127/798/1127
f  166/799/166 1131/800/1131 1130/801/1130
f  335/802/335 1134/803/1134 1133/804/1133
f  352/805/352 1136/806/1136 969/807/969
f  176/808/176 1139/809/1139 1138/810/1138
f  359/811/359 1142/812/1142 1141/813/1141
f  352/814/352 1144/815/1144 1143/816/1143
f  351/817/351 1147/818/1147 1146/819/1146
f  362/820/362 1149/821/1149 1148/822/1148
f  365/823/365 1152/824/1152 1151/825/1151
f  364/826/364 1155/827/1155 1154/828/1154
f  367/829/367 1158/830/1158 1157/831/1157
f  368/832/368 1161/833/1161 1160/834/1160
f  365/835/365 1164/836/1164 1163/837/1163
f  362/838/362 1167/839/1167 1166/840/1166
f  115/841/115 1170/842/1170 1169/843/1169
f  37/844/37 1172/845/1172 425/846/425
f  36/847/36 1174/848/1174 436/849/436
f  103/850/103 1176/851/1176 1175/852/1175
f  287/853/287 1179/854/1179 1178/855/1178
f  301/856/301 1181/857/1181 1180/858/1180
f  300/859/300 1184/860/1184 1183/861/1183
f  289/862/289 1187/863/1187 1186/864/1186
f  87/865/87 1188/866/1188 519/867/519
f  158/868/158 1191/869/1191 1190/870/1190
f  88/871/88 1193/872/1193 531/873/531
f  156/874/156 1196/875/1196 1195/876/1195
f  340/877/340 1199/878/1199 1198/879/1198
f  330/880/330 1202/881/1202 1201/882/1201
f  343/883/343 1204/884/1204 1203/885/1203
f  343/886/343 1207/887/1207 1206/888/1206
f  4/889/4 1209/890/1209 1208/891/1208
f  56/892/56 1212/893/1212 1211/894/1211
f  52/895/52 1214/896/1214 1210/897/1210
f  62/898/62 1217/899/1217 1216/900/1216
f  68/901/68 1220/902/1220 1219/903/1219
f  64/904/64 1223/905/1223 1222/906/1222
f  58/907/58 1226/908/1226 1225/909/1225
f  74/910/74 1229/911/1229 1228/912/1228
f  80/913/80 1232/914/1232 1231/915/1231
f  76/916/76 1235/917/1235 1234/918/1234
f  89/919/89 1238/920/1238 1237/921/1237
f  95/922/95 1241/923/1241 1240/924/1240
f  91/925/91 1244/926/1244 1243/927/1243
f  49/928/49 1246/929/1246 427/930/427
f  82/931/82 1249/932/1249 1248/933/1248
f  70/934/70 1252/935/1252 1251/936/1251
f  144/937/144 1255/938/1255 1254/939/1254
f  150/940/150 1258/941/1258 1257/942/1257
f  146/943/146 1261/944/1261 1260/945/1260
f  152/946/152 1264/947/1264 1263/948/1263
f  167/949/167 1266/950/1266 1265/951/1265
f  135/952/135 1269/953/1269 1268/954/1268
f  175/955/175 1272/956/1272 1271/957/1271
f  169/958/169 1275/959/1275 1274/960/1274
f  160/961/160 1278/962/1278 1277/963/1277
f  178/964/178 1281/965/1281 1280/966/1280
f  180/967/180 1283/968/1283 1282/969/1282
f  179/970/179 1285/971/1285 1284/972/1284
f  182/973/182 1287/974/1287 1286/975/1286
f  183/976/183 1289/977/1289 1288/978/1288
f  181/979/181 1291/980/1291 1290/981/1290
f  136/982/136 1293/983/1293 1292/984/1292
f  188/985/188 1295/986/1295 1294/987/1294
f  244/988/244 1298/989/1298 1297/990/1297
f  242/991/242 1301/992/1301 1300/993/1300
f  250/994/250 1304/995/1304 1303/996/1303
f  256/997/256 1307/998/1307 1306/999/1306
f  254/1000/254 1310/1001/1310 1309/1002/1309
f  248/1003/248 1313/1004/1313 1312/1005/1312
f  262/1006/262 1316/1007/1316 1315/1008/1315
f  268/1009/268 1319/1010/1319 1318/1011/1318
f  266/1012/266 1322/1013/1322 1321/1014/1321
f  274/1015/274 1325/1016/1325 1324/1017/1324
f  232/1018/232 1328/1019/1328 1327/1020/1327
f  278/1021/278 1330/1022/1330 1329/1023/1329
f  232/1024/232 1333/1025/1333 1332/1026/1332
f  272/1027/272 1336/1028/1336 1335/1029/1335
f  260/1030/260 1339/1031/1339 1338/1032/1338
f  341/1033/341 1342/1034/1342 1341/1035/1341
f  347/1036/347 1345/1037/1345 1344/1038/1344
f  345/1039/345 1348/1040/1348 1347/1041/1347
f  347/1042/347 1351/1043/1351 1350/1044/1350
f  355/1045/355 1354/1046/1354 1353/1047/1353
f  359/1048/359 1357/1049/1357 1356/1050/1356
f  357/1051/357 1359/1052/1359 1358/1053/1358
f  360/1054/360 1361/1055/1361 1360/1056/1360
f  353/1057/353 1364/1058/1364 1363/1059/1363
f  322/1060/322 1367/1061/1367 1366/1062/1366
f  365/1063/365 1370/1064/1370 1369/1065/1369
f  364/1066/364 1373/1067/1373 1372/1068/1372
f  367/1069/367 1376/1070/1376 1375/1071/1375
f  368/1072/368 1379/1073/1379 1378/1074/1378
f  325/1075/325 1382/1076/1382 1381/1077/1381
f  362/1078/362 1383/1079/1383 1368/1080/1368
f  86/1081/86 1384/1082/1384 1247/1083/1247
f  339/1084/339 1387/1085/1387 1386/1086/1386
f  186/1087/186 1390/1088/1390 1389/1089/1389
f  368/1090/368 1393/1091/1393 1392/1092/1392
f  117/1093/117 1396/1094/1396 1395/1095/1395
f  328/1096/328 1399/1097/1399 1398/1098/1398
f  3/1099/3 986/1100/986 370/1101/370
f  6/1102/6 1213/1103/1213 373/1104/373
f  7/1105/7 399/1106/399 375/1107/375
f  2/1108/2 1215/1109/1215 377/1110/377
f  5/1111/5 376/1112/376 379/1113/379
f  12/1114/12 1218/1115/1218 381/1116/381
f  13/1117/13 394/1118/394 383/1119/383
f  18/1120/18 1221/1121/1221 386/1122/386
f  19/1123/19 448/1124/448 388/1125/388
f  14/1126/14 1224/1127/1224 391/1128/391
f  17/1129/17 389/1130/389 393/1131/393
f  8/1132/8 1227/1133/1227 396/1134/396
f  11/1135/11 384/1136/384 398/1137/398
f  24/1138/24 1230/1139/1230 401/1140/401
f  25/1141/25 414/1142/414 403/1143/403
f  30/1144/30 1233/1145/1233 406/1146/406
f  31/1147/31 443/1148/443 408/1149/408
f  26/1150/26 1236/1151/1236 411/1152/411
f  29/1153/29 409/1154/409 413/1155/413
f  39/1156/39 1239/1157/1239 416/1158/416
f  40/1159/40 432/1160/432 418/1161/418
f  47/1162/47 1242/1163/1242 421/1164/421
f  48/1165/48 435/1166/435 423/1167/423
f  36/1168/36 438/1169/438 426/1170/426
f  41/1171/41 1245/1172/1245 429/1173/429
f  46/1174/46 424/1175/424 431/1176/431
f  44/1177/44 1171/1178/1171 434/1179/434
f  35/1180/35 1177/1181/1177 437/1182/437
f  32/1183/32 1250/1184/1250 440/1185/440
f  38/1186/38 419/1187/419 442/1188/442
f  20/1189/20 1253/1190/1253 445/1191/445
f  23/1192/23 404/1193/404 447/1194/447
f  54/1195/54 1032/1196/1032 450/1197/450
f  57/1198/57 1403/1199/1403 453/1200/453
f  61/1201/61 486/1202/486 456/1203/456
f  53/1204/53 1404/1205/1404 458/1206/458
f  60/1207/60 457/1208/457 461/1209/461
f  63/1210/63 1405/1211/1405 464/1212/464
f  67/1213/67 480/1214/480 467/1215/467
f  69/1216/69 1406/1217/1406 470/1218/470
f  73/1219/73 543/1220/543 473/1221/473
f  65/1222/65 1407/1223/1407 476/1224/476
f  72/1225/72 474/1226/474 479/1227/479
f  59/1228/59 1408/1229/1408 482/1230/482
f  66/1231/66 468/1232/468 485/1233/485
f  75/1234/75 1409/1235/1409 488/1236/488
f  79/1237/79 504/1238/504 491/1239/491
f  81/1240/81 1410/1241/1410 494/1242/494
f  85/1243/85 537/1244/537 497/1245/497
f  77/1246/77 1411/1247/1411 500/1248/500
f  84/1249/84 498/1250/498 503/1251/503
f  90/1252/90 1412/1253/1412 506/1254/506
f  94/1255/94 525/1256/525 509/1257/509
f  95/1258/95 1413/1259/1413 512/1260/512
f  99/1261/99 1414/1262/1414 515/1263/515
f  97/1264/97 513/1265/513 518/1266/518
f  92/1267/92 1415/1268/1415 521/1269/521
f  99/1270/99 514/1271/514 524/1272/524
f  100/1273/100 1068/1274/1068 527/1275/527
f  98/1276/98 528/1277/528 530/1278/530
f  83/1279/83 1416/1280/1416 533/1281/533
f  93/1282/93 510/1283/510 536/1284/536
f  71/1285/71 1417/1286/1417 539/1287/539
f  78/1288/78 492/1289/492 542/1290/542
f  106/1291/106 1256/1292/1256 545/1293/545
f  112/1294/112 1259/1295/1259 548/1296/548
f  116/1297/116 567/1298/567 551/1299/551
f  120/1300/120 1418/1301/1418 554/1302/554
f  104/1303/104 585/1304/585 557/1305/557
f  110/1306/110 1419/1307/1419 560/1308/560
f  124/1309/124 599/1310/599 563/1311/563
f  119/1312/119 555/1313/555 566/1314/566
f  108/1315/108 1262/1316/1262 569/1317/569
f  105/1318/105 546/1319/546 572/1320/572
f  111/1321/111 549/1322/549 574/1323/574
f  125/1324/125 1086/1325/1086 576/1326/576
f  107/1327/107 570/1328/570 579/1329/579
f  123/1330/123 577/1331/577 582/1332/582
f  109/1333/109 561/1334/561 584/1335/584
f  127/1336/127 1267/1337/1267 587/1338/587
f  128/1339/128 598/1340/598 589/1341/589
f  133/1342/133 1420/1343/1420 592/1344/592
f  129/1345/129 1276/1346/1276 595/1347/595
f  132/1348/132 593/1349/593 597/1350/597
f  124/1351/124 1279/1352/1279 600/1353/600
f  126/1354/126 590/1355/590 602/1356/602
f  145/1357/145 632/1358/632 604/1359/604
f  151/1360/151 635/1361/635 607/1362/607
f  159/1363/159 629/1364/629 610/1365/610
f  166/1366/166 1422/1367/1422 613/1368/613
f  157/1369/157 647/1370/647 616/1371/616
f  153/1372/153 644/1373/644 619/1374/619
f  164/1375/164 1425/1376/1425 622/1377/622
f  147/1378/147 641/1379/641 625/1380/625
f  165/1381/165 614/1382/614 628/1383/628
f  148/1384/148 1423/1385/1423 631/1386/631
f  154/1387/154 1426/1388/1426 634/1389/634
f  164/1390/164 1422/1391/1422 637/1392/637
f  149/1393/149 1427/1394/1427 640/1395/640
f  155/1396/155 1425/1397/1425 643/1398/643
f  163/1399/163 623/1400/623 646/1401/646
f  168/1402/168 1428/1403/1428 649/1404/649
f  172/1405/172 659/1406/659 652/1407/652
f  176/1408/176 1138/1409/1138 655/1410/655
f  169/1411/169 1429/1412/1429 658/1413/658
f  172/1414/172 1145/1415/1145 660/1416/660
f  160/1417/160 1424/1418/1424 663/1419/663
f  162/1420/162 1430/1421/1430 664/1422/664
f  187/1423/187 1431/1424/1431 667/1425/667
f  194/1426/194 1299/1427/1299 670/1428/670
f  190/1429/190 703/1430/703 673/1431/673
f  192/1432/192 1302/1433/1302 676/1434/676
f  189/1435/189 674/1436/674 679/1437/679
f  200/1438/200 1305/1439/1305 681/1440/681
f  196/1441/196 697/1442/697 684/1443/684
f  206/1444/206 1308/1445/1308 687/1446/687
f  202/1447/202 759/1448/759 690/1449/690
f  204/1450/204 1311/1451/1311 693/1452/693
f  201/1453/201 691/1454/691 696/1455/696
f  198/1456/198 1314/1457/1314 699/1458/699
f  195/1459/195 685/1460/685 702/1461/702
f  212/1462/212 1317/1463/1317 705/1464/705
f  208/1465/208 721/1466/721 708/1467/708
f  218/1468/218 1320/1469/1320 711/1470/711
f  214/1471/214 753/1472/753 714/1473/714
f  216/1474/216 1323/1475/1323 717/1476/717
f  213/1477/213 715/1478/715 720/1479/720
f  224/1480/224 1326/1481/1326 723/1482/723
f  220/1483/220 741/1484/741 726/1485/726
f  232/1486/232 1327/1487/1327 729/1488/729
f  228/1489/228 1432/1490/1432 732/1491/732
f  234/1492/234 1433/1493/1433 735/1494/735
f  230/1495/230 1331/1496/1331 737/1497/737
f  227/1498/227 733/1499/733 740/1500/740
f  226/1501/226 747/1502/747 743/1503/743
f  233/1504/233 1435/1505/1435 746/1506/746
f  222/1507/222 1337/1508/1337 749/1509/749
f  219/1510/219 727/1511/727 752/1512/752
f  210/1513/210 1340/1514/1340 755/1515/755
f  207/1516/207 709/1517/709 758/1518/758
f  238/1519/238 1436/1520/1436 761/1521/761
f  245/1522/245 766/1523/766 764/1524/764
f  245/1525/245 798/1526/798 767/1527/767
f  243/1528/243 772/1529/772 770/1530/770
f  243/1531/243 768/1532/768 773/1533/773
f  251/1534/251 778/1535/778 776/1536/776
f  251/1537/251 792/1538/792 779/1539/779
f  257/1540/257 784/1541/784 782/1542/782
f  257/1543/257 854/1544/854 785/1545/785
f  255/1546/255 790/1547/790 788/1548/788
f  255/1549/255 786/1550/786 791/1551/791
f  249/1552/249 796/1553/796 794/1554/794
f  249/1555/249 780/1556/780 797/1557/797
f  263/1558/263 802/1559/802 800/1560/800
f  263/1561/263 816/1562/816 803/1563/803
f  269/1564/269 808/1565/808 806/1566/806
f  269/1567/269 848/1568/848 809/1569/809
f  267/1570/267 814/1571/814 812/1572/812
f  267/1573/267 810/1574/810 815/1575/815
f  275/1576/275 820/1577/820 818/1578/818
f  275/1579/275 836/1580/836 821/1581/821
f  281/1582/281 826/1583/826 824/1584/824
f  281/1585/281 1437/1586/1437 827/1587/827
f  280/1588/280 1334/1589/1334 829/1590/829
f  279/1591/279 834/1592/834 832/1593/832
f  279/1594/279 828/1595/828 835/1596/835
f  277/1597/277 1437/1598/1437 838/1599/838
f  281/1600/281 830/1601/830 841/1602/841
f  273/1603/273 846/1604/846 844/1605/844
f  273/1606/273 822/1607/822 847/1608/847
f  261/1609/261 852/1610/852 850/1611/850
f  261/1612/261 804/1613/804 853/1614/853
f  288/1615/288 878/1616/878 856/1617/856
f  292/1618/292 884/1619/884 859/1620/859
f  303/1621/303 1343/1622/1343 862/1623/862
f  309/1624/309 1346/1625/1346 865/1626/865
f  290/1627/290 899/1628/899 868/1629/868
f  294/1630/294 896/1631/896 871/1632/871
f  297/1633/297 1440/1634/1440 874/1635/874
f  291/1636/291 860/1637/860 877/1638/877
f  307/1639/307 1349/1640/1349 880/1641/880
f  295/1642/295 918/1643/918 883/1644/883
f  302/1645/302 863/1646/863 886/1647/886
f  308/1648/308 866/1649/866 889/1650/889
f  306/1651/306 881/1652/881 892/1653/892
f  296/1654/296 875/1655/875 895/1656/895
f  293/1657/293 872/1658/872 898/1659/898
f  315/1660/315 1355/1661/1355 901/1662/901
f  311/1663/311 911/1664/911 904/1665/904
f  320/1666/320 1441/1667/1441 907/1668/907
f  319/1669/319 1441/1670/1441 910/1671/910
f  311/1672/311 1100/1673/1100 912/1674/912
f  313/1675/313 1365/1676/1365 914/1677/914
f  310/1678/310 905/1679/905 917/1680/917
f  331/1681/331 945/1682/945 920/1683/920
f  338/1684/338 946/1685/946 923/1686/923
f  342/1687/342 951/1688/951 926/1689/926
f  348/1690/348 954/1691/954 929/1692/929
f  344/1693/344 963/1694/963 932/1695/932
f  348/1696/348 928/1697/928 935/1698/935
f  350/1699/350 958/1700/958 938/1701/938
f  346/1702/346 957/1703/957 941/1704/941
f  337/1705/337 924/1706/924 944/1707/944
f  338/1708/338 960/1709/960 947/1710/947
f  344/1711/344 931/1712/931 950/1713/950
f  350/1714/350 937/1715/937 953/1716/953
f  349/1717/349 961/1718/961 956/1719/956
f  350/1720/350 952/1721/952 959/1722/959
f  349/1723/349 939/1724/939 962/1725/962
f  355/1726/355 1443/1727/1443 965/1728/965
f  354/1729/354 1444/1730/1444 968/1731/968
f  358/1732/358 1445/1733/1445 971/1734/971
f  361/1735/361 976/1736/976 974/1737/974
f  361/1738/361 1445/1739/1445 977/1740/977
f  354/1741/354 981/1742/981 979/1743/979
f  354/1744/354 967/1745/967 982/1746/982
f  185/1747/185 668/1748/668 985/1749/985
f  10/1750/10 1003/1751/1003 988/1752/988
f  9/1753/9 989/1754/989 991/1755/991
f  16/1756/16 1000/1757/1000 993/1758/993
f  22/1759/22 1029/1760/1029 996/1761/996
f  21/1762/21 997/1763/997 999/1764/999
f  15/1765/15 994/1766/994 1002/1767/1002
f  28/1768/28 1012/1769/1012 1005/1770/1005
f  34/1771/34 1026/1772/1026 1008/1773/1008
f  33/1774/33 1009/1775/1009 1011/1776/1011
f  43/1777/43 1023/1778/1023 1014/1779/1014
f  50/1780/50 1402/1781/1402 1017/1782/1017
f  45/1783/45 1397/1784/1397 1019/1785/1019
f  50/1786/50 1016/1787/1016 1022/1788/1022
f  42/1789/42 1015/1790/1015 1025/1791/1025
f  27/1792/27 1006/1793/1006 1028/1794/1028
f  236/1795/236 762/1796/762 1031/1797/1031
f  241/1798/241 1050/1799/1050 1034/1800/1034
f  240/1801/240 1035/1802/1035 1037/1803/1037
f  247/1804/247 1047/1805/1047 1040/1806/1040
f  253/1807/253 1077/1808/1077 1043/1809/1043
f  252/1810/252 1044/1811/1044 1046/1812/1046
f  246/1813/246 1041/1814/1041 1049/1815/1049
f  259/1816/259 1059/1817/1059 1052/1818/1052
f  265/1819/265 1074/1820/1074 1055/1821/1055
f  264/1822/264 1056/1823/1056 1058/1824/1058
f  271/1825/271 1071/1826/1071 1061/1827/1061
f  277/1828/277 1066/1829/1066 1064/1830/1064
f  277/1831/277 837/1832/837 1067/1833/1067
f  276/1834/276 1065/1835/1065 1070/1836/1070
f  270/1837/270 1062/1838/1062 1073/1839/1073
f  258/1840/258 1053/1841/1053 1076/1842/1076
f  118/1843/118 1089/1844/1089 1079/1845/1079
f  122/1846/122 1447/1847/1447 1082/1848/1082
f  295/1849/295 882/1850/882 1085/1851/1085
f  121/1852/121 1083/1853/1083 1088/1854/1088
f  131/1855/131 1098/1856/1098 1091/1857/1091
f  317/1858/317 908/1859/908 1094/1860/1094
f  135/1861/135 1268/1862/1268 1096/1863/1096
f  131/1864/131 1421/1865/1421 1099/1866/1099
f  130/1867/130 1092/1868/1092 1102/1869/1102
f  138/1870/138 1111/1871/1111 1104/1872/1104
f  140/1873/140 1120/1874/1120 1107/1875/1107
f  139/1876/139 1108/1877/1108 1110/1878/1110
f  142/1879/142 1117/1880/1117 1113/1881/1113
f  143/1882/143 1449/1883/1449 1116/1884/1116
f  141/1885/141 1114/1886/1114 1119/1887/1119
f  136/1888/136 1292/1889/1292 1122/1890/1122
f  329/1891/329 1135/1892/1135 1125/1893/1125
f  336/1894/336 1450/1895/1450 1128/1896/1128
f  166/1897/166 1450/1898/1450 1131/1899/1131
f  335/1900/335 1129/1901/1129 1134/1902/1134
f  352/1903/352 1143/1904/1143 1136/1905/1136
f  176/1906/176 1451/1907/1451 1139/1908/1139
f  359/1909/359 1168/1910/1168 1142/1911/1142
f  352/1912/352 1446/1913/1446 1144/1914/1144
f  351/1915/351 1137/1916/1137 1147/1917/1147
f  362/1918/362 1453/1919/1453 1149/1920/1149
f  365/1921/365 1163/1922/1163 1152/1923/1152
f  364/1924/364 1153/1925/1153 1155/1926/1155
f  367/1927/367 1162/1928/1162 1158/1929/1158
f  368/1930/368 1392/1931/1392 1161/1932/1161
f  365/1933/365 1458/1934/1458 1164/1935/1164
f  362/1936/362 1148/1937/1148 1167/1938/1167
f  115/1939/115 552/1940/552 1170/1941/1170
f  37/1942/37 1385/1943/1385 1172/1944/1172
f  36/1945/36 1173/1946/1173 1174/1947/1174
f  103/1948/103 558/1949/558 1176/1950/1176
f  287/1951/287 857/1952/857 1179/1953/1179
f  301/1954/301 1388/1955/1388 1181/1956/1181
f  300/1957/300 1182/1958/1182 1184/1959/1184
f  289/1960/289 869/1961/869 1187/1962/1187
f  87/1963/87 1194/1964/1194 1188/1965/1188
f  158/1966/158 611/1967/611 1191/1968/1191
f  88/1969/88 1460/1970/1460 1193/1971/1193
f  156/1972/156 617/1973/617 1196/1974/1196
f  340/1975/340 1205/1976/1205 1199/1977/1199
f  330/1978/330 921/1979/921 1202/1980/1202
f  343/1981/343 1206/1982/1206 1204/1983/1204
f  343/1984/343 933/1985/933 1207/1986/1207
f  4/1987/4 1391/1988/1391 1209/1989/1209
f  56/1990/56 454/1991/454 1212/1992/1212
f  52/1993/52 459/1994/459 1214/1995/1214
f  62/1996/62 465/1997/465 1217/1998/1217
f  68/1999/68 471/2000/471 1220/2001/1220
f  64/2002/64 477/2003/477 1223/2004/1223
f  58/2005/58 483/2006/483 1226/2007/1226
f  74/2008/74 489/2009/489 1229/2010/1229
f  80/2011/80 495/2012/495 1232/2013/1232
f  76/2014/76 501/2015/501 1235/2016/1235
f  89/2017/89 507/2018/507 1238/2019/1238
f  95/2020/95 511/2021/511 1241/2022/1241
f  91/2023/91 522/2024/522 1244/2025/1244
f  49/2026/49 1461/2027/1461 1246/2028/1246
f  82/2029/82 534/2030/534 1249/2031/1249
f  70/2032/70 540/2033/540 1252/2034/1252
f  144/2035/144 605/2036/605 1255/2037/1255
f  150/2038/150 608/2039/608 1258/2040/1258
f  146/2041/146 626/2042/626 1261/2043/1261
f  152/2044/152 620/2045/620 1264/2046/1264
f  167/2047/167 650/2048/650 1266/2049/1266
f  135/2050/135 1462/2051/1462 1269/2052/1269
f  175/2053/175 1462/2054/1462 1272/2055/1272
f  169/2056/169 657/2057/657 1275/2058/1275
f  160/2059/160 662/2060/662 1278/2061/1278
f  178/2062/178 1150/2063/1150 1281/2064/1281
f  180/2065/180 1454/2066/1454 1283/2067/1283
f  179/2068/179 1455/2069/1455 1285/2070/1285
f  182/2071/182 1456/2072/1456 1287/2073/1287
f  183/2074/183 1457/2075/1457 1289/2076/1289
f  181/2077/181 1165/2078/1165 1291/2079/1291
f  136/2080/136 1270/2081/1270 1293/2082/1293
f  188/2083/188 1463/2084/1463 1295/2085/1295
f  244/2086/244 765/2087/765 1298/2088/1298
f  242/2089/242 771/2090/771 1301/2091/1301
f  250/2092/250 777/2093/777 1304/2094/1304
f  256/2095/256 783/2096/783 1307/2097/1307
f  254/2098/254 789/2099/789 1310/2100/1310
f  248/2101/248 795/2102/795 1313/2103/1313
f  262/2104/262 801/2105/801 1316/2106/1316
f  268/2107/268 807/2108/807 1319/2109/1319
f  266/2110/266 813/2111/813 1322/2112/1322
f  274/2113/274 819/2114/819 1325/2115/1325
f  232/2116/232 1332/2117/1332 1328/2118/1328
f  278/2119/278 833/2120/833 1330/2121/1330
f  232/2122/232 1434/2123/1434 1333/2124/1333
f  272/2125/272 845/2126/845 1336/2127/1336
f  260/2128/260 851/2129/851 1339/2130/1339
f  341/2131/341 927/2132/927 1342/2133/1342
f  347/2134/347 930/2135/930 1345/2136/1345
f  345/2137/345 942/2138/942 1348/2139/1348
f  347/2140/347 1344/2141/1344 1351/2142/1351
f  355/2143/355 964/2144/964 1354/2145/1354
f  359/2146/359 1141/2147/1141 1357/2148/1357
f  357/2149/357 972/2150/972 1359/2151/1359
f  360/2152/360 975/2153/975 1361/2154/1361
f  353/2155/353 980/2156/980 1364/2157/1364
f  322/2158/322 1465/2159/1465 1367/2160/1367
f  365/2161/365 1151/2162/1151 1370/2163/1370
f  364/2164/364 1154/2165/1154 1373/2166/1373
f  367/2167/367 1157/2168/1157 1376/2169/1376
f  368/2170/368 1160/2171/1160 1379/2172/1379
f  325/2173/325 1466/2174/1466 1382/2175/1382
f  362/2176/362 1166/2177/1166 1383/2178/1383
f  86/2179/86 1189/2180/1189 1384/2181/1384
f  339/2182/339 1200/2183/1200 1387/2184/1387
f  186/2185/186 1296/2186/1296 1390/2187/1390
f  368/2188/368 1378/2189/1378 1393/2190/1393
f  117/2191/117 1080/2192/1080 1396/2193/1396
f  328/2194/328 1126/2195/1126 1399/2196/1399
f  1399/2197/1399 1190/2198/1190 102/2199/102
f  1399/2200/1399 1126/2201/1126 1190/2202/1190
f  1126/2203/1126 158/2204/158 1190/2205/1190
f  1396/2206/1396 1178/2207/1178 225/2208/225
f  1396/2209/1396 1080/2210/1080 1178/2211/1178
f  1080/2212/1080 287/2213/287 1178/2214/1178
f  1393/2215/1393 1449/2216/1449 143/2217/143
f  1393/2218/1393 1378/2219/1378 1449/2220/1449
f  1378/2221/1378 327/2222/327 1449/2223/1449
f  1390/2224/1390 1030/2225/1030 54/2226/54
f  1390/2227/1390 1296/2228/1296 1030/2229/1030
f  1296/2230/1296 236/2231/236 1030/2232/1030
f  1387/2233/1387 1464/2234/1464 235/2235/235
f  1387/2236/1387 1200/2237/1200 1464/2238/1464
f  1200/2239/1200 284/2240/284 1464/2241/1464
f  1384/2242/1384 1254/2243/1254 106/2244/106
f  1384/2245/1384 1189/2246/1189 1254/2247/1254
f  1189/2248/1189 144/2249/144 1254/2250/1254
f  1383/2251/1383 1356/2252/1356 318/2253/318
f  1383/2254/1383 1166/2255/1166 1356/2256/1356
f  1166/2257/1166 359/2258/359 1356/2259/1356
f  1382/2260/1382 1458/2261/1458 365/2262/365
f  1382/2263/1382 1466/2264/1466 1458/2265/1458
f  1466/2266/1466 366/2267/366 1458/2268/1458
f  1379/2269/1379 1375/2270/1375 326/2271/326
f  1379/2272/1379 1160/2273/1160 1375/2274/1375
f  1160/2275/1160 367/2276/367 1375/2277/1375
f  1376/2278/1376 1466/2279/1466 325/2280/325
f  1376/2281/1376 1157/2282/1157 1466/2283/1466
f  1157/2284/1157 366/2285/366 1466/2286/1466
f  1373/2287/1373 1465/2288/1465 322/2289/322
f  1373/2290/1373 1154/2291/1154 1465/2292/1465
f  1154/2293/1154 363/2294/363 1465/2295/1465
f  1370/2296/1370 1372/2297/1372 323/2298/323
f  1370/2299/1370 1151/2300/1151 1372/2301/1372
f  1151/2302/1151 364/2303/364 1372/2304/1372
f  1367/2305/1367 1453/2306/1453 362/2307/362
f  1367/2308/1367 1465/2309/1465 1453/2310/1453
f  1465/2311/1465 363/2312/363 1453/2313/1453
f  1364/2314/1364 1352/2315/1352 297/2316/297
f  1364/2317/1364 980/2318/980 1352/2319/1352
f  980/2320/980 333/2321/333 1352/2322/1352
f  1361/2323/1361 1353/2324/1353 315/2325/315
f  1361/2326/1361 975/2327/975 1353/2328/1353
f  975/2329/975 355/2330/355 1353/2331/1353
f  1359/2332/1359 1360/2333/1360 320/2334/320
f  1359/2335/1359 972/2336/972 1360/2337/1360
f  972/2338/972 360/2339/360 1360/2340/1360
f  1357/2341/1357 1358/2342/1358 317/2343/317
f  1357/2344/1357 1141/2345/1141 1358/2346/1358
f  1141/2347/1141 357/2348/357 1358/2349/1358
f  1354/2350/1354 1363/2351/1363 313/2352/313
f  1354/2353/1354 964/2354/964 1363/2355/1363
f  964/2356/964 353/2357/353 1363/2358/1363
f  1351/2359/1351 1440/2360/1440 297/2361/297
f  1351/2362/1351 1344/2363/1344 1440/2364/1440
f  1344/2365/1344 309/2366/309 1440/2367/1440
f  1348/2368/1348 1341/2369/1341 303/2370/303
f  1348/2371/1348 942/2372/942 1341/2373/1341
f  942/2374/942 341/2375/341 1341/2376/1341
f  1345/2377/1345 1347/2378/1347 307/2379/307
f  1345/2380/1345 930/2381/930 1347/2382/1347
f  930/2383/930 345/2384/345 1347/2385/1347
f  1342/2386/1342 1386/2387/1386 301/2388/301
f  1342/2389/1342 927/2390/927 1386/2391/1386
f  927/2392/927 339/2393/339 1386/2394/1386
f  1339/2395/1339 1306/2396/1306 206/2397/206
f  1339/2398/1339 851/2399/851 1306/2400/1306
f  851/2401/851 256/2402/256 1306/2403/1306
f  1336/2404/1336 1318/2405/1318 218/2406/218
f  1336/2407/1336 845/2408/845 1318/2409/1318
f  845/2410/845 268/2411/268 1318/2412/1318
f  1333/2413/1333 1464/2414/1464 284/2415/284
f  1333/2416/1333 1434/2417/1434 1464/2418/1464
f  1434/2419/1434 235/2420/235 1464/2421/1464
f  1330/2422/1330 1324/2423/1324 224/2424/224
f  1330/2425/1330 833/2426/833 1324/2427/1324
f  833/2428/833 274/2429/274 1324/2430/1324
f  1328/2431/1328 825/2432/825 278/2433/278
f  1328/2434/1328 1332/2435/1332 825/2436/825
f  1332/2437/1332 280/2438/280 825/2439/825
f  1325/2440/1325 1335/2441/1335 222/2442/222
f  1325/2443/1325 819/2444/819 1335/2445/1335
f  819/2446/819 272/2447/272 1335/2448/1335
f  1322/2449/1322 1315/2450/1315 212/2451/212
f  1322/2452/1322 813/2453/813 1315/2454/1315
f  813/2455/813 262/2456/262 1315/2457/1315
f  1319/2458/1319 1321/2459/1321 216/2460/216
f  1319/2461/1319 807/2462/807 1321/2463/1321
f  807/2464/807 266/2465/266 1321/2466/1321
f  1316/2467/1316 1338/2468/1338 210/2469/210
f  1316/2470/1316 801/2471/801 1338/2472/1338
f  801/2473/801 260/2474/260 1338/2475/1338
f  1313/2476/1313 1297/2477/1297 194/2478/194
f  1313/2479/1313 795/2480/795 1297/2481/1297
f  795/2482/795 244/2483/244 1297/2484/1297
f  1310/2485/1310 1303/2486/1303 200/2487/200
f  1310/2488/1310 789/2489/789 1303/2490/1303
f  789/2491/789 250/2492/250 1303/2493/1303
f  1307/2494/1307 1309/2495/1309 204/2496/204
f  1307/2497/1307 783/2498/783 1309/2499/1309
f  783/2500/783 254/2501/254 1309/2502/1309
f  1304/2503/1304 1312/2504/1312 198/2505/198
f  1304/2506/1304 777/2507/777 1312/2508/1312
f  777/2509/777 248/2510/248 1312/2511/1312
f  1301/2512/1301 1463/2513/1463 188/2514/188
f  1301/2515/1301 771/2516/771 1463/2517/1463
f  771/2518/771 238/2519/238 1463/2520/1463
f  1298/2521/1298 1300/2522/1300 192/2523/192
f  1298/2524/1298 765/2525/765 1300/2526/1300
f  765/2527/765 242/2528/242 1300/2529/1300
f  1295/2530/1295 760/2531/760 236/2532/236
f  1295/2533/1295 1463/2534/1463 760/2535/760
f  1463/2536/1463 238/2537/238 760/2538/760
f  1293/2539/1293 1459/2540/1459 178/2541/178
f  1293/2542/1293 1270/2543/1270 1459/2544/1459
f  1270/2545/1270 177/2546/177 1459/2547/1459
f  1291/2548/1291 1286/2549/1286 141/2550/141
f  1291/2551/1291 1165/2552/1165 1286/2553/1286
f  1165/2554/1165 182/2555/182 1286/2556/1286
f  1289/2557/1289 1394/2558/1394 143/2559/143
f  1289/2560/1289 1457/2561/1457 1394/2562/1394
f  1457/2563/1457 184/2564/184 1394/2565/1394
f  1287/2566/1287 1288/2567/1288 142/2568/142
f  1287/2569/1287 1456/2570/1456 1288/2571/1288
f  1456/2572/1456 183/2573/183 1288/2574/1288
f  1285/2575/1285 1282/2576/1282 139/2577/139
f  1285/2578/1285 1455/2579/1455 1282/2580/1282
f  1455/2581/1455 180/2582/180 1282/2583/1282
f  1283/2584/1283 1290/2585/1290 140/2586/140
f  1283/2587/1283 1454/2588/1454 1290/2589/1290
f  1454/2590/1454 181/2591/181 1290/2592/1290
f  1281/2593/1281 1284/2594/1284 138/2595/138
f  1281/2596/1281 1150/2597/1150 1284/2598/1284
f  1150/2599/1150 179/2600/179 1284/2601/1284
f  1278/2602/1278 1265/2603/1265 127/2604/127
f  1278/2605/1278 662/2606/662 1265/2607/1265
f  662/2608/662 167/2609/167 1265/2610/1265
f  1275/2611/1275 1273/2612/1273 133/2613/133
f  1275/2614/1275 657/2615/657 1273/2616/1273
f  657/2617/657 173/2618/173 1273/2619/1273
f  1272/2620/1272 1420/2621/1420 133/2622/133
f  1272/2623/1272 1462/2624/1462 1420/2625/1420
f  1462/2626/1462 135/2627/135 1420/2628/1420
f  1269/2629/1269 1452/2630/1452 177/2631/177
f  1269/2632/1269 1462/2633/1462 1452/2634/1452
f  1462/2635/1462 175/2636/175 1452/2637/1452
f  1266/2638/1266 1274/2639/1274 129/2640/129
f  1266/2641/1266 650/2642/650 1274/2643/1274
f  650/2644/650 169/2645/169 1274/2646/1274
f  1264/2647/1264 1277/2648/1277 124/2649/124
f  1264/2650/1264 620/2651/620 1277/2652/1277
f  620/2653/620 160/2654/160 1277/2655/1277
f  1261/2656/1261 1257/2657/1257 112/2658/112
f  1261/2659/1261 626/2660/626 1257/2661/1257
f  626/2662/626 150/2663/150 1257/2664/1257
f  1258/2665/1258 1263/2666/1263 114/2667/114
f  1258/2668/1258 608/2669/608 1263/2670/1263
f  608/2671/608 152/2672/152 1263/2673/1263
f  1255/2674/1255 1260/2675/1260 108/2676/108
f  1255/2677/1255 605/2678/605 1260/2679/1260
f  605/2680/605 146/2681/146 1260/2682/1260
f  1252/2683/1252 1228/2684/1228 24/2685/24
f  1252/2686/1252 540/2687/540 1228/2688/1228
f  540/2689/540 74/2690/74 1228/2691/1228
f  1249/2692/1249 1237/2693/1237 39/2694/39
f  1249/2695/1249 534/2696/534 1237/2697/1237
f  534/2698/534 89/2699/89 1237/2700/1237
f  1246/2701/1246 517/2702/517 86/2703/86
f  1246/2704/1246 1461/2705/1461 517/2706/517
f  1461/2707/1461 97/2708/97 517/2709/517
f  1244/2710/1244 1240/2711/1240 47/2712/47
f  1244/2713/1244 522/2714/522 1240/2715/1240
f  522/2716/522 95/2717/95 1240/2718/1240
f  1241/2719/1241 1461/2720/1461 49/2721/49
f  1241/2722/1241 511/2723/511 1461/2724/1461
f  511/2725/511 97/2726/97 1461/2727/1461
f  1238/2728/1238 1243/2729/1243 41/2730/41
f  1238/2731/1238 507/2732/507 1243/2733/1243
f  507/2734/507 91/2735/91 1243/2736/1243
f  1235/2737/1235 1231/2738/1231 30/2739/30
f  1235/2740/1235 501/2741/501 1231/2742/1231
f  501/2743/501 80/2744/80 1231/2745/1231
f  1232/2746/1232 1248/2747/1248 32/2748/32
f  1232/2749/1232 495/2750/495 1248/2751/1248
f  495/2752/495 82/2753/82 1248/2754/1248
f  1229/2755/1229 1234/2756/1234 26/2757/26
f  1229/2758/1229 489/2759/489 1234/2760/1234
f  489/2761/489 76/2762/76 1234/2763/1234
f  1226/2764/1226 1216/2765/1216 12/2766/12
f  1226/2767/1226 483/2768/483 1216/2769/1216
f  483/2770/483 62/2771/62 1216/2772/1216
f  1223/2773/1223 1219/2774/1219 18/2775/18
f  1223/2776/1223 477/2777/477 1219/2778/1219
f  477/2779/477 68/2780/68 1219/2781/1219
f  1220/2782/1220 1251/2783/1251 20/2784/20
f  1220/2785/1220 471/2786/471 1251/2787/1251
f  471/2788/471 70/2789/70 1251/2790/1251
f  1217/2791/1217 1222/2792/1222 14/2793/14
f  1217/2794/1217 465/2795/465 1222/2796/1222
f  465/2797/465 64/2798/64 1222/2799/1222
f  1214/2800/1214 1211/2801/1211 6/2802/6
f  1214/2803/1214 459/2804/459 1211/2805/1211
f  459/2806/459 56/2807/56 1211/2808/1211
f  1212/2809/1212 1225/2810/1225 8/2811/8
f  1212/2812/1212 454/2813/454 1225/2814/1225
f  454/2815/454 58/2816/58 1225/2817/1225
f  1209/2818/1209 449/2819/449 52/2820/52
f  1209/2821/1209 1391/2822/1391 449/2823/449
f  1391/2824/1391 54/2825/54 449/2826/449
f  1207/2827/1207 1201/2828/1201 283/2829/283
f  1207/2830/1207 933/2831/933 1201/2832/1201
f  933/2833/933 330/2834/330 1201/2835/1201
f  1204/2836/1204 1439/2837/1439 285/2838/285
f  1204/2839/1204 1206/2840/1206 1439/2841/1439
f  1206/2842/1206 286/2843/286 1439/2844/1439
f  1202/2845/1202 1398/2846/1398 282/2847/282
f  1202/2848/1202 921/2849/921 1398/2850/1398
f  921/2851/921 328/2852/328 1398/2853/1398
f  1199/2854/1199 1438/2855/1438 284/2856/284
f  1199/2857/1199 1205/2858/1205 1438/2859/1438
f  1205/2860/1205 285/2861/285 1438/2862/1438
f  1196/2863/1196 1460/2864/1460 88/2865/88
f  1196/2866/1196 617/2867/617 1460/2868/1460
f  617/2869/617 148/2870/148 1460/2871/1460
f  1193/2872/1193 630/2873/630 145/2874/145
f  1193/2875/1193 1460/2876/1460 630/2877/630
f  1460/2878/1460 148/2879/148 630/2880/630
f  1191/2881/1191 1195/2882/1195 101/2883/101
f  1191/2884/1191 611/2885/611 1195/2886/1195
f  611/2887/611 156/2888/156 1195/2889/1195
f  1188/2890/1188 603/2891/603 144/2892/144
f  1188/2893/1188 1194/2894/1194 603/2895/603
f  1194/2896/1194 145/2897/145 603/2898/603
f  1187/2899/1187 1185/2900/1185 233/2901/233
f  1187/2902/1187 869/2903/869 1185/2904/1185
f  869/2905/869 298/2906/298 1185/2907/1185
f  1184/2908/1184 1435/2909/1435 233/2910/233
f  1184/2911/1184 1182/2912/1182 1435/2913/1435
f  1182/2914/1182 234/2915/234 1435/2916/1435
f  1181/2917/1181 1433/2918/1433 234/2919/234
f  1181/2920/1181 1388/2921/1388 1433/2922/1433
f  1388/2923/1388 235/2924/235 1433/2925/1433
f  1179/2926/1179 1186/2927/1186 226/2928/226
f  1179/2929/1179 857/2930/857 1186/2931/1186
f  857/2932/857 289/2933/289 1186/2934/1186
f  1176/2935/1176 1169/2936/1169 44/2937/44
f  1176/2938/1176 558/2939/558 1169/2940/1169
f  558/2941/558 115/2942/115 1169/2943/1169
f  1174/2944/1174 571/2945/571 103/2946/103
f  1174/2947/1174 1173/2948/1173 571/2949/571
f  1173/2950/1173 105/2951/105 571/2952/571
f  1172/2953/1172 544/2954/544 105/2955/105
f  1172/2956/1172 1385/2957/1385 544/2958/544
f  1385/2959/1385 106/2960/106 544/2961/544
f  1170/2962/1170 1395/2963/1395 45/2964/45
f  1170/2965/1170 552/2966/552 1395/2967/1395
f  552/2968/552 117/2969/117 1395/2970/1395
f  1167/2971/1167 1459/2972/1459 177/2973/177
f  1167/2974/1167 1148/2975/1148 1459/2976/1459
f  1148/2977/1148 178/2978/178 1459/2979/1459
f  1164/2980/1164 1159/2981/1159 182/2982/182
f  1164/2983/1164 1458/2984/1458 1159/2985/1159
f  1458/2986/1458 366/2987/366 1159/2988/1159
f  1161/2989/1161 1457/2990/1457 183/2991/183
f  1161/2992/1161 1392/2993/1392 1457/2994/1457
f  1392/2995/1392 184/2996/184 1457/2997/1457
f  1158/2998/1158 1456/2999/1456 182/3000/182
f  1158/3001/1158 1162/3002/1162 1456/3003/1456
f  1162/3004/1162 183/3005/183 1456/3006/1456
f  1155/3007/1155 1455/3008/1455 179/3009/179
f  1155/3010/1155 1153/3011/1153 1455/3012/1455
f  1153/3013/1153 180/3014/180 1455/3015/1455
f  1152/3016/1152 1454/3017/1454 180/3018/180
f  1152/3019/1152 1163/3020/1163 1454/3021/1454
f  1163/3022/1163 181/3023/181 1454/3024/1454
f  1149/3025/1149 1156/3026/1156 179/3027/179
f  1149/3028/1149 1453/3029/1453 1156/3030/1156
f  1453/3031/1453 363/3032/363 1156/3033/1156
f  1147/3034/1147 1430/3035/1430 162/3036/162
f  1147/3037/1147 1137/3038/1137 1430/3039/1430
f  1137/3040/1137 171/3041/171 1430/3042/1430
f  1144/3043/1144 1451/3044/1451 176/3045/176
f  1144/3046/1144 1446/3047/1446 1451/3048/1451
f  1446/3049/1446 358/3050/358 1451/3051/1451
f  1142/3052/1142 1452/3053/1452 175/3054/175
f  1142/3055/1142 1168/3056/1168 1452/3057/1452
f  1168/3058/1168 177/3059/177 1452/3060/1452
f  1139/3061/1139 970/3062/970 357/3063/357
f  1139/3064/1139 1451/3065/1451 970/3066/970
f  1451/3067/1451 358/3068/358 970/3069/970
f  1136/3070/1136 651/3071/651 171/3072/171
f  1136/3073/1136 1143/3074/1143 651/3075/651
f  1143/3076/1143 172/3077/172 651/3078/651
f  1134/3079/1134 627/3080/627 159/3081/159
f  1134/3082/1134 1129/3083/1129 627/3084/627
f  1129/3085/1129 165/3086/165 627/3087/627
f  1131/3088/1131 948/3089/948 332/3090/332
f  1131/3091/1131 1450/3092/1450 948/3093/948
f  1450/3094/1450 336/3095/336 948/3096/948
f  1128/3097/1128 612/3098/612 165/3099/165
f  1128/3100/1128 1450/3101/1450 612/3102/612
f  1450/3103/1450 166/3104/166 612/3105/612
f  1125/3106/1125 609/3107/609 158/3108/158
f  1125/3109/1125 1135/3110/1135 609/3111/609
f  1135/3112/1135 159/3113/159 609/3114/609
f  1122/3115/1122 1105/3116/1105 321/3117/321
f  1122/3118/1122 1292/3119/1292 1105/3120/1105
f  1292/3121/1292 137/3122/137 1105/3123/1105
f  1119/3124/1119 1381/3125/1381 324/3126/324
f  1119/3127/1119 1114/3128/1114 1381/3129/1381
f  1114/3130/1114 325/3131/325 1381/3132/1381
f  1116/3133/1116 1380/3134/1380 326/3135/326
f  1116/3136/1116 1449/3137/1449 1380/3138/1380
f  1449/3139/1449 327/3140/327 1380/3141/1380
f  1113/3142/1113 1377/3143/1377 325/3144/325
f  1113/3145/1113 1117/3146/1117 1377/3147/1377
f  1117/3148/1117 326/3149/326 1377/3150/1377
f  1110/3151/1110 1374/3152/1374 322/3153/322
f  1110/3154/1110 1108/3155/1108 1374/3156/1374
f  1108/3157/1108 323/3158/323 1374/3159/1374
f  1107/3160/1107 1371/3161/1371 323/3162/323
f  1107/3163/1107 1120/3164/1120 1371/3165/1371
f  1120/3166/1120 324/3167/324 1371/3168/1371
f  1104/3169/1104 1366/3170/1366 321/3171/321
f  1104/3172/1104 1111/3173/1111 1366/3174/1366
f  1111/3175/1111 322/3176/322 1366/3177/1366
f  1102/3178/1102 916/3179/916 295/3180/295
f  1102/3181/1102 1092/3182/1092 916/3183/916
f  1092/3184/1092 310/3185/310 916/3186/916
f  1099/3187/1099 1448/3188/1448 316/3189/316
f  1099/3190/1099 1421/3191/1421 1448/3192/1448
f  1421/3193/1421 134/3194/134 1448/3195/1448
f  1096/3196/1096 1121/3197/1121 318/3198/318
f  1096/3199/1096 1268/3200/1268 1121/3201/1121
f  1268/3202/1268 136/3203/136 1121/3204/1121
f  1094/3205/1094 1448/3206/1448 134/3207/134
f  1094/3208/1094 908/3209/908 1448/3210/1448
f  908/3211/908 316/3212/316 1448/3213/1448
f  1091/3214/1091 903/3215/903 310/3216/310
f  1091/3217/1091 1098/3218/1098 903/3219/903
f  1098/3220/1098 311/3221/311 903/3222/903
f  1088/3223/1088 876/3224/876 288/3225/288
f  1088/3226/1088 1083/3227/1083 876/3228/876
f  1083/3229/1083 291/3230/291 876/3231/876
f  1085/3232/1085 1447/3233/1447 122/3234/122
f  1085/3235/1085 882/3236/882 1447/3237/1447
f  882/3238/882 292/3239/292 1447/3240/1447
f  1082/3241/1082 858/3242/858 291/3243/291
f  1082/3244/1082 1447/3245/1447 858/3246/858
f  1447/3247/1447 292/3248/292 858/3249/858
f  1079/3250/1079 855/3251/855 287/3252/287
f  1079/3253/1079 1089/3254/1089 855/3255/855
f  1089/3256/1089 288/3257/288 855/3258/855
f  1076/3259/1076 541/3260/541 73/3261/73
f  1076/3262/1076 1053/3263/1053 541/3264/541
f  1053/3265/1053 78/3266/78 541/3267/541
f  1073/3268/1073 535/3269/535 85/3270/85
f  1073/3271/1073 1062/3272/1062 535/3273/535
f  1062/3274/1062 93/3275/93 535/3276/535
f  1070/3277/1070 523/3278/523 94/3279/94
f  1070/3280/1070 1065/3281/1065 523/3282/523
f  1065/3283/1065 99/3284/99 523/3285/523
f  1067/3286/1067 1400/3287/1400 102/3288/102
f  1067/3289/1067 837/3290/837 1400/3291/1400
f  837/3292/837 282/3293/282 1400/3294/1400
f  1064/3295/1064 1414/3296/1414 99/3297/99
f  1064/3298/1064 1066/3299/1066 1414/3300/1414
f  1066/3301/1066 100/3302/100 1414/3303/1414
f  1061/3304/1061 508/3305/508 93/3306/93
f  1061/3307/1061 1071/3308/1071 508/3309/508
f  1071/3310/1071 94/3311/94 508/3312/508
f  1058/3313/1058 502/3314/502 79/3315/79
f  1058/3316/1058 1056/3317/1056 502/3318/502
f  1056/3319/1056 84/3320/84 502/3321/502
f  1055/3322/1055 496/3323/496 84/3324/84
f  1055/3325/1055 1074/3326/1074 496/3327/496
f  1074/3328/1074 85/3329/85 496/3330/496
f  1052/3331/1052 490/3332/490 78/3333/78
f  1052/3334/1052 1059/3335/1059 490/3336/490
f  1059/3337/1059 79/3338/79 490/3339/490
f  1049/3340/1049 484/3341/484 61/3342/61
f  1049/3343/1049 1041/3344/1041 484/3345/484
f  1041/3346/1041 66/3347/66 484/3348/484
f  1046/3349/1046 478/3350/478 67/3351/67
f  1046/3352/1046 1044/3353/1044 478/3354/478
f  1044/3355/1044 72/3356/72 478/3357/478
f  1043/3358/1043 472/3359/472 72/3360/72
f  1043/3361/1043 1077/3362/1077 472/3363/472
f  1077/3364/1077 73/3365/73 472/3366/472
f  1040/3367/1040 466/3368/466 66/3369/66
f  1040/3370/1040 1047/3371/1047 466/3372/466
f  1047/3373/1047 67/3374/67 466/3375/466
f  1037/3376/1037 460/3377/460 55/3378/55
f  1037/3379/1037 1035/3380/1035 460/3381/460
f  1035/3382/1035 60/3383/60 460/3384/460
f  1034/3385/1034 455/3386/455 60/3387/60
f  1034/3388/1034 1050/3389/1050 455/3390/455
f  1050/3391/1050 61/3392/61 455/3393/455
f  1031/3394/1031 1038/3395/1038 55/3396/55
f  1031/3397/1031 762/3398/762 1038/3399/1038
f  762/3400/762 237/3401/237 1038/3402/1038
f  1028/3403/1028 757/3404/757 202/3405/202
f  1028/3406/1028 1006/3407/1006 757/3408/757
f  1006/3409/1006 207/3410/207 757/3411/757
f  1025/3412/1025 751/3413/751 214/3414/214
f  1025/3415/1025 1015/3416/1015 751/3417/751
f  1015/3418/1015 219/3419/219 751/3420/751
f  1022/3421/1022 739/3422/739 220/3423/220
f  1022/3424/1022 1016/3425/1016 739/3426/739
f  1016/3427/1016 227/3428/227 739/3429/739
f  1019/3430/1019 744/3431/744 228/3432/228
f  1019/3433/1019 1397/3434/1397 744/3435/744
f  1397/3436/1397 225/3437/225 744/3438/744
f  1017/3439/1017 1020/3440/1020 228/3441/228
f  1017/3442/1017 1402/3443/1402 1020/3444/1020
f  1402/3445/1402 51/3446/51 1020/3447/1020
f  1014/3448/1014 725/3449/725 219/3450/219
f  1014/3451/1014 1023/3452/1023 725/3453/725
f  1023/3454/1023 220/3455/220 725/3456/725
f  1011/3457/1011 719/3458/719 208/3459/208
f  1011/3460/1011 1009/3461/1009 719/3462/719
f  1009/3463/1009 213/3464/213 719/3465/719
f  1008/3466/1008 713/3467/713 213/3468/213
f  1008/3469/1008 1026/3470/1026 713/3471/713
f  1026/3472/1026 214/3473/214 713/3474/713
f  1005/3475/1005 707/3476/707 207/3477/207
f  1005/3478/1005 1012/3479/1012 707/3480/707
f  1012/3481/1012 208/3482/208 707/3483/707
f  1002/3484/1002 701/3485/701 190/3486/190
f  1002/3487/1002 994/3488/994 701/3489/701
f  994/3490/994 195/3491/195 701/3492/701
f  999/3493/999 695/3494/695 196/3495/196
f  999/3496/999 997/3497/997 695/3498/695
f  997/3499/997 201/3500/201 695/3501/695
f  996/3502/996 689/3503/689 201/3504/201
f  996/3505/996 1029/3506/1029 689/3507/689
f  1029/3508/1029 202/3509/202 689/3510/689
f  993/3511/993 683/3512/683 195/3513/195
f  993/3514/993 1000/3515/1000 683/3516/683
f  1000/3517/1000 196/3518/196 683/3519/683
f  991/3520/991 678/3521/678 185/3522/185
f  991/3523/991 989/3524/989 678/3525/678
f  989/3526/989 189/3527/189 678/3528/678
f  988/3529/988 672/3530/672 189/3531/189
f  988/3532/988 1003/3533/1003 672/3534/672
f  1003/3535/1003 190/3536/190 672/3537/672
f  985/3538/985 1389/3539/1389 4/3540/4
f  985/3541/985 668/3542/668 1389/3543/1389
f  668/3544/668 186/3545/186 1389/3546/1389
f  982/3547/982 1146/3548/1146 332/3549/332
f  982/3550/982 967/3551/967 1146/3552/1146
f  967/3553/967 351/3554/351 1146/3555/1146
f  979/3556/979 936/3557/936 333/3558/333
f  979/3559/979 981/3560/981 936/3561/936
f  981/3562/981 334/3563/334 936/3564/936
f  977/3565/977 1446/3566/1446 352/3567/352
f  977/3568/977 1445/3569/1445 1446/3570/1446
f  1445/3571/1445 358/3572/358 1446/3573/1446
f  974/3574/974 1443/3575/1443 355/3576/355
f  974/3577/974 976/3578/976 1443/3579/1443
f  976/3580/976 356/3581/356 1443/3582/1443
f  971/3583/971 973/3584/973 360/3585/360
f  971/3586/971 1445/3587/1445 973/3588/973
f  1445/3589/1445 361/3590/361 973/3591/973
f  968/3592/968 978/3593/978 352/3594/352
f  968/3595/968 1444/3596/1444 978/3597/978
f  1444/3598/1444 356/3599/356 978/3600/978
f  965/3601/965 1444/3602/1444 354/3603/354
f  965/3604/965 1443/3605/1443 1444/3606/1444
f  1443/3607/1443 356/3608/356 1444/3609/1444
f  962/3610/962 943/3611/943 331/3612/331
f  962/3613/962 939/3614/939 943/3615/943
f  939/3616/939 337/3617/337 943/3618/943
f  959/3619/959 934/3620/934 334/3621/334
f  959/3622/959 952/3623/952 934/3624/934
f  952/3625/952 348/3626/348 934/3627/934
f  956/3628/956 949/3629/949 342/3630/342
f  956/3631/956 961/3632/961 949/3633/949
f  961/3634/961 344/3635/344 949/3636/949
f  953/3637/953 955/3638/955 346/3639/346
f  953/3640/953 937/3641/937 955/3642/955
f  937/3643/937 349/3644/349 955/3645/955
f  950/3646/950 1203/3647/1203 340/3648/340
f  950/3649/950 931/3650/931 1203/3651/1203
f  931/3652/931 343/3653/343 1203/3654/1203
f  947/3655/947 983/3656/983 332/3657/332
f  947/3658/947 960/3659/960 983/3660/983
f  960/3661/960 334/3662/334 983/3663/983
f  944/3664/944 1133/3665/1133 329/3666/329
f  944/3667/944 924/3668/924 1133/3669/1133
f  924/3670/924 335/3671/335 1133/3672/1133
f  941/3673/941 925/3674/925 341/3675/341
f  941/3676/941 957/3677/957 925/3678/925
f  957/3679/957 342/3680/342 925/3681/925
f  938/3682/938 922/3683/922 337/3684/337
f  938/3685/938 958/3686/958 922/3687/922
f  958/3688/958 338/3689/338 922/3690/922
f  935/3691/935 1350/3692/1350 333/3693/333
f  935/3694/935 928/3695/928 1350/3696/1350
f  928/3697/928 347/3698/347 1350/3699/1350
f  932/3700/932 919/3701/919 330/3702/330
f  932/3703/932 963/3704/963 919/3705/919
f  963/3706/963 331/3707/331 919/3708/919
f  929/3709/929 940/3710/940 345/3711/345
f  929/3712/929 954/3713/954 940/3714/940
f  954/3715/954 346/3716/346 940/3717/940
f  926/3718/926 1198/3719/1198 339/3720/339
f  926/3721/926 951/3722/951 1198/3723/1198
f  951/3724/951 340/3725/340 1198/3726/1198
f  923/3727/923 1127/3728/1127 335/3729/335
f  923/3730/923 946/3731/946 1127/3732/1127
f  946/3733/946 336/3734/336 1127/3735/1127
f  920/3736/920 1124/3737/1124 328/3738/328
f  920/3739/920 945/3740/945 1124/3741/1124
f  945/3742/945 329/3743/329 1124/3744/1124
f  917/3745/917 915/3746/915 296/3747/296
f  917/3748/917 905/3749/905 915/3750/915
f  905/3751/905 312/3752/312 915/3753/915
f  914/3754/914 873/3755/873 296/3756/296
f  914/3757/914 1365/3758/1365 873/3759/873
f  1365/3760/1365 297/3761/297 873/3762/873
f  912/3763/912 1442/3764/1442 319/3765/319
f  912/3766/912 1100/3767/1100 1442/3768/1442
f  1100/3769/1100 316/3770/316 1442/3771/1442
f  910/3772/910 1362/3773/1362 315/3774/315
f  910/3775/910 1441/3776/1441 1362/3777/1362
f  1441/3778/1441 320/3779/320 1362/3780/1362
f  907/3781/907 1442/3782/1442 316/3783/316
f  907/3784/907 1441/3785/1441 1442/3786/1442
f  1441/3787/1441 319/3788/319 1442/3789/1442
f  904/3790/904 902/3791/902 312/3792/312
f  904/3793/904 911/3794/911 902/3795/902
f  911/3796/911 314/3797/314 902/3798/902
f  901/3799/901 913/3800/913 312/3801/312
f  901/3802/901 1355/3803/1355 913/3804/913
f  1355/3805/1355 313/3806/313 913/3807/913
f  898/3808/898 893/3809/893 299/3810/299
f  898/3811/898 872/3812/872 893/3813/893
f  872/3814/872 304/3815/304 893/3816/893
f  895/3817/895 888/3818/888 305/3819/305
f  895/3820/895 875/3821/875 888/3822/888
f  875/3823/875 308/3824/308 888/3825/888
f  892/3826/892 885/3827/885 299/3828/299
f  892/3829/892 881/3830/881 885/3831/885
f  881/3832/881 302/3833/302 885/3834/885
f  889/3835/889 891/3836/891 304/3837/304
f  889/3838/889 866/3839/866 891/3840/891
f  866/3841/866 306/3842/306 891/3843/891
f  886/3844/886 1183/3845/1183 298/3846/298
f  886/3847/886 863/3848/863 1183/3849/1183
f  863/3850/863 300/3851/300 1183/3852/1183
f  883/3853/883 894/3854/894 294/3855/294
f  883/3856/883 918/3857/918 894/3858/894
f  918/3859/918 296/3860/296 894/3861/894
f  880/3862/880 861/3863/861 302/3864/302
f  880/3865/880 1349/3866/1349 861/3867/861
f  1349/3868/1349 303/3869/303 861/3870/861
f  877/3871/877 897/3872/897 290/3873/290
f  877/3874/877 860/3875/860 897/3876/897
f  860/3877/860 293/3878/293 897/3879/897
f  874/3880/874 864/3881/864 308/3882/308
f  874/3883/874 1440/3884/1440 864/3885/864
f  1440/3886/1440 309/3887/309 864/3888/864
f  871/3889/871 890/3890/890 304/3891/304
f  871/3892/871 896/3893/896 890/3894/890
f  896/3895/896 305/3896/305 890/3897/890
f  868/3898/868 887/3899/887 298/3900/298
f  868/3901/868 899/3902/899 887/3903/887
f  899/3904/899 299/3905/299 887/3906/887
f  865/3907/865 879/3908/879 306/3909/306
f  865/3910/865 1346/3911/1346 879/3912/879
f  1346/3913/1346 307/3914/307 879/3915/879
f  862/3916/862 1180/3917/1180 300/3918/300
f  862/3919/862 1343/3920/1343 1180/3921/1180
f  1343/3922/1343 301/3923/301 1180/3924/1180
f  859/3925/859 870/3926/870 293/3927/293
f  859/3928/859 884/3929/884 870/3930/870
f  884/3931/884 294/3932/294 870/3933/870
f  856/3934/856 867/3935/867 289/3936/289
f  856/3937/856 878/3938/878 867/3939/867
f  878/3940/878 290/3941/290 867/3942/867
f  853/3943/853 1075/3944/1075 253/3945/253
f  853/3946/853 804/3947/804 1075/3948/1075
f  804/3949/804 258/3950/258 1075/3951/1075
f  850/3952/850 781/3953/781 256/3954/256
f  850/3955/850 852/3956/852 781/3957/781
f  852/3958/852 257/3959/257 781/3960/781
f  847/3961/847 1072/3962/1072 265/3963/265
f  847/3964/847 822/3965/822 1072/3966/1072
f  822/3967/822 270/3968/270 1072/3969/1072
f  844/3970/844 805/3971/805 268/3972/268
f  844/3973/844 846/3974/846 805/3975/805
f  846/3976/846 269/3977/269 805/3978/805
f  841/3979/841 1439/3980/1439 286/3981/286
f  841/3982/841 830/3983/830 1439/3984/1439
f  830/3985/830 285/3986/285 1439/3987/1439
f  838/3988/838 840/3989/840 283/3990/283
f  838/3991/838 1437/3992/1437 840/3993/840
f  1437/3994/1437 281/3995/281 840/3996/840
f  835/3997/835 1069/3998/1069 271/3999/271
f  835/4000/835 828/4001/828 1069/4002/1069
f  828/4003/828 276/4004/276 1069/4005/1069
f  832/4006/832 817/4007/817 274/4008/274
f  832/4009/832 834/4010/834 817/4011/817
f  834/4012/834 275/4013/275 817/4014/817
f  829/4015/829 1438/4016/1438 285/4017/285
f  829/4018/829 1334/4019/1334 1438/4020/1438
f  1334/4021/1334 284/4022/284 1438/4023/1438
f  827/4024/827 1063/4025/1063 276/4026/276
f  827/4027/827 1437/4028/1437 1063/4029/1063
f  1437/4030/1437 277/4031/277 1063/4032/1063
f  824/4033/824 831/4034/831 278/4035/278
f  824/4036/824 826/4037/826 831/4038/831
f  826/4039/826 279/4040/279 831/4041/831
f  821/4042/821 1060/4043/1060 270/4044/270
f  821/4045/821 836/4046/836 1060/4047/1060
f  836/4048/836 271/4049/271 1060/4050/1060
f  818/4051/818 843/4052/843 272/4053/272
f  818/4054/818 820/4055/820 843/4056/843
f  820/4057/820 273/4058/273 843/4059/843
f  815/4060/815 1057/4061/1057 259/4062/259
f  815/4063/815 810/4064/810 1057/4065/1057
f  810/4066/810 264/4067/264 1057/4068/1057
f  812/4069/812 799/4070/799 262/4071/262
f  812/4072/812 814/4073/814 799/4074/799
f  814/4075/814 263/4076/263 799/4077/799
f  809/4078/809 1054/4079/1054 264/4080/264
f  809/4081/809 848/4082/848 1054/4083/1054
f  848/4084/848 265/4085/265 1054/4086/1054
f  806/4087/806 811/4088/811 266/4089/266
f  806/4090/806 808/4091/808 811/4092/811
f  808/4093/808 267/4094/267 811/4095/811
f  803/4096/803 1051/4097/1051 258/4098/258
f  803/4099/803 816/4100/816 1051/4101/1051
f  816/4102/816 259/4103/259 1051/4104/1051
f  800/4105/800 849/4106/849 260/4107/260
f  800/4108/800 802/4109/802 849/4110/849
f  802/4111/802 261/4112/261 849/4113/849
f  797/4114/797 1048/4115/1048 241/4116/241
f  797/4117/797 780/4118/780 1048/4119/1048
f  780/4120/780 246/4121/246 1048/4122/1048
f  794/4123/794 763/4124/763 244/4125/244
f  794/4126/794 796/4127/796 763/4128/763
f  796/4129/796 245/4130/245 763/4131/763
f  791/4132/791 1045/4133/1045 247/4134/247
f  791/4135/791 786/4136/786 1045/4137/1045
f  786/4138/786 252/4139/252 1045/4140/1045
f  788/4141/788 775/4142/775 250/4143/250
f  788/4144/788 790/4145/790 775/4146/775
f  790/4147/790 251/4148/251 775/4149/775
f  785/4150/785 1042/4151/1042 252/4152/252
f  785/4153/785 854/4154/854 1042/4155/1042
f  854/4156/854 253/4157/253 1042/4158/1042
f  782/4159/782 787/4160/787 254/4161/254
f  782/4162/782 784/4163/784 787/4164/787
f  784/4165/784 255/4166/255 787/4167/787
f  779/4168/779 1039/4169/1039 246/4170/246
f  779/4171/779 792/4172/792 1039/4173/1039
f  792/4174/792 247/4175/247 1039/4176/1039
f  776/4177/776 793/4178/793 248/4179/248
f  776/4180/776 778/4181/778 793/4182/793
f  778/4183/778 249/4184/249 793/4185/793
f  773/4186/773 1036/4187/1036 237/4188/237
f  773/4189/773 768/4190/768 1036/4191/1036
f  768/4192/768 240/4193/240 1036/4194/1036
f  770/4195/770 1436/4196/1436 238/4197/238
f  770/4198/770 772/4199/772 1436/4200/1436
f  772/4201/772 239/4202/239 1436/4203/1436
f  767/4204/767 1033/4205/1033 240/4206/240
f  767/4207/767 798/4208/798 1033/4209/1033
f  798/4210/798 241/4211/241 1033/4212/1033
f  764/4213/764 769/4214/769 242/4215/242
f  764/4216/764 766/4217/766 769/4218/769
f  766/4219/766 243/4220/243 769/4221/769
f  761/4222/761 774/4223/774 237/4224/237
f  761/4225/761 1436/4226/1436 774/4227/774
f  1436/4228/1436 239/4229/239 774/4230/774
f  758/4231/758 756/4232/756 205/4233/205
f  758/4234/758 709/4235/709 756/4236/756
f  709/4237/709 209/4238/209 756/4239/756
f  755/4240/755 686/4241/686 205/4242/205
f  755/4243/755 1340/4244/1340 686/4245/686
f  1340/4246/1340 206/4247/206 686/4248/686
f  752/4249/752 750/4250/750 217/4251/217
f  752/4252/752 727/4253/727 750/4254/750
f  727/4255/727 221/4256/221 750/4257/750
f  749/4258/749 710/4259/710 217/4260/217
f  749/4261/749 1337/4262/1337 710/4263/710
f  1337/4264/1337 218/4265/218 710/4266/710
f  746/4267/746 734/4268/734 231/4269/231
f  746/4270/746 1435/4271/1435 734/4272/734
f  1435/4273/1435 234/4274/234 734/4275/734
f  743/4276/743 1432/4277/1432 228/4278/228
f  743/4279/743 747/4280/747 1432/4281/1432
f  747/4282/747 231/4283/231 1432/4284/1432
f  740/4285/740 738/4286/738 223/4287/223
f  740/4288/740 733/4289/733 738/4290/738
f  733/4291/733 229/4292/229 738/4293/738
f  737/4294/737 722/4295/722 223/4296/223
f  737/4297/737 1331/4298/1331 722/4299/722
f  1331/4300/1331 224/4301/224 722/4302/722
f  735/4303/735 1434/4304/1434 232/4305/232
f  735/4306/735 1433/4307/1433 1434/4308/1434
f  1433/4309/1433 235/4310/235 1434/4311/1434
f  732/4312/732 730/4313/730 229/4314/229
f  732/4315/732 1432/4316/1432 730/4317/730
f  1432/4318/1432 231/4319/231 730/4320/730
f  729/4321/729 736/4322/736 229/4323/229
f  729/4324/729 1327/4325/1327 736/4326/736
f  1327/4327/1327 230/4328/230 736/4329/736
f  726/4330/726 724/4331/724 221/4332/221
f  726/4333/726 741/4334/741 724/4335/724
f  741/4336/741 223/4337/223 724/4338/724
f  723/4339/723 748/4340/748 221/4341/221
f  723/4342/723 1326/4343/1326 748/4344/748
f  1326/4345/1326 222/4346/222 748/4347/748
f  720/4348/720 718/4349/718 211/4350/211
f  720/4351/720 715/4352/715 718/4353/718
f  715/4354/715 215/4355/215 718/4356/718
f  717/4357/717 704/4358/704 211/4359/211
f  717/4360/717 1323/4361/1323 704/4362/704
f  1323/4363/1323 212/4364/212 704/4365/704
f  714/4366/714 712/4367/712 215/4368/215
f  714/4369/714 753/4370/753 712/4371/712
f  753/4372/753 217/4373/217 712/4374/712
f  711/4375/711 716/4376/716 215/4377/215
f  711/4378/711 1320/4379/1320 716/4380/716
f  1320/4381/1320 216/4382/216 716/4383/716
f  708/4384/708 706/4385/706 209/4386/209
f  708/4387/708 721/4388/721 706/4389/706
f  721/4390/721 211/4391/211 706/4392/706
f  705/4393/705 754/4394/754 209/4395/209
f  705/4396/705 1317/4397/1317 754/4398/754
f  1317/4399/1317 210/4400/210 754/4401/754
f  702/4402/702 700/4403/700 193/4404/193
f  702/4405/702 685/4406/685 700/4407/700
f  685/4408/685 197/4409/197 700/4410/700
f  699/4411/699 669/4412/669 193/4413/193
f  699/4414/699 1314/4415/1314 669/4416/669
f  1314/4417/1314 194/4418/194 669/4419/669
f  696/4420/696 694/4421/694 199/4422/199
f  696/4423/696 691/4424/691 694/4425/694
f  691/4426/691 203/4427/203 694/4428/694
f  693/4429/693 680/4430/680 199/4431/199
f  693/4432/693 1311/4433/1311 680/4434/680
f  1311/4435/1311 200/4436/200 680/4437/680
f  690/4438/690 688/4439/688 203/4440/203
f  690/4441/690 759/4442/759 688/4443/688
f  759/4444/759 205/4445/205 688/4446/688
f  687/4447/687 692/4448/692 203/4449/203
f  687/4450/687 1308/4451/1308 692/4452/692
f  1308/4453/1308 204/4454/204 692/4455/692
f  684/4456/684 682/4457/682 197/4458/197
f  684/4459/684 697/4460/697 682/4461/682
f  697/4462/697 199/4463/199 682/4464/682
f  681/4465/681 698/4466/698 197/4467/197
f  681/4468/681 1305/4469/1305 698/4470/698
f  1305/4471/1305 198/4472/198 698/4473/698
f  679/4474/679 677/4475/677 187/4476/187
f  679/4477/679 674/4478/674 677/4479/677
f  674/4480/674 191/4481/191 677/4482/677
f  676/4483/676 1431/4484/1431 187/4485/187
f  676/4486/676 1302/4487/1302 1431/4488/1431
f  1302/4489/1302 188/4490/188 1431/4491/1431
f  673/4492/673 671/4493/671 191/4494/191
f  673/4495/673 703/4496/703 671/4497/671
f  703/4498/703 193/4499/193 671/4500/671
f  670/4501/670 675/4502/675 191/4503/191
f  670/4504/670 1299/4505/1299 675/4506/675
f  1299/4507/1299 192/4508/192 675/4509/675
f  667/4510/667 1294/4511/1294 186/4512/186
f  667/4513/667 1431/4514/1431 1294/4515/1294
f  1431/4516/1431 188/4517/188 1294/4518/1294
f  664/4519/664 653/4520/653 168/4521/168
f  664/4522/664 1430/4523/1430 653/4524/653
f  1430/4525/1430 171/4526/171 653/4527/653
f  663/4528/663 665/4529/665 168/4530/168
f  663/4531/663 1424/4532/1424 665/4533/665
f  1424/4534/1424 161/4535/161 665/4536/665
f  660/4537/660 654/4538/654 174/4539/174
f  660/4540/660 1145/4541/1145 654/4542/654
f  1145/4543/1145 176/4544/176 654/4545/654
f  658/4546/658 661/4547/661 174/4548/174
f  658/4549/658 1429/4550/1429 661/4551/661
f  1429/4552/1429 170/4553/170 661/4554/661
f  655/4555/655 1271/4556/1271 173/4557/173
f  655/4558/655 1138/4559/1138 1271/4560/1271
f  1138/4561/1138 175/4562/175 1271/4563/1271
f  652/4564/652 1428/4565/1428 168/4566/168
f  652/4567/652 659/4568/659 1428/4569/1428
f  659/4570/659 170/4571/170 1428/4572/1428
f  649/4573/649 1429/4574/1429 169/4575/169
f  649/4576/649 1428/4577/1428 1429/4578/1429
f  1428/4579/1428 170/4580/170 1429/4581/1429
f  646/4582/646 1427/4583/1427 149/4584/149
f  646/4585/646 623/4586/623 1427/4587/1427
f  623/4588/623 154/4589/154 1427/4590/1427
f  643/4591/643 636/4592/636 161/4593/161
f  643/4594/643 1425/4595/1425 636/4596/636
f  1425/4597/1425 164/4598/164 636/4599/636
f  640/4600/640 633/4601/633 151/4602/151
f  640/4603/640 1427/4604/1427 633/4605/633
f  1427/4606/1427 154/4607/154 633/4608/633
f  637/4609/637 1130/4610/1130 162/4611/162
f  637/4612/637 1422/4613/1422 1130/4614/1130
f  1422/4615/1422 166/4616/166 1130/4617/1130
f  634/4618/634 642/4619/642 153/4620/153
f  634/4621/634 1426/4622/1426 642/4623/642
f  1426/4624/1426 155/4625/155 642/4626/642
f  631/4627/631 639/4628/639 147/4629/147
f  631/4630/631 1423/4631/1423 639/4632/639
f  1423/4633/1423 149/4634/149 639/4635/639
f  628/4636/628 645/4637/645 157/4638/157
f  628/4639/628 614/4640/614 645/4641/645
f  614/4642/614 163/4643/163 645/4644/645
f  625/4645/625 606/4646/606 150/4647/150
f  625/4648/625 641/4649/641 606/4650/606
f  641/4651/641 151/4652/151 606/4653/606
f  622/4654/622 1426/4655/1426 154/4656/154
f  622/4657/622 1425/4658/1425 1426/4659/1426
f  1425/4660/1425 155/4661/155 1426/4662/1426
f  619/4663/619 1424/4664/1424 160/4665/160
f  619/4666/619 644/4667/644 1424/4668/1424
f  644/4669/644 161/4670/161 1424/4671/1424
f  616/4672/616 1423/4673/1423 148/4674/148
f  616/4675/616 647/4676/647 1423/4677/1423
f  647/4678/647 149/4679/149 1423/4680/1423
f  613/4681/613 621/4682/621 163/4683/163
f  613/4684/613 1422/4685/1422 621/4686/621
f  1422/4687/1422 164/4688/164 621/4689/621
f  610/4690/610 615/4691/615 156/4692/156
f  610/4693/610 629/4694/629 615/4695/615
f  629/4696/629 157/4697/157 615/4698/615
f  607/4699/607 618/4700/618 152/4701/152
f  607/4702/607 635/4703/635 618/4704/618
f  635/4705/635 153/4706/153 618/4707/618
f  604/4708/604 624/4709/624 146/4710/146
f  604/4711/604 632/4712/632 624/4713/624
f  632/4714/632 147/4715/147 624/4716/624
f  602/4717/602 1101/4718/1101 125/4719/125
f  602/4720/602 590/4721/590 1101/4722/1101
f  590/4723/590 130/4724/130 1101/4725/1101
f  600/4726/600 586/4727/586 126/4728/126
f  600/4729/600 1279/4730/1279 586/4731/586
f  1279/4732/1279 127/4733/127 586/4734/586
f  597/4735/597 1421/4736/1421 131/4737/131
f  597/4738/597 593/4739/593 1421/4740/1421
f  593/4741/593 134/4742/134 1421/4743/1421
f  595/4744/595 591/4745/591 132/4746/132
f  595/4747/595 1276/4748/1276 591/4749/591
f  1276/4750/1276 133/4751/133 591/4752/591
f  592/4753/592 1095/4754/1095 134/4755/134
f  592/4756/592 1420/4757/1420 1095/4758/1095
f  1420/4759/1420 135/4760/135 1095/4761/1095
f  589/4762/589 1090/4763/1090 130/4764/130
f  589/4765/589 598/4766/598 1090/4767/1090
f  598/4768/598 131/4769/131 1090/4770/1090
f  587/4771/587 594/4772/594 128/4773/128
f  587/4774/587 1267/4775/1267 594/4776/594
f  1267/4777/1267 129/4778/129 594/4779/594
f  584/4780/584 565/4781/565 116/4782/116
f  584/4783/584 561/4784/561 565/4785/565
f  561/4786/561 119/4787/119 565/4788/565
f  582/4789/582 1419/4790/1419 110/4791/110
f  582/4792/582 577/4793/577 1419/4794/1419
f  577/4795/577 120/4796/120 1419/4797/1419
f  579/4798/579 573/4799/573 109/4800/109
f  579/4801/579 570/4802/570 573/4803/573
f  570/4804/570 111/4805/111 573/4806/573
f  576/4807/576 1418/4808/1418 120/4809/120
f  576/4810/576 1086/4811/1086 1418/4812/1418
f  1086/4813/1086 122/4814/122 1418/4815/1418
f  574/4816/574 583/4817/583 110/4818/110
f  574/4819/574 549/4820/549 583/4821/583
f  549/4822/549 113/4823/113 583/4824/583
f  572/4825/572 578/4826/578 104/4827/104
f  572/4828/572 546/4829/546 578/4830/578
f  546/4831/546 107/4832/107 578/4833/578
f  569/4834/569 547/4835/547 111/4836/111
f  569/4837/569 1262/4838/1262 547/4839/547
f  1262/4840/1262 112/4841/112 547/4842/547
f  566/4843/566 1087/4844/1087 118/4845/118
f  566/4846/566 555/4847/555 1087/4848/1087
f  555/4849/555 121/4850/121 1087/4851/1087
f  563/4852/563 581/4853/581 113/4854/113
f  563/4855/563 599/4856/599 581/4857/581
f  599/4858/599 123/4859/123 581/4860/581
f  560/4861/560 553/4862/553 119/4863/119
f  560/4864/560 1419/4865/1419 553/4866/553
f  1419/4867/1419 120/4868/120 553/4869/553
f  557/4870/557 550/4871/550 115/4872/115
f  557/4873/557 585/4874/585 550/4875/550
f  585/4876/585 116/4877/116 550/4878/550
f  554/4879/554 1081/4880/1081 121/4881/121
f  554/4882/554 1418/4883/1418 1081/4884/1081
f  1418/4885/1418 122/4886/122 1081/4887/1081
f  551/4888/551 1078/4889/1078 117/4890/117
f  551/4891/551 567/4892/567 1078/4893/1078
f  567/4894/567 118/4895/118 1078/4896/1078
f  548/4897/548 564/4898/564 113/4899/113
f  548/4900/548 1259/4901/1259 564/4902/564
f  1259/4903/1259 114/4904/114 564/4905/564
f  545/4906/545 568/4907/568 107/4908/107
f  545/4909/545 1256/4910/1256 568/4911/568
f  1256/4912/1256 108/4913/108 568/4914/568
f  542/4915/542 1417/4916/1417 71/4917/71
f  542/4918/542 492/4919/492 1417/4920/1417
f  492/4921/492 75/4922/75 1417/4923/1417
f  539/4924/539 487/4925/487 74/4926/74
f  539/4927/539 1417/4928/1417 487/4929/487
f  1417/4930/1417 75/4931/75 487/4932/487
f  536/4933/536 1416/4934/1416 83/4935/83
f  536/4936/536 510/4937/510 1416/4938/1416
f  510/4939/510 90/4940/90 1416/4941/1416
f  533/4942/533 505/4943/505 89/4944/89
f  533/4945/533 1416/4946/1416 505/4947/505
f  1416/4948/1416 90/4949/90 505/4950/505
f  530/4951/530 1197/4952/1197 88/4953/88
f  530/4954/530 528/4955/528 1197/4956/1197
f  528/4957/528 101/4958/101 1197/4959/1197
f  527/4960/527 1192/4961/1192 101/4962/101
f  527/4963/527 1068/4964/1068 1192/4965/1192
f  1068/4966/1068 102/4967/102 1192/4968/1192
f  524/4969/524 1415/4970/1415 92/4971/92
f  524/4972/524 514/4973/514 1415/4974/1415
f  514/4975/514 96/4976/96 1415/4977/1415
f  521/4978/521 1413/4979/1413 95/4980/95
f  521/4981/521 1415/4982/1415 1413/4983/1413
f  1415/4984/1415 96/4985/96 1413/4986/1413
f  518/4987/518 529/4988/529 87/4989/87
f  518/4990/518 513/4991/513 529/4992/529
f  513/4993/513 98/4994/98 529/4995/529
f  515/4996/515 526/4997/526 98/4998/98
f  515/4999/515 1414/5000/1414 526/5001/526
f  1414/5002/1414 100/5003/100 526/5004/526
f  512/5005/512 516/5006/516 98/5007/98
f  512/5008/512 1413/5009/1413 516/5010/516
f  1413/5011/1413 96/5012/96 516/5013/516
f  509/5014/509 1412/5015/1412 90/5016/90
f  509/5017/509 525/5018/525 1412/5019/1412
f  525/5020/525 92/5021/92 1412/5022/1412
f  506/5023/506 520/5024/520 91/5025/91
f  506/5026/506 1412/5027/1412 520/5028/520
f  1412/5029/1412 92/5030/92 520/5031/520
f  503/5032/503 1411/5033/1411 77/5034/77
f  503/5035/503 498/5036/498 1411/5037/1411
f  498/5038/498 81/5039/81 1411/5040/1411
f  500/5041/500 493/5042/493 80/5043/80
f  500/5044/500 1411/5045/1411 493/5046/493
f  1411/5047/1411 81/5048/81 493/5049/493
f  497/5050/497 1410/5051/1410 81/5052/81
f  497/5053/497 537/5054/537 1410/5055/1410
f  537/5056/537 83/5057/83 1410/5058/1410
f  494/5059/494 532/5060/532 82/5061/82
f  494/5062/494 1410/5063/1410 532/5064/532
f  1410/5065/1410 83/5066/83 532/5067/532
f  491/5068/491 1409/5069/1409 75/5070/75
f  491/5071/491 504/5072/504 1409/5073/1409
f  504/5074/504 77/5075/77 1409/5076/1409
f  488/5077/488 499/5078/499 76/5079/76
f  488/5080/488 1409/5081/1409 499/5082/499
f  1409/5083/1409 77/5084/77 499/5085/499
f  485/5086/485 1408/5087/1408 59/5088/59
f  485/5089/485 468/5090/468 1408/5091/1408
f  468/5092/468 63/5093/63 1408/5094/1408
f  482/5095/482 463/5096/463 62/5097/62
f  482/5098/482 1408/5099/1408 463/5100/463
f  1408/5101/1408 63/5102/63 463/5103/463
f  479/5104/479 1407/5105/1407 65/5106/65
f  479/5107/479 474/5108/474 1407/5109/1407
f  474/5110/474 69/5111/69 1407/5112/1407
f  476/5113/476 469/5114/469 68/5115/68
f  476/5116/476 1407/5117/1407 469/5118/469
f  1407/5119/1407 69/5120/69 469/5121/469
f  473/5122/473 1406/5123/1406 69/5124/69
f  473/5125/473 543/5126/543 1406/5127/1406
f  543/5128/543 71/5129/71 1406/5130/1406
f  470/5131/470 538/5132/538 70/5133/70
f  470/5134/470 1406/5135/1406 538/5136/538
f  1406/5137/1406 71/5138/71 538/5139/538
f  467/5140/467 1405/5141/1405 63/5142/63
f  467/5143/467 480/5144/480 1405/5145/1405
f  480/5146/480 65/5147/65 1405/5148/1405
f  464/5149/464 475/5150/475 64/5151/64
f  464/5152/464 1405/5153/1405 475/5154/475
f  1405/5155/1405 65/5156/65 475/5157/475
f  461/5158/461 1404/5159/1404 53/5160/53
f  461/5161/461 457/5162/457 1404/5163/1404
f  457/5164/457 57/5165/57 1404/5166/1404
f  458/5167/458 452/5168/452 56/5169/56
f  458/5170/458 1404/5171/1404 452/5172/452
f  1404/5173/1404 57/5174/57 452/5175/452
f  456/5176/456 1403/5177/1403 57/5178/57
f  456/5179/456 486/5180/486 1403/5181/1403
f  486/5182/486 59/5183/59 1403/5184/1403
f  453/5185/453 481/5186/481 58/5187/58
f  453/5188/453 1403/5189/1403 481/5190/481
f  1403/5191/1403 59/5192/59 481/5193/481
f  450/5194/450 462/5195/462 53/5196/53
f  450/5197/450 1032/5198/1032 462/5199/462
f  1032/5200/1032 55/5201/55 462/5202/462
f  447/5203/447 1027/5204/1027 22/5205/22
f  447/5206/447 404/5207/404 1027/5208/1027
f  404/5209/404 27/5210/27 1027/5211/1027
f  445/5212/445 400/5213/400 23/5214/23
f  445/5215/445 1253/5216/1253 400/5217/400
f  1253/5218/1253 24/5219/24 400/5220/400
f  442/5221/442 1024/5222/1024 34/5223/34
f  442/5224/442 419/5225/419 1024/5226/1024
f  419/5227/419 42/5228/42 1024/5229/1024
f  440/5230/440 415/5231/415 38/5232/38
f  440/5233/440 1250/5234/1250 415/5235/415
f  1250/5236/1250 39/5237/39 415/5238/415
f  437/5239/437 433/5240/433 48/5241/48
f  437/5242/437 1177/5243/1177 433/5244/433
f  1177/5245/1177 44/5246/44 433/5247/433
f  434/5248/434 1018/5249/1018 51/5250/51
f  434/5251/434 1171/5252/1171 1018/5253/1018
f  1171/5254/1171 45/5255/45 1018/5256/1018
f  431/5257/431 1021/5258/1021 43/5259/43
f  431/5260/431 424/5261/424 1021/5262/1021
f  424/5263/424 50/5264/50 1021/5265/1021
f  429/5266/429 420/5267/420 46/5268/46
f  429/5269/429 1245/5270/1245 420/5271/420
f  1245/5272/1245 47/5273/47 420/5274/420
f  426/5275/426 1401/5276/1401 49/5277/49
f  426/5278/426 438/5279/438 1401/5280/1401
f  438/5281/438 48/5282/48 1401/5283/1401
f  423/5284/423 1402/5285/1402 50/5286/50
f  423/5287/423 435/5288/435 1402/5289/1402
f  435/5290/435 51/5291/51 1402/5292/1402
f  421/5293/421 1401/5294/1401 48/5295/48
f  421/5296/421 1242/5297/1242 1401/5298/1401
f  1242/5299/1242 49/5300/49 1401/5301/1401
f  418/5302/418 1013/5303/1013 42/5304/42
f  418/5305/418 432/5306/432 1013/5307/1013
f  432/5308/432 43/5309/43 1013/5310/1013
f  416/5311/416 428/5312/428 40/5313/40
f  416/5314/416 1239/5315/1239 428/5316/428
f  1239/5317/1239 41/5318/41 428/5319/428
f  413/5320/413 1010/5321/1010 28/5322/28
f  413/5323/413 409/5324/409 1010/5325/1010
f  409/5326/409 33/5327/33 1010/5328/1010
f  411/5329/411 405/5330/405 29/5331/29
f  411/5332/411 1236/5333/1236 405/5334/405
f  1236/5335/1236 30/5336/30 405/5337/405
f  408/5338/408 1007/5339/1007 33/5340/33
f  408/5341/408 443/5342/443 1007/5343/1007
f  443/5344/443 34/5345/34 1007/5346/1007
f  406/5347/406 439/5348/439 31/5349/31
f  406/5350/406 1233/5351/1233 439/5352/439
f  1233/5353/1233 32/5354/32 439/5355/439
f  403/5356/403 1004/5357/1004 27/5358/27
f  403/5359/403 414/5360/414 1004/5361/1004
f  414/5362/414 28/5363/28 1004/5364/1004
f  401/5365/401 410/5366/410 25/5367/25
f  401/5368/401 1230/5369/1230 410/5370/410
f  1230/5371/1230 26/5372/26 410/5373/410
f  398/5374/398 1001/5375/1001 10/5376/10
f  398/5377/398 384/5378/384 1001/5379/1001
f  384/5380/384 15/5381/15 1001/5382/1001
f  396/5383/396 380/5384/380 11/5385/11
f  396/5386/396 1227/5387/1227 380/5388/380
f  1227/5389/1227 12/5390/12 380/5391/380
f  393/5392/393 998/5393/998 16/5394/16
f  393/5395/393 389/5396/389 998/5397/998
f  389/5398/389 21/5399/21 998/5400/998
f  391/5401/391 385/5402/385 17/5403/17
f  391/5404/391 1224/5405/1224 385/5406/385
f  1224/5407/1224 18/5408/18 385/5409/385
f  388/5410/388 995/5411/995 21/5412/21
f  388/5413/388 448/5414/448 995/5415/995
f  448/5416/448 22/5417/22 995/5418/995
f  386/5419/386 444/5420/444 19/5421/19
f  386/5422/386 1221/5423/1221 444/5424/444
f  1221/5425/1221 20/5426/20 444/5427/444
f  383/5428/383 992/5429/992 15/5430/15
f  383/5431/383 394/5432/394 992/5433/992
f  394/5434/394 16/5435/16 992/5436/992
f  381/5437/381 390/5438/390 13/5439/13
f  381/5440/381 1218/5441/1218 390/5442/390
f  1218/5443/1218 14/5444/14 390/5445/390
f  379/5446/379 990/5447/990 3/5448/3
f  379/5449/379 376/5450/376 990/5451/990
f  376/5452/376 9/5453/9 990/5454/990
f  377/5455/377 372/5456/372 5/5457/5
f  377/5458/377 1215/5459/1215 372/5460/372
f  1215/5461/1215 6/5462/6 372/5463/372
f  375/5464/375 987/5465/987 9/5466/9
f  375/5467/375 399/5468/399 987/5469/987
f  399/5470/399 10/5471/10 987/5472/987
f  373/5473/373 395/5474/395 7/5475/7
f  373/5476/373 1213/5477/1213 395/5478/395
f  1213/5479/1213 8/5480/8 395/5481/395
f  370/5482/370 1208/5483/1208 2/5484/2
f  370/5485/370 986/5486/986 1208/5487/1208
f  986/5488/986 4/5489/4 1208/5490/1208
f  1398/5491/1398 1400/5492/1400 282/5493/282
f  1398/5494/1398 1399/5495/1399 1400/5496/1400
f  1399/5497/1399 102/5498/102 1400/5499/1400
f  1395/5500/1395 1397/5501/1397 45/5502/45
f  1395/5503/1395 1396/5504/1396 1397/5505/1397
f  1396/5506/1396 225/5507/225 1397/5508/1397
f  1392/5509/1392 1394/5510/1394 184/5511/184
f  1392/5512/1392 1393/5513/1393 1394/5514/1394
f  1393/5515/1393 143/5516/143 1394/5517/1394
f  1389/5518/1389 1391/5519/1391 4/5520/4
f  1389/5521/1389 1390/5522/1390 1391/5523/1391
f  1390/5524/1390 54/5525/54 1391/5526/1391
f  1386/5527/1386 1388/5528/1388 301/5529/301
f  1386/5530/1386 1387/5531/1387 1388/5532/1388
f  1387/5533/1387 235/5534/235 1388/5535/1388
f  1247/5536/1247 1385/5537/1385 37/5538/37
f  1247/5539/1247 1384/5540/1384 1385/5541/1385
f  1384/5542/1384 106/5543/106 1385/5544/1385
f  1368/5545/1368 1123/5546/1123 321/5547/321
f  1368/5548/1368 1383/5549/1383 1123/5550/1123
f  1383/5551/1383 318/5552/318 1123/5553/1123
f  1381/5554/1381 1369/5555/1369 324/5556/324
f  1381/5557/1381 1382/5558/1382 1369/5559/1369
f  1382/5560/1382 365/5561/365 1369/5562/1369
f  1378/5563/1378 1380/5564/1380 327/5565/327
f  1378/5566/1378 1379/5567/1379 1380/5568/1380
f  1379/5569/1379 326/5570/326 1380/5571/1380
f  1375/5572/1375 1377/5573/1377 326/5574/326
f  1375/5575/1375 1376/5576/1376 1377/5577/1377
f  1376/5578/1376 325/5579/325 1377/5580/1377
f  1372/5581/1372 1374/5582/1374 323/5583/323
f  1372/5584/1372 1373/5585/1373 1374/5586/1374
f  1373/5587/1373 322/5588/322 1374/5589/1374
f  1369/5590/1369 1371/5591/1371 324/5592/324
f  1369/5593/1369 1370/5594/1370 1371/5595/1371
f  1370/5596/1370 323/5597/323 1371/5598/1371
f  1366/5599/1366 1368/5600/1368 321/5601/321
f  1366/5602/1366 1367/5603/1367 1368/5604/1368
f  1367/5605/1367 362/5606/362 1368/5607/1368
f  1363/5608/1363 1365/5609/1365 313/5610/313
f  1363/5611/1363 1364/5612/1364 1365/5613/1365
f  1364/5614/1364 297/5615/297 1365/5616/1365
f  1360/5617/1360 1362/5618/1362 320/5619/320
f  1360/5620/1360 1361/5621/1361 1362/5622/1362
f  1361/5623/1361 315/5624/315 1362/5625/1362
f  1358/5626/1358 906/5627/906 317/5628/317
f  1358/5629/1358 1359/5630/1359 906/5631/906
f  1359/5632/1359 320/5633/320 906/5634/906
f  1356/5635/1356 1097/5636/1097 318/5637/318
f  1356/5638/1356 1357/5639/1357 1097/5640/1097
f  1357/5641/1357 317/5642/317 1097/5643/1097
f  1353/5644/1353 1355/5645/1355 315/5646/315
f  1353/5647/1353 1354/5648/1354 1355/5649/1355
f  1354/5650/1354 313/5651/313 1355/5652/1355
f  1350/5653/1350 1352/5654/1352 333/5655/333
f  1350/5656/1350 1351/5657/1351 1352/5658/1352
f  1351/5659/1351 297/5660/297 1352/5661/1352
f  1347/5662/1347 1349/5663/1349 307/5664/307
f  1347/5665/1347 1348/5666/1348 1349/5667/1349
f  1348/5668/1348 303/5669/303 1349/5670/1349
f  1344/5671/1344 1346/5672/1346 309/5673/309
f  1344/5674/1344 1345/5675/1345 1346/5676/1346
f  1345/5677/1345 307/5678/307 1346/5679/1346
f  1341/5680/1341 1343/5681/1343 303/5682/303
f  1341/5683/1341 1342/5684/1342 1343/5685/1343
f  1342/5686/1342 301/5687/301 1343/5688/1343
f  1338/5689/1338 1340/5690/1340 210/5691/210
f  1338/5692/1338 1339/5693/1339 1340/5694/1340
f  1339/5695/1339 206/5696/206 1340/5697/1340
f  1335/5698/1335 1337/5699/1337 222/5700/222
f  1335/5701/1335 1336/5702/1336 1337/5703/1337
f  1336/5704/1336 218/5705/218 1337/5706/1337
f  1332/5707/1332 1334/5708/1334 280/5709/280
f  1332/5710/1332 1333/5711/1333 1334/5712/1334
f  1333/5713/1333 284/5714/284 1334/5715/1334
f  1329/5716/1329 1331/5717/1331 230/5718/230
f  1329/5719/1329 1330/5720/1330 1331/5721/1331
f  1330/5722/1330 224/5723/224 1331/5724/1331
f  1327/5725/1327 1329/5726/1329 230/5727/230
f  1327/5728/1327 1328/5729/1328 1329/5730/1329
f  1328/5731/1328 278/5732/278 1329/5733/1329
f  1324/5734/1324 1326/5735/1326 224/5736/224
f  1324/5737/1324 1325/5738/1325 1326/5739/1326
f  1325/5740/1325 222/5741/222 1326/5742/1326
f  1321/5743/1321 1323/5744/1323 216/5745/216
f  1321/5746/1321 1322/5747/1322 1323/5748/1323
f  1322/5749/1322 212/5750/212 1323/5751/1323
f  1318/5752/1318 1320/5753/1320 218/5754/218
f  1318/5755/1318 1319/5756/1319 1320/5757/1320
f  1319/5758/1319 216/5759/216 1320/5760/1320
f  1315/5761/1315 1317/5762/1317 212/5763/212
f  1315/5764/1315 1316/5765/1316 1317/5766/1317
f  1316/5767/1316 210/5768/210 1317/5769/1317
f  1312/5770/1312 1314/5771/1314 198/5772/198
f  1312/5773/1312 1313/5774/1313 1314/5775/1314
f  1313/5776/1313 194/5777/194 1314/5778/1314
f  1309/5779/1309 1311/5780/1311 204/5781/204
f  1309/5782/1309 1310/5783/1310 1311/5784/1311
f  1310/5785/1310 200/5786/200 1311/5787/1311
f  1306/5788/1306 1308/5789/1308 206/5790/206
f  1306/5791/1306 1307/5792/1307 1308/5793/1308
f  1307/5794/1307 204/5795/204 1308/5796/1308
f  1303/5797/1303 1305/5798/1305 200/5799/200
f  1303/5800/1303 1304/5801/1304 1305/5802/1305
f  1304/5803/1304 198/5804/198 1305/5805/1305
f  1300/5806/1300 1302/5807/1302 192/5808/192
f  1300/5809/1300 1301/5810/1301 1302/5811/1302
f  1301/5812/1301 188/5813/188 1302/5814/1302
f  1297/5815/1297 1299/5816/1299 194/5817/194
f  1297/5818/1297 1298/5819/1298 1299/5820/1299
f  1298/5821/1298 192/5822/192 1299/5823/1299
f  1294/5824/1294 1296/5825/1296 186/5826/186
f  1294/5827/1294 1295/5828/1295 1296/5829/1296
f  1295/5830/1295 236/5831/236 1296/5832/1296
f  1292/5833/1292 1280/5834/1280 137/5835/137
f  1292/5836/1292 1293/5837/1293 1280/5838/1280
f  1293/5839/1293 178/5840/178 1280/5841/1280
f  1290/5842/1290 1118/5843/1118 140/5844/140
f  1290/5845/1290 1291/5846/1291 1118/5847/1118
f  1291/5848/1291 141/5849/141 1118/5850/1118
f  1288/5851/1288 1115/5852/1115 142/5853/142
f  1288/5854/1288 1289/5855/1289 1115/5856/1115
f  1289/5857/1289 143/5858/143 1115/5859/1115
f  1286/5860/1286 1112/5861/1112 141/5862/141
f  1286/5863/1286 1287/5864/1287 1112/5865/1112
f  1287/5866/1287 142/5867/142 1112/5868/1112
f  1284/5869/1284 1109/5870/1109 138/5871/138
f  1284/5872/1284 1285/5873/1285 1109/5874/1109
f  1285/5875/1285 139/5876/139 1109/5877/1109
f  1282/5878/1282 1106/5879/1106 139/5880/139
f  1282/5881/1282 1283/5882/1283 1106/5883/1106
f  1283/5884/1283 140/5885/140 1106/5886/1106
f  1280/5887/1280 1103/5888/1103 137/5889/137
f  1280/5890/1280 1281/5891/1281 1103/5892/1103
f  1281/5893/1281 138/5894/138 1103/5895/1103
f  1277/5896/1277 1279/5897/1279 124/5898/124
f  1277/5899/1277 1278/5900/1278 1279/5901/1279
f  1278/5902/1278 127/5903/127 1279/5904/1279
f  1274/5905/1274 1276/5906/1276 129/5907/129
f  1274/5908/1274 1275/5909/1275 1276/5910/1276
f  1275/5911/1275 133/5912/133 1276/5913/1276
f  1271/5914/1271 1273/5915/1273 173/5916/173
f  1271/5917/1271 1272/5918/1272 1273/5919/1273
f  1272/5920/1272 133/5921/133 1273/5922/1273
f  1268/5923/1268 1270/5924/1270 136/5925/136
f  1268/5926/1268 1269/5927/1269 1270/5928/1270
f  1269/5929/1269 177/5930/177 1270/5931/1270
f  1265/5932/1265 1267/5933/1267 127/5934/127
f  1265/5935/1265 1266/5936/1266 1267/5937/1267
f  1266/5938/1266 129/5939/129 1267/5940/1267
f  1263/5941/1263 562/5942/562 114/5943/114
f  1263/5944/1263 1264/5945/1264 562/5946/562
f  1264/5947/1264 124/5948/124 562/5949/562
f  1260/5950/1260 1262/5951/1262 108/5952/108
f  1260/5953/1260 1261/5954/1261 1262/5955/1262
f  1261/5956/1261 112/5957/112 1262/5958/1262
f  1257/5959/1257 1259/5960/1259 112/5961/112
f  1257/5962/1257 1258/5963/1258 1259/5964/1259
f  1258/5965/1258 114/5966/114 1259/5967/1259
f  1254/5968/1254 1256/5969/1256 106/5970/106
f  1254/5971/1254 1255/5972/1255 1256/5973/1256
f  1255/5974/1255 108/5975/108 1256/5976/1256
f  1251/5977/1251 1253/5978/1253 20/5979/20
f  1251/5980/1251 1252/5981/1252 1253/5982/1253
f  1252/5983/1252 24/5984/24 1253/5985/1253
f  1248/5986/1248 1250/5987/1250 32/5988/32
f  1248/5989/1248 1249/5990/1249 1250/5991/1250
f  1249/5992/1249 39/5993/39 1250/5994/1250
f  427/5995/427 1247/5996/1247 37/5997/37
f  427/5998/427 1246/5999/1246 1247/6000/1247
f  1246/6001/1246 86/6002/86 1247/6003/1247
f  1243/6004/1243 1245/6005/1245 41/6006/41
f  1243/6007/1243 1244/6008/1244 1245/6009/1245
f  1244/6010/1244 47/6011/47 1245/6012/1245
f  1240/6013/1240 1242/6014/1242 47/6015/47
f  1240/6016/1240 1241/6017/1241 1242/6018/1242
f  1241/6019/1241 49/6020/49 1242/6021/1242
f  1237/6022/1237 1239/6023/1239 39/6024/39
f  1237/6025/1237 1238/6026/1238 1239/6027/1239
f  1238/6028/1238 41/6029/41 1239/6030/1239
f  1234/6031/1234 1236/6032/1236 26/6033/26
f  1234/6034/1234 1235/6035/1235 1236/6036/1236
f  1235/6037/1235 30/6038/30 1236/6039/1236
f  1231/6040/1231 1233/6041/1233 30/6042/30
f  1231/6043/1231 1232/6044/1232 1233/6045/1233
f  1232/6046/1232 32/6047/32 1233/6048/1233
f  1228/6049/1228 1230/6050/1230 24/6051/24
f  1228/6052/1228 1229/6053/1229 1230/6054/1230
f  1229/6055/1229 26/6056/26 1230/6057/1230
f  1225/6058/1225 1227/6059/1227 8/6060/8
f  1225/6061/1225 1226/6062/1226 1227/6063/1227
f  1226/6064/1226 12/6065/12 1227/6066/1227
f  1222/6067/1222 1224/6068/1224 14/6069/14
f  1222/6070/1222 1223/6071/1223 1224/6072/1224
f  1223/6073/1223 18/6074/18 1224/6075/1224
f  1219/6076/1219 1221/6077/1221 18/6078/18
f  1219/6079/1219 1220/6080/1220 1221/6081/1221
f  1220/6082/1220 20/6083/20 1221/6084/1221
f  1216/6085/1216 1218/6086/1218 12/6087/12
f  1216/6088/1216 1217/6089/1217 1218/6090/1218
f  1217/6091/1217 14/6092/14 1218/6093/1218
f  1210/6094/1210 1215/6095/1215 2/6096/2
f  1210/6097/1210 1214/6098/1214 1215/6099/1215
f  1214/6100/1214 6/6101/6 1215/6102/1215
f  1211/6103/1211 1213/6104/1213 6/6105/6
f  1211/6106/1211 1212/6107/1212 1213/6108/1213
f  1212/6109/1212 8/6110/8 1213/6111/1213
f  1208/6112/1208 1210/6113/1210 2/6114/2
f  1208/6115/1208 1209/6116/1209 1210/6117/1210
f  1209/6118/1209 52/6119/52 1210/6120/1210
f  1206/6121/1206 842/6122/842 286/6123/286
f  1206/6124/1206 1207/6125/1207 842/6126/842
f  1207/6127/1207 283/6128/283 842/6129/842
f  1203/6130/1203 1205/6131/1205 340/6132/340
f  1203/6133/1203 1204/6134/1204 1205/6135/1205
f  1204/6136/1204 285/6137/285 1205/6138/1205
f  1201/6139/1201 839/6140/839 283/6141/283
f  1201/6142/1201 1202/6143/1202 839/6144/839
f  1202/6145/1202 282/6146/282 839/6147/839
f  1198/6148/1198 1200/6149/1200 339/6150/339
f  1198/6151/1198 1199/6152/1199 1200/6153/1200
f  1199/6154/1199 284/6155/284 1200/6156/1200
f  1195/6157/1195 1197/6158/1197 101/6159/101
f  1195/6160/1195 1196/6161/1196 1197/6162/1197
f  1196/6163/1196 88/6164/88 1197/6165/1197
f  531/6166/531 1194/6167/1194 87/6168/87
f  531/6169/531 1193/6170/1193 1194/6171/1194
f  1193/6172/1193 145/6173/145 1194/6174/1194
f  1190/6175/1190 1192/6176/1192 102/6177/102
f  1190/6178/1190 1191/6179/1191 1192/6180/1192
f  1191/6181/1191 101/6182/101 1192/6183/1192
f  519/6184/519 1189/6185/1189 86/6186/86
f  519/6187/519 1188/6188/1188 1189/6189/1189
f  1188/6190/1188 144/6191/144 1189/6192/1189
f  1186/6193/1186 745/6194/745 226/6195/226
f  1186/6196/1186 1187/6197/1187 745/6198/745
f  1187/6199/1187 233/6200/233 745/6201/745
f  1183/6202/1183 1185/6203/1185 298/6204/298
f  1183/6205/1183 1184/6206/1184 1185/6207/1185
f  1184/6208/1184 233/6209/233 1185/6210/1185
f  1180/6211/1180 1182/6212/1182 300/6213/300
f  1180/6214/1180 1181/6215/1181 1182/6216/1182
f  1181/6217/1181 234/6218/234 1182/6219/1182
f  1178/6220/1178 742/6221/742 225/6222/225
f  1178/6223/1178 1179/6224/1179 742/6225/742
f  1179/6226/1179 226/6227/226 742/6228/742
f  1175/6229/1175 1177/6230/1177 35/6231/35
f  1175/6232/1175 1176/6233/1176 1177/6234/1177
f  1176/6235/1176 44/6236/44 1177/6237/1177
f  436/6238/436 1175/6239/1175 35/6240/35
f  436/6241/436 1174/6242/1174 1175/6243/1175
f  1174/6244/1174 103/6245/103 1175/6246/1175
f  425/6247/425 1173/6248/1173 36/6249/36
f  425/6250/425 1172/6251/1172 1173/6252/1173
f  1172/6253/1172 105/6254/105 1173/6255/1173
f  1169/6256/1169 1171/6257/1171 44/6258/44
f  1169/6259/1169 1170/6260/1170 1171/6261/1171
f  1170/6262/1170 45/6263/45 1171/6264/1171
f  1166/6265/1166 1168/6266/1168 359/6267/359
f  1166/6268/1166 1167/6269/1167 1168/6270/1168
f  1167/6271/1167 177/6272/177 1168/6273/1168
f  1163/6274/1163 1165/6275/1165 181/6276/181
f  1163/6277/1163 1164/6278/1164 1165/6279/1165
f  1164/6280/1164 182/6281/182 1165/6282/1165
f  1160/6283/1160 1162/6284/1162 367/6285/367
f  1160/6286/1160 1161/6287/1161 1162/6288/1162
f  1161/6289/1161 183/6290/183 1162/6291/1162
f  1157/6292/1157 1159/6293/1159 366/6294/366
f  1157/6295/1157 1158/6296/1158 1159/6297/1159
f  1158/6298/1158 182/6299/182 1159/6300/1159
f  1154/6301/1154 1156/6302/1156 363/6303/363
f  1154/6304/1154 1155/6305/1155 1156/6306/1156
f  1155/6307/1155 179/6308/179 1156/6309/1156
f  1151/6310/1151 1153/6311/1153 364/6312/364
f  1151/6313/1151 1152/6314/1152 1153/6315/1153
f  1152/6316/1152 180/6317/180 1153/6318/1153
f  1148/6319/1148 1150/6320/1150 178/6321/178
f  1148/6322/1148 1149/6323/1149 1150/6324/1150
f  1149/6325/1149 179/6326/179 1150/6327/1150
f  1146/6328/1146 1132/6329/1132 332/6330/332
f  1146/6331/1146 1147/6332/1147 1132/6333/1132
f  1147/6334/1147 162/6335/162 1132/6336/1132
f  1143/6337/1143 1145/6338/1145 172/6339/172
f  1143/6340/1143 1144/6341/1144 1145/6342/1145
f  1144/6343/1144 176/6344/176 1145/6345/1145
f  1141/6346/1141 1140/6347/1140 357/6348/357
f  1141/6349/1141 1142/6350/1142 1140/6351/1140
f  1142/6352/1142 175/6353/175 1140/6354/1140
f  1138/6355/1138 1140/6356/1140 175/6357/175
f  1138/6358/1138 1139/6359/1139 1140/6360/1140
f  1139/6361/1139 357/6362/357 1140/6363/1140
f  969/6364/969 1137/6365/1137 351/6366/351
f  969/6367/969 1136/6368/1136 1137/6369/1137
f  1136/6370/1136 171/6371/171 1137/6372/1137
f  1133/6373/1133 1135/6374/1135 329/6375/329
f  1133/6376/1133 1134/6377/1134 1135/6378/1135
f  1134/6379/1134 159/6380/159 1135/6381/1135
f  1130/6382/1130 1132/6383/1132 162/6384/162
f  1130/6385/1130 1131/6386/1131 1132/6387/1132
f  1131/6388/1131 332/6389/332 1132/6390/1132
f  1127/6391/1127 1129/6392/1129 335/6393/335
f  1127/6394/1127 1128/6395/1128 1129/6396/1129
f  1128/6397/1128 165/6398/165 1129/6399/1129
f  1124/6400/1124 1126/6401/1126 328/6402/328
f  1124/6403/1124 1125/6404/1125 1126/6405/1126
f  1125/6406/1125 158/6407/158 1126/6408/1126
f  1121/6409/1121 1123/6410/1123 318/6411/318
f  1121/6412/1121 1122/6413/1122 1123/6414/1123
f  1122/6415/1122 321/6416/321 1123/6417/1123
f  1118/6418/1118 1120/6419/1120 140/6420/140
f  1118/6421/1118 1119/6422/1119 1120/6423/1120
f  1119/6424/1119 324/6425/324 1120/6426/1120
f  1115/6427/1115 1117/6428/1117 142/6429/142
f  1115/6430/1115 1116/6431/1116 1117/6432/1117
f  1116/6433/1116 326/6434/326 1117/6435/1117
f  1112/6436/1112 1114/6437/1114 141/6438/141
f  1112/6439/1112 1113/6440/1113 1114/6441/1114
f  1113/6442/1113 325/6443/325 1114/6444/1114
f  1109/6445/1109 1111/6446/1111 138/6447/138
f  1109/6448/1109 1110/6449/1110 1111/6450/1111
f  1110/6451/1110 322/6452/322 1111/6453/1111
f  1106/6454/1106 1108/6455/1108 139/6456/139
f  1106/6457/1106 1107/6458/1107 1108/6459/1108
f  1107/6460/1107 323/6461/323 1108/6462/1108
f  1103/6463/1103 1105/6464/1105 137/6465/137
f  1103/6466/1103 1104/6467/1104 1105/6468/1105
f  1104/6469/1104 321/6470/321 1105/6471/1105
f  1101/6472/1101 1084/6473/1084 125/6474/125
f  1101/6475/1101 1102/6476/1102 1084/6477/1084
f  1102/6478/1102 295/6479/295 1084/6480/1084
f  1098/6481/1098 1100/6482/1100 311/6483/311
f  1098/6484/1098 1099/6485/1099 1100/6486/1100
f  1099/6487/1099 316/6488/316 1100/6489/1100
f  1093/6490/1093 1097/6491/1097 317/6492/317
f  1093/6493/1093 1096/6494/1096 1097/6495/1097
f  1096/6496/1096 318/6497/318 1097/6498/1097
f  1093/6499/1093 1095/6500/1095 135/6501/135
f  1093/6502/1093 1094/6503/1094 1095/6504/1095
f  1094/6505/1094 134/6506/134 1095/6507/1095
f  1090/6508/1090 1092/6509/1092 130/6510/130
f  1090/6511/1090 1091/6512/1091 1092/6513/1092
f  1091/6514/1091 310/6515/310 1092/6516/1092
f  1087/6517/1087 1089/6518/1089 118/6519/118
f  1087/6520/1087 1088/6521/1088 1089/6522/1089
f  1088/6523/1088 288/6524/288 1089/6525/1089
f  1084/6526/1084 1086/6527/1086 125/6528/125
f  1084/6529/1084 1085/6530/1085 1086/6531/1086
f  1085/6532/1085 122/6533/122 1086/6534/1086
f  1081/6535/1081 1083/6536/1083 121/6537/121
f  1081/6538/1081 1082/6539/1082 1083/6540/1083
f  1082/6541/1082 291/6542/291 1083/6543/1083
f  1078/6544/1078 1080/6545/1080 117/6546/117
f  1078/6547/1078 1079/6548/1079 1080/6549/1080
f  1079/6550/1079 287/6551/287 1080/6552/1080
f  1075/6553/1075 1077/6554/1077 253/6555/253
f  1075/6556/1075 1076/6557/1076 1077/6558/1077
f  1076/6559/1076 73/6560/73 1077/6561/1077
f  1072/6562/1072 1074/6563/1074 265/6564/265
f  1072/6565/1072 1073/6566/1073 1074/6567/1074
f  1073/6568/1073 85/6569/85 1074/6570/1074
f  1069/6571/1069 1071/6572/1071 271/6573/271
f  1069/6574/1069 1070/6575/1070 1071/6576/1071
f  1070/6577/1070 94/6578/94 1071/6579/1071
f  1066/6580/1066 1068/6581/1068 100/6582/100
f  1066/6583/1066 1067/6584/1067 1068/6585/1068
f  1067/6586/1067 102/6587/102 1068/6588/1068
f  1063/6589/1063 1065/6590/1065 276/6591/276
f  1063/6592/1063 1064/6593/1064 1065/6594/1065
f  1064/6595/1064 99/6596/99 1065/6597/1065
f  1060/6598/1060 1062/6599/1062 270/6600/270
f  1060/6601/1060 1061/6602/1061 1062/6603/1062
f  1061/6604/1061 93/6605/93 1062/6606/1062
f  1057/6607/1057 1059/6608/1059 259/6609/259
f  1057/6610/1057 1058/6611/1058 1059/6612/1059
f  1058/6613/1058 79/6614/79 1059/6615/1059
f  1054/6616/1054 1056/6617/1056 264/6618/264
f  1054/6619/1054 1055/6620/1055 1056/6621/1056
f  1055/6622/1055 84/6623/84 1056/6624/1056
f  1051/6625/1051 1053/6626/1053 258/6627/258
f  1051/6628/1051 1052/6629/1052 1053/6630/1053
f  1052/6631/1052 78/6632/78 1053/6633/1053
f  1048/6634/1048 1050/6635/1050 241/6636/241
f  1048/6637/1048 1049/6638/1049 1050/6639/1050
f  1049/6640/1049 61/6641/61 1050/6642/1050
f  1045/6643/1045 1047/6644/1047 247/6645/247
f  1045/6646/1045 1046/6647/1046 1047/6648/1047
f  1046/6649/1046 67/6650/67 1047/6651/1047
f  1042/6652/1042 1044/6653/1044 252/6654/252
f  1042/6655/1042 1043/6656/1043 1044/6657/1044
f  1043/6658/1043 72/6659/72 1044/6660/1044
f  1039/6661/1039 1041/6662/1041 246/6663/246
f  1039/6664/1039 1040/6665/1040 1041/6666/1041
f  1040/6667/1040 66/6668/66 1041/6669/1041
f  1036/6670/1036 1038/6671/1038 237/6672/237
f  1036/6673/1036 1037/6674/1037 1038/6675/1038
f  1037/6676/1037 55/6677/55 1038/6678/1038
f  1033/6679/1033 1035/6680/1035 240/6681/240
f  1033/6682/1033 1034/6683/1034 1035/6684/1035
f  1034/6685/1034 60/6686/60 1035/6687/1035
f  1030/6688/1030 1032/6689/1032 54/6690/54
f  1030/6691/1030 1031/6692/1031 1032/6693/1032
f  1031/6694/1031 55/6695/55 1032/6696/1032
f  1027/6697/1027 1029/6698/1029 22/6699/22
f  1027/6700/1027 1028/6701/1028 1029/6702/1029
f  1028/6703/1028 202/6704/202 1029/6705/1029
f  1024/6706/1024 1026/6707/1026 34/6708/34
f  1024/6709/1024 1025/6710/1025 1026/6711/1026
f  1025/6712/1025 214/6713/214 1026/6714/1026
f  1021/6715/1021 1023/6716/1023 43/6717/43
f  1021/6718/1021 1022/6719/1022 1023/6720/1023
f  1022/6721/1022 220/6722/220 1023/6723/1023
f  1018/6724/1018 1020/6725/1020 51/6726/51
f  1018/6727/1018 1019/6728/1019 1020/6729/1020
f  1019/6730/1019 228/6731/228 1020/6732/1020
f  1016/6733/1016 731/6734/731 227/6735/227
f  1016/6736/1016 1017/6737/1017 731/6738/731
f  1017/6739/1017 228/6740/228 731/6741/731
f  1013/6742/1013 1015/6743/1015 42/6744/42
f  1013/6745/1013 1014/6746/1014 1015/6747/1015
f  1014/6748/1014 219/6749/219 1015/6750/1015
f  1010/6751/1010 1012/6752/1012 28/6753/28
f  1010/6754/1010 1011/6755/1011 1012/6756/1012
f  1011/6757/1011 208/6758/208 1012/6759/1012
f  1007/6760/1007 1009/6761/1009 33/6762/33
f  1007/6763/1007 1008/6764/1008 1009/6765/1009
f  1008/6766/1008 213/6767/213 1009/6768/1009
f  1004/6769/1004 1006/6770/1006 27/6771/27
f  1004/6772/1004 1005/6773/1005 1006/6774/1006
f  1005/6775/1005 207/6776/207 1006/6777/1006
f  1001/6778/1001 1003/6779/1003 10/6780/10
f  1001/6781/1001 1002/6782/1002 1003/6783/1003
f  1002/6784/1002 190/6785/190 1003/6786/1003
f  998/6787/998 1000/6788/1000 16/6789/16
f  998/6790/998 999/6791/999 1000/6792/1000
f  999/6793/999 196/6794/196 1000/6795/1000
f  995/6796/995 997/6797/997 21/6798/21
f  995/6799/995 996/6800/996 997/6801/997
f  996/6802/996 201/6803/201 997/6804/997
f  992/6805/992 994/6806/994 15/6807/15
f  992/6808/992 993/6809/993 994/6810/994
f  993/6811/993 195/6812/195 994/6813/994
f  990/6814/990 984/6815/984 3/6816/3
f  990/6817/990 991/6818/991 984/6819/984
f  991/6820/991 185/6821/185 984/6822/984
f  987/6823/987 989/6824/989 9/6825/9
f  987/6826/987 988/6827/988 989/6828/989
f  988/6829/988 189/6830/189 989/6831/989
f  984/6832/984 986/6833/986 3/6834/3
f  984/6835/984 985/6836/985 986/6837/986
f  985/6838/985 4/6839/4 986/6840/986
f  981/6841/981 983/6842/983 334/6843/334
f  981/6844/981 982/6845/982 983/6846/983
f  982/6847/982 332/6848/332 983/6849/983
f  966/6850/966 980/6851/980 353/6852/353
f  966/6853/966 979/6854/979 980/6855/980
f  979/6856/979 333/6857/333 980/6858/980
f  976/6859/976 978/6860/978 356/6861/356
f  976/6862/976 977/6863/977 978/6864/978
f  977/6865/977 352/6866/352 978/6867/978
f  973/6868/973 975/6869/975 360/6870/360
f  973/6871/973 974/6872/974 975/6873/975
f  974/6874/974 355/6875/355 975/6876/975
f  970/6877/970 972/6878/972 357/6879/357
f  970/6880/970 971/6881/971 972/6882/972
f  971/6883/971 360/6884/360 972/6885/972
f  967/6886/967 969/6887/969 351/6888/351
f  967/6889/967 968/6890/968 969/6891/969
f  968/6892/968 352/6893/352 969/6894/969
f  964/6895/964 966/6896/966 353/6897/353
f  964/6898/964 965/6899/965 966/6900/966
f  965/6901/965 354/6902/354 966/6903/966
f  961/6904/961 963/6905/963 344/6906/344
f  961/6907/961 962/6908/962 963/6909/963
f  962/6910/962 331/6911/331 963/6912/963
f  958/6913/958 960/6914/960 338/6915/338
f  958/6916/958 959/6917/959 960/6918/960
f  959/6919/959 334/6920/334 960/6921/960
f  955/6922/955 957/6923/957 346/6924/346
f  955/6925/955 956/6926/956 957/6927/957
f  956/6928/956 342/6929/342 957/6930/957
f  952/6931/952 954/6932/954 348/6933/348
f  952/6934/952 953/6935/953 954/6936/954
f  953/6937/953 346/6938/346 954/6939/954
f  949/6940/949 951/6941/951 342/6942/342
f  949/6943/949 950/6944/950 951/6945/951
f  950/6946/950 340/6947/340 951/6948/951
f  946/6949/946 948/6950/948 336/6951/336
f  946/6952/946 947/6953/947 948/6954/948
f  947/6955/947 332/6956/332 948/6957/948
f  943/6958/943 945/6959/945 331/6960/331
f  943/6961/943 944/6962/944 945/6963/945
f  944/6964/944 329/6965/329 945/6966/945
f  940/6967/940 942/6968/942 345/6969/345
f  940/6970/940 941/6971/941 942/6972/942
f  941/6973/941 341/6974/341 942/6975/942
f  937/6976/937 939/6977/939 349/6978/349
f  937/6979/937 938/6980/938 939/6981/939
f  938/6982/938 337/6983/337 939/6984/939
f  934/6985/934 936/6986/936 334/6987/334
f  934/6988/934 935/6989/935 936/6990/936
f  935/6991/935 333/6992/333 936/6993/936
f  931/6994/931 933/6995/933 343/6996/343
f  931/6997/931 932/6998/932 933/6999/933
f  932/7000/932 330/7001/330 933/7002/933
f  928/7003/928 930/7004/930 347/7005/347
f  928/7006/928 929/7007/929 930/7008/930
f  929/7009/929 345/7010/345 930/7011/930
f  925/7012/925 927/7013/927 341/7014/341
f  925/7015/925 926/7016/926 927/7017/927
f  926/7018/926 339/7019/339 927/7020/927
f  922/7021/922 924/7022/924 337/7023/337
f  922/7024/922 923/7025/923 924/7026/924
f  923/7027/923 335/7028/335 924/7029/924
f  919/7030/919 921/7031/921 330/7032/330
f  919/7033/919 920/7034/920 921/7035/921
f  920/7036/920 328/7037/328 921/7038/921
f  916/7039/916 918/7040/918 295/7041/295
f  916/7042/916 917/7043/917 918/7044/918
f  917/7045/917 296/7046/296 918/7047/918
f  913/7048/913 915/7049/915 312/7050/312
f  913/7051/913 914/7052/914 915/7053/915
f  914/7054/914 296/7055/296 915/7056/915
f  911/7057/911 909/7058/909 314/7059/314
f  911/7060/911 912/7061/912 909/7062/909
f  912/7063/912 319/7064/319 909/7065/909
f  909/7066/909 900/7067/900 314/7068/314
f  909/7069/909 910/7070/910 900/7071/900
f  910/7072/910 315/7073/315 900/7074/900
f  906/7075/906 908/7076/908 317/7077/317
f  906/7078/906 907/7079/907 908/7080/908
f  907/7081/907 316/7082/316 908/7083/908
f  903/7084/903 905/7085/905 310/7086/310
f  903/7087/903 904/7088/904 905/7089/905
f  904/7090/904 312/7091/312 905/7092/905
f  900/7093/900 902/7094/902 314/7095/314
f  900/7096/900 901/7097/901 902/7098/902
f  901/7099/901 312/7100/312 902/7101/902
f  897/7102/897 899/7103/899 290/7104/290
f  897/7105/897 898/7106/898 899/7107/899
f  898/7108/898 299/7109/299 899/7110/899
f  894/7111/894 896/7112/896 294/7113/294
f  894/7114/894 895/7115/895 896/7116/896
f  895/7117/895 305/7118/305 896/7119/896
f  891/7120/891 893/7121/893 304/7122/304
f  891/7123/891 892/7124/892 893/7125/893
f  892/7126/892 299/7127/299 893/7128/893
f  888/7129/888 890/7130/890 305/7131/305
f  888/7132/888 889/7133/889 890/7134/890
f  889/7135/889 304/7136/304 890/7137/890
f  885/7138/885 887/7139/887 299/7140/299
f  885/7141/885 886/7142/886 887/7143/887
f  886/7144/886 298/7145/298 887/7146/887
f  882/7147/882 884/7148/884 292/7149/292
f  882/7150/882 883/7151/883 884/7152/884
f  883/7153/883 294/7154/294 884/7155/884
f  879/7156/879 881/7157/881 306/7158/306
f  879/7159/879 880/7160/880 881/7161/881
f  880/7162/880 302/7163/302 881/7164/881
f  876/7165/876 878/7166/878 288/7167/288
f  876/7168/876 877/7169/877 878/7170/878
f  877/7171/877 290/7172/290 878/7173/878
f  873/7174/873 875/7175/875 296/7176/296
f  873/7177/873 874/7178/874 875/7179/875
f  874/7180/874 308/7181/308 875/7182/875
f  870/7183/870 872/7184/872 293/7185/293
f  870/7186/870 871/7187/871 872/7188/872
f  871/7189/871 304/7190/304 872/7191/872
f  867/7192/867 869/7193/869 289/7194/289
f  867/7195/867 868/7196/868 869/7197/869
f  868/7198/868 298/7199/298 869/7200/869
f  864/7201/864 866/7202/866 308/7203/308
f  864/7204/864 865/7205/865 866/7206/866
f  865/7207/865 306/7208/306 866/7209/866
f  861/7210/861 863/7211/863 302/7212/302
f  861/7213/861 862/7214/862 863/7215/863
f  862/7216/862 300/7217/300 863/7218/863
f  858/7219/858 860/7220/860 291/7221/291
f  858/7222/858 859/7223/859 860/7224/860
f  859/7225/859 293/7226/293 860/7227/860
f  855/7228/855 857/7229/857 287/7230/287
f  855/7231/855 856/7232/856 857/7233/857
f  856/7234/856 289/7235/289 857/7236/857
f  852/7237/852 854/7238/854 257/7239/257
f  852/7240/852 853/7241/853 854/7242/854
f  853/7243/853 253/7244/253 854/7245/854
f  849/7246/849 851/7247/851 260/7248/260
f  849/7249/849 850/7250/850 851/7251/851
f  850/7252/850 256/7253/256 851/7254/851
f  846/7255/846 848/7256/848 269/7257/269
f  846/7258/846 847/7259/847 848/7260/848
f  847/7261/847 265/7262/265 848/7263/848
f  843/7264/843 845/7265/845 272/7266/272
f  843/7267/843 844/7268/844 845/7269/845
f  844/7270/844 268/7271/268 845/7272/845
f  840/7273/840 842/7274/842 283/7275/283
f  840/7276/840 841/7277/841 842/7278/842
f  841/7279/841 286/7280/286 842/7281/842
f  837/7282/837 839/7283/839 282/7284/282
f  837/7285/837 838/7286/838 839/7287/839
f  838/7288/838 283/7289/283 839/7290/839
f  834/7291/834 836/7292/836 275/7293/275
f  834/7294/834 835/7295/835 836/7296/836
f  835/7297/835 271/7298/271 836/7299/836
f  831/7300/831 833/7301/833 278/7302/278
f  831/7303/831 832/7304/832 833/7305/833
f  832/7306/832 274/7307/274 833/7308/833
f  823/7309/823 830/7310/830 281/7311/281
f  823/7312/823 829/7313/829 830/7314/830
f  829/7315/829 285/7316/285 830/7317/830
f  826/7318/826 828/7319/828 279/7320/279
f  826/7321/826 827/7322/827 828/7323/828
f  827/7324/827 276/7325/276 828/7326/828
f  823/7327/823 825/7328/825 280/7329/280
f  823/7330/823 824/7331/824 825/7332/825
f  824/7333/824 278/7334/278 825/7335/825
f  820/7336/820 822/7337/822 273/7338/273
f  820/7339/820 821/7340/821 822/7341/822
f  821/7342/821 270/7343/270 822/7344/822
f  817/7345/817 819/7346/819 274/7347/274
f  817/7348/817 818/7349/818 819/7350/819
f  818/7351/818 272/7352/272 819/7353/819
f  814/7354/814 816/7355/816 263/7356/263
f  814/7357/814 815/7358/815 816/7359/816
f  815/7360/815 259/7361/259 816/7362/816
f  811/7363/811 813/7364/813 266/7365/266
f  811/7366/811 812/7367/812 813/7368/813
f  812/7369/812 262/7370/262 813/7371/813
f  808/7372/808 810/7373/810 267/7374/267
f  808/7375/808 809/7376/809 810/7377/810
f  809/7378/809 264/7379/264 810/7380/810
f  805/7381/805 807/7382/807 268/7383/268
f  805/7384/805 806/7385/806 807/7386/807
f  806/7387/806 266/7388/266 807/7389/807
f  802/7390/802 804/7391/804 261/7392/261
f  802/7393/802 803/7394/803 804/7395/804
f  803/7396/803 258/7397/258 804/7398/804
f  799/7399/799 801/7400/801 262/7401/262
f  799/7402/799 800/7403/800 801/7404/801
f  800/7405/800 260/7406/260 801/7407/801
f  796/7408/796 798/7409/798 245/7410/245
f  796/7411/796 797/7412/797 798/7413/798
f  797/7414/797 241/7415/241 798/7416/798
f  793/7417/793 795/7418/795 248/7419/248
f  793/7420/793 794/7421/794 795/7422/795
f  794/7423/794 244/7424/244 795/7425/795
f  790/7426/790 792/7427/792 251/7428/251
f  790/7429/790 791/7430/791 792/7431/792
f  791/7432/791 247/7433/247 792/7434/792
f  787/7435/787 789/7436/789 254/7437/254
f  787/7438/787 788/7439/788 789/7440/789
f  788/7441/788 250/7442/250 789/7443/789
f  784/7444/784 786/7445/786 255/7446/255
f  784/7447/784 785/7448/785 786/7449/786
f  785/7450/785 252/7451/252 786/7452/786
f  781/7453/781 783/7454/783 256/7455/256
f  781/7456/781 782/7457/782 783/7458/783
f  782/7459/782 254/7460/254 783/7461/783
f  778/7462/778 780/7463/780 249/7464/249
f  778/7465/778 779/7466/779 780/7467/780
f  779/7468/779 246/7469/246 780/7470/780
f  775/7471/775 777/7472/777 250/7473/250
f  775/7474/775 776/7475/776 777/7476/777
f  776/7477/776 248/7478/248 777/7479/777
f  772/7480/772 774/7481/774 239/7482/239
f  772/7483/772 773/7484/773 774/7485/774
f  773/7486/773 237/7487/237 774/7488/774
f  769/7489/769 771/7490/771 242/7491/242
f  769/7492/769 770/7493/770 771/7494/771
f  770/7495/770 238/7496/238 771/7497/771
f  766/7498/766 768/7499/768 243/7500/243
f  766/7501/766 767/7502/767 768/7503/768
f  767/7504/767 240/7505/240 768/7506/768
f  763/7507/763 765/7508/765 244/7509/244
f  763/7510/763 764/7511/764 765/7512/765
f  764/7513/764 242/7514/242 765/7515/765
f  760/7516/760 762/7517/762 236/7518/236
f  760/7519/760 761/7520/761 762/7521/762
f  761/7522/761 237/7523/237 762/7524/762
f  757/7525/757 759/7526/759 202/7527/202
f  757/7528/757 758/7529/758 759/7530/759
f  758/7531/758 205/7532/205 759/7533/759
f  754/7534/754 756/7535/756 209/7536/209
f  754/7537/754 755/7538/755 756/7539/756
f  755/7540/755 205/7541/205 756/7542/756
f  751/7543/751 753/7544/753 214/7545/214
f  751/7546/751 752/7547/752 753/7548/753
f  752/7549/752 217/7550/217 753/7551/753
f  748/7552/748 750/7553/750 221/7554/221
f  748/7555/748 749/7556/749 750/7557/750
f  749/7558/749 217/7559/217 750/7560/750
f  745/7561/745 747/7562/747 226/7563/226
f  745/7564/745 746/7565/746 747/7566/747
f  746/7567/746 231/7568/231 747/7569/747
f  742/7570/742 744/7571/744 225/7572/225
f  742/7573/742 743/7574/743 744/7575/744
f  743/7576/743 228/7577/228 744/7578/744
f  739/7579/739 741/7580/741 220/7581/220
f  739/7582/739 740/7583/740 741/7584/741
f  740/7585/740 223/7586/223 741/7587/741
f  736/7588/736 738/7589/738 229/7590/229
f  736/7591/736 737/7592/737 738/7593/738
f  737/7594/737 223/7595/223 738/7596/738
f  734/7597/734 728/7598/728 231/7599/231
f  734/7600/734 735/7601/735 728/7602/728
f  735/7603/735 232/7604/232 728/7605/728
f  731/7606/731 733/7607/733 227/7608/227
f  731/7609/731 732/7610/732 733/7611/733
f  732/7612/732 229/7613/229 733/7614/733
f  728/7615/728 730/7616/730 231/7617/231
f  728/7618/728 729/7619/729 730/7620/730
f  729/7621/729 229/7622/229 730/7623/730
f  725/7624/725 727/7625/727 219/7626/219
f  725/7627/725 726/7628/726 727/7629/727
f  726/7630/726 221/7631/221 727/7632/727
f  722/7633/722 724/7634/724 223/7635/223
f  722/7636/722 723/7637/723 724/7638/724
f  723/7639/723 221/7640/221 724/7641/724
f  719/7642/719 721/7643/721 208/7644/208
f  719/7645/719 720/7646/720 721/7647/721
f  720/7648/720 211/7649/211 721/7650/721
f  716/7651/716 718/7652/718 215/7653/215
f  716/7654/716 717/7655/717 718/7656/718
f  717/7657/717 211/7658/211 718/7659/718
f  713/7660/713 715/7661/715 213/7662/213
f  713/7663/713 714/7664/714 715/7665/715
f  714/7666/714 215/7667/215 715/7668/715
f  710/7669/710 712/7670/712 217/7671/217
f  710/7672/710 711/7673/711 712/7674/712
f  711/7675/711 215/7676/215 712/7677/712
f  707/7678/707 709/7679/709 207/7680/207
f  707/7681/707 708/7682/708 709/7683/709
f  708/7684/708 209/7685/209 709/7686/709
f  704/7687/704 706/7688/706 211/7689/211
f  704/7690/704 705/7691/705 706/7692/706
f  705/7693/705 209/7694/209 706/7695/706
f  701/7696/701 703/7697/703 190/7698/190
f  701/7699/701 702/7700/702 703/7701/703
f  702/7702/702 193/7703/193 703/7704/703
f  698/7705/698 700/7706/700 197/7707/197
f  698/7708/698 699/7709/699 700/7710/700
f  699/7711/699 193/7712/193 700/7713/700
f  695/7714/695 697/7715/697 196/7716/196
f  695/7717/695 696/7718/696 697/7719/697
f  696/7720/696 199/7721/199 697/7722/697
f  692/7723/692 694/7724/694 203/7725/203
f  692/7726/692 693/7727/693 694/7728/694
f  693/7729/693 199/7730/199 694/7731/694
f  689/7732/689 691/7733/691 201/7734/201
f  689/7735/689 690/7736/690 691/7737/691
f  690/7738/690 203/7739/203 691/7740/691
f  686/7741/686 688/7742/688 205/7743/205
f  686/7744/686 687/7745/687 688/7746/688
f  687/7747/687 203/7748/203 688/7749/688
f  683/7750/683 685/7751/685 195/7752/195
f  683/7753/683 684/7754/684 685/7755/685
f  684/7756/684 197/7757/197 685/7758/685
f  680/7759/680 682/7760/682 199/7761/199
f  680/7762/680 681/7763/681 682/7764/682
f  681/7765/681 197/7766/197 682/7767/682
f  678/7768/678 666/7769/666 185/7770/185
f  678/7771/678 679/7772/679 666/7773/666
f  679/7774/679 187/7775/187 666/7776/666
f  675/7777/675 677/7778/677 191/7779/191
f  675/7780/675 676/7781/676 677/7782/677
f  676/7783/676 187/7784/187 677/7785/677
f  672/7786/672 674/7787/674 189/7788/189
f  672/7789/672 673/7790/673 674/7791/674
f  673/7792/673 191/7793/191 674/7794/674
f  669/7795/669 671/7796/671 193/7797/193
f  669/7798/669 670/7799/670 671/7800/671
f  670/7801/670 191/7802/191 671/7803/671
f  666/7804/666 668/7805/668 185/7806/185
f  666/7807/666 667/7808/667 668/7809/668
f  667/7810/667 186/7811/186 668/7812/668
f  638/7813/638 665/7814/665 161/7815/161
f  638/7816/638 664/7817/664 665/7818/665
f  664/7819/664 168/7820/168 665/7821/665
f  662/7822/662 648/7823/648 167/7824/167
f  662/7825/662 663/7826/663 648/7827/648
f  663/7828/663 168/7829/168 648/7830/648
f  659/7831/659 661/7832/661 170/7833/170
f  659/7834/659 660/7835/660 661/7836/661
f  660/7837/660 174/7838/174 661/7839/661
f  657/7840/657 656/7841/656 173/7842/173
f  657/7843/657 658/7844/658 656/7845/656
f  658/7846/658 174/7847/174 656/7848/656
f  654/7849/654 656/7850/656 174/7851/174
f  654/7852/654 655/7853/655 656/7854/656
f  655/7855/655 173/7856/173 656/7857/656
f  651/7858/651 653/7859/653 171/7860/171
f  651/7861/651 652/7862/652 653/7863/653
f  652/7864/652 168/7865/168 653/7866/653
f  648/7867/648 650/7868/650 167/7869/167
f  648/7870/648 649/7871/649 650/7872/650
f  649/7873/649 169/7874/169 650/7875/650
f  645/7876/645 647/7877/647 157/7878/157
f  645/7879/645 646/7880/646 647/7881/647
f  646/7882/646 149/7883/149 647/7884/647
f  642/7885/642 644/7886/644 153/7887/153
f  642/7888/642 643/7889/643 644/7890/644
f  643/7891/643 161/7892/161 644/7893/644
f  639/7894/639 641/7895/641 147/7896/147
f  639/7897/639 640/7898/640 641/7899/641
f  640/7900/640 151/7901/151 641/7902/641
f  636/7903/636 638/7904/638 161/7905/161
f  636/7906/636 637/7907/637 638/7908/638
f  637/7909/637 162/7910/162 638/7911/638
f  633/7912/633 635/7913/635 151/7914/151
f  633/7915/633 634/7916/634 635/7917/635
f  634/7918/634 153/7919/153 635/7920/635
f  630/7921/630 632/7922/632 145/7923/145
f  630/7924/630 631/7925/631 632/7926/632
f  631/7927/631 147/7928/147 632/7929/632
f  627/7930/627 629/7931/629 159/7932/159
f  627/7933/627 628/7934/628 629/7935/629
f  628/7936/628 157/7937/157 629/7938/629
f  624/7939/624 626/7940/626 146/7941/146
f  624/7942/624 625/7943/625 626/7944/626
f  625/7945/625 150/7946/150 626/7947/626
f  621/7948/621 623/7949/623 163/7950/163
f  621/7951/621 622/7952/622 623/7953/623
f  622/7954/622 154/7955/154 623/7956/623
f  618/7957/618 620/7958/620 152/7959/152
f  618/7960/618 619/7961/619 620/7962/620
f  619/7963/619 160/7964/160 620/7965/620
f  615/7966/615 617/7967/617 156/7968/156
f  615/7969/615 616/7970/616 617/7971/617
f  616/7972/616 148/7973/148 617/7974/617
f  612/7975/612 614/7976/614 165/7977/165
f  612/7978/612 613/7979/613 614/7980/614
f  613/7981/613 163/7982/163 614/7983/614
f  609/7984/609 611/7985/611 158/7986/158
f  609/7987/609 610/7988/610 611/7989/611
f  610/7990/610 156/7991/156 611/7992/611
f  606/7993/606 608/7994/608 150/7995/150
f  606/7996/606 607/7997/607 608/7998/608
f  607/7999/607 152/8000/152 608/8001/608
f  603/8002/603 605/8003/605 144/8004/144
f  603/8005/603 604/8006/604 605/8007/605
f  604/8008/604 146/8009/146 605/8010/605
f  601/8011/601 575/8012/575 123/8013/123
f  601/8014/601 602/8015/602 575/8016/575
f  602/8017/602 125/8018/125 575/8019/575
f  599/8020/599 601/8021/601 123/8022/123
f  599/8023/599 600/8024/600 601/8025/601
f  600/8026/600 126/8027/126 601/8028/601
f  596/8029/596 598/8030/598 128/8031/128
f  596/8032/596 597/8033/597 598/8034/598
f  597/8035/597 131/8036/131 598/8037/598
f  594/8038/594 596/8039/596 128/8040/128
f  594/8041/594 595/8042/595 596/8043/596
f  595/8044/595 132/8045/132 596/8046/596
f  591/8047/591 593/8048/593 132/8049/132
f  591/8050/591 592/8051/592 593/8052/593
f  592/8053/592 134/8054/134 593/8055/593
f  588/8056/588 590/8057/590 126/8058/126
f  588/8059/588 589/8060/589 590/8061/590
f  589/8062/589 130/8063/130 590/8064/590
f  586/8065/586 588/8066/588 126/8067/126
f  586/8068/586 587/8069/587 588/8070/588
f  587/8071/587 128/8072/128 588/8073/588
f  580/8074/580 585/8075/585 104/8076/104
f  580/8077/580 584/8078/584 585/8079/585
f  584/8080/584 116/8081/116 585/8082/585
f  581/8083/581 583/8084/583 113/8085/113
f  581/8086/581 582/8087/582 583/8088/583
f  582/8089/582 110/8090/110 583/8091/583
f  578/8092/578 580/8093/580 104/8094/104
f  578/8095/578 579/8096/579 580/8097/580
f  579/8098/579 109/8099/109 580/8100/580
f  575/8101/575 577/8102/577 123/8103/123
f  575/8104/575 576/8105/576 577/8106/577
f  576/8107/576 120/8108/120 577/8109/577
f  573/8110/573 559/8111/559 109/8112/109
f  573/8113/573 574/8114/574 559/8115/559
f  574/8116/574 110/8117/110 559/8118/559
f  571/8119/571 556/8120/556 103/8121/103
f  571/8122/571 572/8123/572 556/8124/556
f  572/8125/572 104/8126/104 556/8127/556
f  568/8128/568 570/8129/570 107/8130/107
f  568/8131/568 569/8132/569 570/8133/570
f  569/8134/569 111/8135/111 570/8136/570
f  565/8137/565 567/8138/567 116/8139/116
f  565/8140/565 566/8141/566 567/8142/567
f  566/8143/566 118/8144/118 567/8145/567
f  562/8146/562 564/8147/564 114/8148/114
f  562/8149/562 563/8150/563 564/8151/564
f  563/8152/563 113/8153/113 564/8154/564
f  559/8155/559 561/8156/561 109/8157/109
f  559/8158/559 560/8159/560 561/8160/561
f  560/8161/560 119/8162/119 561/8163/561
f  556/8164/556 558/8165/558 103/8166/103
f  556/8167/556 557/8168/557 558/8169/558
f  557/8170/557 115/8171/115 558/8172/558
f  553/8173/553 555/8174/555 119/8175/119
f  553/8176/553 554/8177/554 555/8178/555
f  554/8179/554 121/8180/121 555/8181/555
f  550/8182/550 552/8183/552 115/8184/115
f  550/8185/550 551/8186/551 552/8187/552
f  551/8188/551 117/8189/117 552/8190/552
f  547/8191/547 549/8192/549 111/8193/111
f  547/8194/547 548/8195/548 549/8196/549
f  548/8197/548 113/8198/113 549/8199/549
f  544/8200/544 546/8201/546 105/8202/105
f  544/8203/544 545/8204/545 546/8205/546
f  545/8206/545 107/8207/107 546/8208/546
f  541/8209/541 543/8210/543 73/8211/73
f  541/8212/541 542/8213/542 543/8214/543
f  542/8215/542 71/8216/71 543/8217/543
f  538/8218/538 540/8219/540 70/8220/70
f  538/8221/538 539/8222/539 540/8223/540
f  539/8224/539 74/8225/74 540/8226/540
f  535/8227/535 537/8228/537 85/8229/85
f  535/8230/535 536/8231/536 537/8232/537
f  536/8233/536 83/8234/83 537/8235/537
f  532/8236/532 534/8237/534 82/8238/82
f  532/8239/532 533/8240/533 534/8241/534
f  533/8242/533 89/8243/89 534/8244/534
f  529/8245/529 531/8246/531 87/8247/87
f  529/8248/529 530/8249/530 531/8250/531
f  530/8251/530 88/8252/88 531/8253/531
f  526/8254/526 528/8255/528 98/8256/98
f  526/8257/526 527/8258/527 528/8259/528
f  527/8260/527 101/8261/101 528/8262/528
f  523/8263/523 525/8264/525 94/8265/94
f  523/8266/523 524/8267/524 525/8268/525
f  524/8269/524 92/8270/92 525/8271/525
f  520/8272/520 522/8273/522 91/8274/91
f  520/8275/520 521/8276/521 522/8277/522
f  521/8278/521 95/8279/95 522/8280/522
f  517/8281/517 519/8282/519 86/8283/86
f  517/8284/517 518/8285/518 519/8286/519
f  518/8287/518 87/8288/87 519/8289/519
f  514/8290/514 516/8291/516 96/8292/96
f  514/8293/514 515/8294/515 516/8295/516
f  515/8296/515 98/8297/98 516/8298/516
f  511/8299/511 513/8300/513 97/8301/97
f  511/8302/511 512/8303/512 513/8304/513
f  512/8305/512 98/8306/98 513/8307/513
f  508/8308/508 510/8309/510 93/8310/93
f  508/8311/508 509/8312/509 510/8313/510
f  509/8314/509 90/8315/90 510/8316/510
f  505/8317/505 507/8318/507 89/8319/89
f  505/8320/505 506/8321/506 507/8322/507
f  506/8323/506 91/8324/91 507/8325/507
f  502/8326/502 504/8327/504 79/8328/79
f  502/8329/502 503/8330/503 504/8331/504
f  503/8332/503 77/8333/77 504/8334/504
f  499/8335/499 501/8336/501 76/8337/76
f  499/8338/499 500/8339/500 501/8340/501
f  500/8341/500 80/8342/80 501/8343/501
f  496/8344/496 498/8345/498 84/8346/84
f  496/8347/496 497/8348/497 498/8349/498
f  497/8350/497 81/8351/81 498/8352/498
f  493/8353/493 495/8354/495 80/8355/80
f  493/8356/493 494/8357/494 495/8358/495
f  494/8359/494 82/8360/82 495/8361/495
f  490/8362/490 492/8363/492 78/8364/78
f  490/8365/490 491/8366/491 492/8367/492
f  491/8368/491 75/8369/75 492/8370/492
f  487/8371/487 489/8372/489 74/8373/74
f  487/8374/487 488/8375/488 489/8376/489
f  488/8377/488 76/8378/76 489/8379/489
f  484/8380/484 486/8381/486 61/8382/61
f  484/8383/484 485/8384/485 486/8385/486
f  485/8386/485 59/8387/59 486/8388/486
f  481/8389/481 483/8390/483 58/8391/58
f  481/8392/481 482/8393/482 483/8394/483
f  482/8395/482 62/8396/62 483/8397/483
f  478/8398/478 480/8399/480 67/8400/67
f  478/8401/478 479/8402/479 480/8403/480
f  479/8404/479 65/8405/65 480/8406/480
f  475/8407/475 477/8408/477 64/8409/64
f  475/8410/475 476/8411/476 477/8412/477
f  476/8413/476 68/8414/68 477/8415/477
f  472/8416/472 474/8417/474 72/8418/72
f  472/8419/472 473/8420/473 474/8421/474
f  473/8422/473 69/8423/69 474/8424/474
f  469/8425/469 471/8426/471 68/8427/68
f  469/8428/469 470/8429/470 471/8430/471
f  470/8431/470 70/8432/70 471/8433/471
f  466/8434/466 468/8435/468 66/8436/66
f  466/8437/466 467/8438/467 468/8439/468
f  467/8440/467 63/8441/63 468/8442/468
f  463/8443/463 465/8444/465 62/8445/62
f  463/8446/463 464/8447/464 465/8448/465
f  464/8449/464 64/8450/64 465/8451/465
f  460/8452/460 462/8453/462 55/8454/55
f  460/8455/460 461/8456/461 462/8457/462
f  461/8458/461 53/8459/53 462/8460/462
f  451/8461/451 459/8462/459 52/8463/52
f  451/8464/451 458/8465/458 459/8466/459
f  458/8467/458 56/8468/56 459/8469/459
f  455/8470/455 457/8471/457 60/8472/60
f  455/8473/455 456/8474/456 457/8475/457
f  456/8476/456 57/8477/57 457/8478/457
f  452/8479/452 454/8480/454 56/8481/56
f  452/8482/452 453/8483/453 454/8484/454
f  453/8485/453 58/8486/58 454/8487/454
f  449/8488/449 451/8489/451 52/8490/52
f  449/8491/449 450/8492/450 451/8493/451
f  450/8494/450 53/8495/53 451/8496/451
f  446/8497/446 448/8498/448 19/8499/19
f  446/8500/446 447/8501/447 448/8502/448
f  447/8503/447 22/8504/22 448/8505/448
f  444/8506/444 446/8507/446 19/8508/19
f  444/8509/444 445/8510/445 446/8511/446
f  445/8512/445 23/8513/23 446/8514/446
f  441/8515/441 443/8516/443 31/8517/31
f  441/8518/441 442/8519/442 443/8520/443
f  442/8521/442 34/8522/34 443/8523/443
f  439/8524/439 441/8525/441 31/8526/31
f  439/8527/439 440/8528/440 441/8529/441
f  440/8530/440 38/8531/38 441/8532/441
f  436/8533/436 438/8534/438 36/8535/36
f  436/8536/436 437/8537/437 438/8538/438
f  437/8539/437 48/8540/48 438/8541/438
f  433/8542/433 435/8543/435 48/8544/48
f  433/8545/433 434/8546/434 435/8547/435
f  434/8548/434 51/8549/51 435/8550/435
f  430/8551/430 432/8552/432 40/8553/40
f  430/8554/430 431/8555/431 432/8556/432
f  431/8557/431 43/8558/43 432/8559/432
f  428/8560/428 430/8561/430 40/8562/40
f  428/8563/428 429/8564/429 430/8565/430
f  429/8566/429 46/8567/46 430/8568/430
f  425/8569/425 427/8570/427 37/8571/37
f  425/8572/425 426/8573/426 427/8574/427
f  426/8575/426 49/8576/49 427/8577/427
f  422/8578/422 424/8579/424 46/8580/46
f  422/8581/422 423/8582/423 424/8583/424
f  423/8584/423 50/8585/50 424/8586/424
f  420/8587/420 422/8588/422 46/8589/46
f  420/8590/420 421/8591/421 422/8592/422
f  421/8593/421 48/8594/48 422/8595/422
f  417/8596/417 419/8597/419 38/8598/38
f  417/8599/417 418/8600/418 419/8601/419
f  418/8602/418 42/8603/42 419/8604/419
f  415/8605/415 417/8606/417 38/8607/38
f  415/8608/415 416/8609/416 417/8610/417
f  416/8611/416 40/8612/40 417/8613/417
f  412/8614/412 414/8615/414 25/8616/25
f  412/8617/412 413/8618/413 414/8619/414
f  413/8620/413 28/8621/28 414/8622/414
f  410/8623/410 412/8624/412 25/8625/25
f  410/8626/410 411/8627/411 412/8628/412
f  411/8629/411 29/8630/29 412/8631/412
f  407/8632/407 409/8633/409 29/8634/29
f  407/8635/407 408/8636/408 409/8637/409
f  408/8638/408 33/8639/33 409/8640/409
f  405/8641/405 407/8642/407 29/8643/29
f  405/8644/405 406/8645/406 407/8646/407
f  406/8647/406 31/8648/31 407/8649/407
f  402/8650/402 404/8651/404 23/8652/23
f  402/8653/402 403/8654/403 404/8655/404
f  403/8656/403 27/8657/27 404/8658/404
f  400/8659/400 402/8660/402 23/8661/23
f  400/8662/400 401/8663/401 402/8664/402
f  401/8665/401 25/8666/25 402/8667/402
f  397/8668/397 399/8669/399 7/8670/7
f  397/8671/397 398/8672/398 399/8673/399
f  398/8674/398 10/8675/10 399/8676/399
f  395/8677/395 397/8678/397 7/8679/7
f  395/8680/395 396/8681/396 397/8682/397
f  396/8683/396 11/8684/11 397/8685/397
f  392/8686/392 394/8687/394 13/8688/13
f  392/8689/392 393/8690/393 394/8691/394
f  393/8692/393 16/8693/16 394/8694/394
f  390/8695/390 392/8696/392 13/8697/13
f  390/8698/390 391/8699/391 392/8700/392
f  391/8701/391 17/8702/17 392/8703/392
f  387/8704/387 389/8705/389 17/8706/17
f  387/8707/387 388/8708/388 389/8709/389
f  388/8710/388 21/8711/21 389/8712/389
f  385/8713/385 387/8714/387 17/8715/17
f  385/8716/385 386/8717/386 387/8718/387
f  386/8719/386 19/8720/19 387/8721/387
f  382/8722/382 384/8723/384 11/8724/11
f  382/8725/382 383/8726/383 384/8727/384
f  383/8728/383 15/8729/15 384/8730/384
f  380/8731/380 382/8732/382 11/8733/11
f  380/8734/380 381/8735/381 382/8736/382
f  381/8737/381 13/8738/13 382/8739/382
f  378/8740/378 369/8741/369 1/8742/1
f  378/8743/378 379/8744/379 369/8745/369
f  379/8746/379 3/8747/3 369/8748/369
f  371/8749/371 378/8750/378 1/8751/1
f  371/8752/371 377/8753/377 378/8754/378
f  377/8755/377 5/8756/5 378/8757/378
f  374/8758/374 376/8759/376 5/8760/5
f  374/8761/374 375/8762/375 376/8763/376
f  375/8764/375 9/8765/9 376/8766/376
f  372/8767/372 374/8768/374 5/8769/5
f  372/8770/372 373/8771/373 374/8772/374
f  373/8773/373 7/8774/7 374/8775/374
f  369/8776/369 371/8777/371 1/8778/1
f  369/8779/369 370/8780/370 371/8781/371
f  370/8782/370 2/8783/2 371/8784/371
