# Blender 4.4.3
# www.blender.org
mtllib bigben_subdivided.mtl
o Big_Ben
v -9.645805 -0.000132 -9.645805
v -9.645805 -0.000131 -2.601341
v -2.601341 -0.000132 -9.645805
v -2.601341 -0.000131 -2.601341
v -9.645805 4.682412 -9.645805
v -9.645805 4.682414 -2.601341
v -9.645805 9.885100 -9.645807
v -9.645805 9.885102 -2.601343
v -2.601341 4.682412 -9.645805
v -2.601341 9.885100 -9.645807
v -9.645805 15.087787 -9.645807
v -9.645805 15.087789 -2.601343
v -9.645805 20.290478 -9.645809
v -9.645805 20.290478 -2.601344
v -2.601341 15.087787 -9.645807
v -2.601341 20.290478 -9.645809
v -9.645805 25.493164 -9.645809
v -9.645805 25.493164 -2.601345
v -9.645805 30.695850 -9.645809
v -9.645805 30.695850 -2.601346
v -2.601341 25.493164 -9.645809
v -2.601341 30.695850 -9.645809
v -9.645805 35.898540 -9.645811
v -9.645805 35.898540 -2.601347
v -9.645805 41.101227 -9.645811
v -9.645805 41.101227 -2.601347
v -2.601341 35.898540 -9.645811
v -2.601341 41.101227 -9.645811
v -9.645805 46.303913 -9.645813
v -9.645805 46.303913 -2.601349
v -9.645805 51.506599 -9.645813
v -9.645805 51.506599 -2.601349
v -2.601341 46.303913 -9.645813
v -2.601341 51.506599 -9.645813
v -10.826920 72.441673 -10.826931
v -10.826920 72.441673 -7.804042
v -10.826920 72.441673 -2.601352
v -9.645805 56.709290 -9.645813
v -9.645805 56.709290 -2.601350
v -9.645805 61.911972 -9.645815
v -9.645805 61.911972 -2.601351
v -2.601341 56.709290 -9.645813
v -2.601341 61.911972 -9.645815
v -7.804031 72.441673 -10.826931
v -2.601341 72.441673 -10.826931
v -9.645805 67.114662 -9.645815
v -9.645805 67.114662 -2.601351
v -9.645805 72.445480 -9.645817
v -9.645805 72.449287 -2.601352
v -2.601341 67.114662 -9.645815
v -2.601341 72.445480 -9.645817
v -9.645805 -0.000130 2.601341
v -9.645805 -0.000129 9.645645
v -2.601341 -0.000130 2.601341
v -2.601341 -0.000129 9.645645
v -9.645805 4.682414 2.601341
v -9.645805 4.682416 9.645645
v -9.645805 9.885102 2.601340
v -9.645805 9.885104 9.645643
v -2.601341 4.682416 9.645645
v -2.601341 9.885104 9.645643
v -9.645805 15.087789 2.601339
v -9.645805 15.087790 9.645643
v -9.645805 20.290478 2.601339
v -9.645805 20.290478 9.645641
v -2.601341 15.087790 9.645643
v -2.601341 20.290478 9.645641
v -9.645805 25.493164 2.601337
v -9.645805 25.493164 9.645641
v -9.645805 30.695850 2.601337
v -9.645805 30.695850 9.645641
v -2.601341 25.493164 9.645641
v -2.601341 30.695850 9.645641
v -9.645805 35.898540 2.601336
v -9.645805 35.898540 9.645639
v -9.645805 41.101227 2.601335
v -9.645805 41.101227 9.645639
v -2.601341 35.898540 9.645639
v -2.601341 41.101227 9.645639
v -9.645805 46.303913 2.601334
v -9.645805 46.303913 9.645638
v -9.645805 51.506599 2.601333
v -9.645805 51.506599 9.645638
v -2.601341 46.303913 9.645638
v -2.601341 51.506599 9.645638
v -10.826920 72.441673 2.601331
v -10.826920 72.441673 7.804021
v -10.826920 72.441673 10.826748
v -9.645805 56.709290 2.601333
v -9.645805 56.709290 9.645638
v -9.645805 61.911972 2.601331
v -9.645805 61.911972 9.645636
v -2.601341 56.709290 9.645638
v -2.601341 61.911972 9.645636
v -9.645805 67.114662 2.601331
v -9.645805 67.114662 9.645636
v -9.645805 72.449287 2.601331
v -9.645805 72.445480 9.645634
v -2.601341 67.114662 9.645636
v -2.601341 72.449287 9.645634
v -7.804031 72.441673 10.826748
v -2.601341 72.441673 10.826748
v -10.826920 77.520035 -10.826931
v -10.826920 82.722725 -10.826933
v -10.826920 77.520035 -7.804043
v -10.826920 77.520035 -2.601353
v -10.826920 82.722725 -7.804044
v -10.826920 82.722725 -2.601353
v -10.826920 87.925415 -10.826933
v -10.826920 94.882706 -10.826935
v -10.826920 87.925415 -7.804045
v -10.826920 87.925415 -2.601355
v -10.826920 94.882706 -7.804046
v -10.826920 94.882706 -2.601355
v -7.804031 77.520035 -10.826931
v -7.804031 82.722725 -10.826933
v -2.601341 77.520035 -10.826931
v -2.601341 82.722725 -10.826933
v -7.804031 87.925415 -10.826933
v -7.804031 94.882706 -10.826935
v -2.601341 87.925415 -10.826933
v -2.601341 94.882706 -10.826935
v -8.858284 94.882706 -8.858299
v -8.858284 94.884964 -2.601355
v -2.601341 94.882706 -8.858299
v -8.858284 98.330788 -8.858299
v -8.858284 98.330788 -2.601357
v -8.858284 101.498779 -8.858299
v -8.858292 101.498779 -2.601357
v -2.601341 98.330788 -8.858299
v -2.601341 101.498779 -8.858307
v -6.115540 107.669968 -6.115556
v -6.000259 107.929352 -2.601357
v -5.518997 109.012199 -5.519013
v -4.367111 111.603935 -4.367128
v -4.463425 111.387238 -4.463441
v -4.570053 119.564461 -4.570071
v -3.714386 124.983620 -3.714406
v -2.817955 130.031998 -2.817975
v -1.921516 135.080368 -1.921537
v -0.972290 140.017578 -0.972312
v -0.899773 145.154968 -0.899795
v -0.899773 149.837357 -0.899795
v -10.826920 77.520035 2.601329
v -10.826920 77.520035 7.804020
v -10.826920 82.722725 2.601329
v -10.826920 82.722725 7.804019
v -10.826920 77.520035 10.826748
v -10.826920 82.722725 10.826746
v -10.826920 87.925415 2.601328
v -10.826920 87.925415 7.804018
v -10.826920 94.882706 2.601327
v -10.826920 94.882706 7.804017
v -10.826920 87.925415 10.826746
v -10.826920 94.882706 10.826744
v -7.804031 77.520035 10.826748
v -7.804031 82.722725 10.826746
v -2.601341 77.520035 10.826748
v -2.601341 82.722725 10.826746
v -8.858284 94.887230 2.601327
v -8.858284 94.884964 8.858116
v -2.601341 94.887230 8.858116
v -7.804031 87.925415 10.826746
v -7.804031 94.882706 10.826744
v -2.601341 87.925415 10.826746
v -2.601341 94.882706 10.826744
v -8.858284 98.330788 2.601327
v -8.858284 98.330788 8.858116
v -8.858292 101.498779 2.601326
v -8.858284 101.498795 8.858116
v -2.601341 98.330788 8.858116
v -2.601341 101.498764 8.858131
v -5.519051 109.012077 5.518859
v -6.115601 107.669846 6.115409
v -4.367172 111.603798 4.366987
v -2.601341 107.929176 6.000159
v -4.463425 111.387222 4.463255
v -4.570061 119.564438 4.569875
v -3.714394 124.983604 3.714244
v -2.817963 130.031982 2.817859
v -1.921516 135.080353 1.921458
v -0.972290 140.017578 0.972268
v -0.899773 145.154968 0.899751
v -0.899773 149.837357 0.899750
v 2.601341 -0.000132 -9.645805
v 2.601341 -0.000131 -2.601341
v 9.645645 -0.000132 -9.645805
v 9.645645 -0.000131 -2.601341
v 2.601341 4.682412 -9.645805
v 2.601341 9.885100 -9.645807
v 9.645645 4.682412 -9.645805
v 9.645645 4.682414 -2.601341
v 9.645645 9.885100 -9.645807
v 9.645645 9.885102 -2.601343
v 2.601341 15.087787 -9.645807
v 2.601341 20.290478 -9.645809
v 9.645645 15.087787 -9.645807
v 9.645645 15.087789 -2.601343
v 9.645645 20.290478 -9.645809
v 9.645645 20.290478 -2.601344
v 2.601341 25.493164 -9.645809
v 2.601341 30.695850 -9.645809
v 9.645645 25.493164 -9.645809
v 9.645645 25.493164 -2.601345
v 9.645645 30.695850 -9.645809
v 9.645645 30.695850 -2.601346
v 2.601341 35.898540 -9.645811
v 2.601341 41.101227 -9.645811
v 9.645645 35.898540 -9.645811
v 9.645645 35.898540 -2.601347
v 9.645645 41.101227 -9.645811
v 9.645645 41.101227 -2.601347
v 2.601341 46.303913 -9.645813
v 2.601341 51.506599 -9.645813
v 9.645645 46.303913 -9.645813
v 9.645645 46.303913 -2.601349
v 9.645645 51.506599 -9.645813
v 9.645645 51.506599 -2.601349
v 2.601341 56.709290 -9.645813
v 2.601341 61.911972 -9.645815
v 9.645645 56.709290 -9.645813
v 9.645645 56.709290 -2.601350
v 9.645645 61.911972 -9.645815
v 9.645645 61.911972 -2.601351
v 2.601341 72.441673 -10.826931
v 7.804031 72.441673 -10.826931
v 2.601341 67.114662 -9.645815
v 2.601341 72.441673 -9.645817
v 9.645645 67.114662 -9.645815
v 9.645645 67.114662 -2.601351
v 9.645645 72.441673 -9.645817
v 9.645645 72.441673 -2.601352
v 10.826759 72.441673 -10.826931
v 10.826759 72.441673 -7.804042
v 10.826759 72.441673 -2.601352
v 2.601341 -0.000130 2.601341
v 2.601341 -0.000129 9.645645
v 9.645645 -0.000130 2.601341
v 9.645645 -0.000129 9.645645
v 2.601341 4.682416 9.645645
v 2.601341 9.885104 9.645643
v 9.645645 4.682414 2.601341
v 9.645645 4.682416 9.645645
v 9.645645 9.885102 2.601340
v 9.645645 9.885104 9.645643
v 2.601341 15.087790 9.645643
v 2.601341 20.290478 9.645641
v 9.645645 15.087789 2.601339
v 9.645645 15.087790 9.645643
v 9.645645 20.290478 2.601339
v 9.645645 20.290478 9.645641
v 2.601341 25.493164 9.645641
v 2.601341 30.695850 9.645641
v 9.645645 25.493164 2.601337
v 9.645645 25.493164 9.645641
v 9.645645 30.695850 2.601337
v 9.645645 30.695850 9.645641
v 2.601341 35.898540 9.645639
v 2.601341 41.101227 9.645639
v 9.645645 35.898540 2.601336
v 9.645645 35.898540 9.645639
v 9.645645 41.101227 2.601335
v 9.645645 41.101227 9.645639
v 2.601341 46.303913 9.645638
v 2.601341 51.506599 9.645638
v 9.645645 46.303913 2.601334
v 9.645645 46.303913 9.645638
v 9.645645 51.506599 2.601333
v 9.645645 51.506599 9.645638
v 2.601341 56.709290 9.645638
v 2.601341 61.911972 9.645636
v 9.645645 56.709290 2.601333
v 9.645645 56.709290 9.645638
v 9.645645 61.911972 2.601331
v 9.645645 61.911972 9.645636
v 2.601341 67.114662 9.645636
v 2.601341 72.449287 9.645634
v 9.645645 67.114662 2.601331
v 9.645645 67.114662 9.645636
v 9.645645 72.445480 2.601331
v 9.645645 72.445480 9.645634
v 2.601341 72.441673 10.826748
v 7.804031 72.441673 10.826748
v 10.826759 72.441673 2.601331
v 10.826759 72.441673 7.804021
v 10.826759 72.441673 10.826748
v 2.601341 77.520035 -10.826931
v 2.601341 82.722725 -10.826933
v 7.804031 77.520035 -10.826931
v 7.804031 82.722725 -10.826933
v 2.601341 87.925415 -10.826933
v 2.601341 94.882706 -10.826935
v 7.804031 87.925415 -10.826933
v 7.804031 94.882706 -10.826935
v 2.601341 94.882706 -8.858299
v 8.858131 94.882706 -8.858299
v 8.858131 94.882706 -2.601355
v 10.826759 77.520035 -10.826931
v 10.826759 82.722725 -10.826933
v 10.826759 77.520035 -7.804043
v 10.826759 77.520035 -2.601353
v 10.826759 82.722725 -7.804044
v 10.826759 82.722725 -2.601353
v 10.826759 87.925415 -10.826933
v 10.826759 94.882706 -10.826935
v 10.826759 87.925415 -7.804045
v 10.826759 87.925415 -2.601355
v 10.826759 94.882706 -7.804046
v 10.826759 94.882706 -2.601355
v 2.601341 98.330788 -8.858299
v 2.601341 101.498779 -8.858307
v 8.858131 98.330788 -8.858299
v 8.858131 98.330788 -2.601357
v 8.858131 101.498795 -8.858299
v 8.858147 101.498764 -2.601357
v 5.518875 109.012077 -5.519067
v 4.367012 111.603798 -4.367189
v 4.463272 111.387222 -4.463441
v 6.115425 107.669846 -6.115624
v 6.000168 107.929169 -2.601357
v 4.569893 119.564438 -4.570079
v 3.714264 124.983604 -3.714412
v 2.817879 130.031982 -2.817982
v 1.921478 135.080353 -1.921537
v 0.972290 140.017578 -0.972312
v 0.899773 145.154968 -0.899795
v 0.899773 149.837357 -0.899795
v 2.601341 77.520035 10.826748
v 2.601341 82.722725 10.826746
v 7.804031 77.520035 10.826748
v 7.804031 82.722725 10.826746
v 2.601341 94.884964 8.858116
v 8.858131 94.882706 2.601327
v 8.858131 94.882706 8.858116
v 2.601341 87.925415 10.826746
v 2.601341 94.882706 10.826744
v 7.804031 87.925415 10.826746
v 7.804031 94.882706 10.826744
v 10.826759 77.520035 2.601329
v 10.826759 77.520035 7.804020
v 10.826759 82.722725 2.601329
v 10.826759 82.722725 7.804019
v 10.826759 77.520035 10.826748
v 10.826759 82.722725 10.826746
v 10.826759 87.925415 2.601328
v 10.826759 87.925415 7.804018
v 10.826759 94.882706 2.601327
v 10.826759 94.882706 7.804017
v 10.826759 87.925415 10.826746
v 10.826759 94.882706 10.826744
v 2.601341 98.330788 8.858116
v 2.601341 101.498764 8.858131
v 8.858131 98.330788 2.601327
v 8.858131 98.330788 8.858116
v 8.858147 101.498764 2.601326
v 8.858139 101.498772 8.858124
v 4.367050 111.603706 4.367025
v 5.518936 109.011993 5.518905
v 4.463280 111.387161 4.463263
v 6.000168 107.929169 2.601325
v 6.115433 107.669807 6.115440
v 4.569893 119.564430 4.569875
v 3.714279 124.983589 3.714261
v 2.817879 130.031952 2.817859
v 1.921478 135.080338 1.921458
v 0.972290 140.017578 0.972268
v 0.899773 145.154968 0.899751
v 0.899773 149.837357 0.899750
v -6.123573 -0.000132 -9.645805
v -6.123573 -0.000131 -6.123573
v -9.645805 -0.000131 -6.123573
v -9.645805 4.682413 -6.123574
v -9.645805 7.283757 -6.123574
v -9.645805 7.283756 -9.645806
v -6.123573 7.283756 -9.645806
v -6.123573 4.682412 -9.645805
v -9.645805 2.341141 -6.123573
v -9.645805 2.341141 -9.645805
v -6.123573 2.341141 -9.645805
v -9.645805 15.087788 -6.123575
v -9.645805 17.689133 -6.123576
v -9.645805 17.689133 -9.645808
v -6.123573 17.689133 -9.645808
v -6.123573 15.087787 -9.645807
v -9.645805 25.493164 -6.123577
v -9.645805 28.094507 -6.123577
v -9.645805 28.094507 -9.645809
v -6.123573 28.094507 -9.645809
v -6.123573 25.493164 -9.645809
v -9.645805 20.290478 -6.123577
v -9.645805 22.891821 -6.123577
v -9.645805 22.891821 -9.645809
v -6.123573 22.891821 -9.645809
v -6.123573 20.290478 -9.645809
v -9.645805 9.885101 -6.123575
v -9.645805 12.486444 -6.123575
v -9.645805 12.486444 -9.645807
v -6.123573 12.486444 -9.645807
v -6.123573 9.885100 -9.645807
v -9.645805 35.898540 -6.123579
v -9.645805 38.499886 -6.123579
v -9.645805 38.499886 -9.645811
v -6.123573 38.499886 -9.645811
v -6.123573 35.898540 -9.645811
v -9.645805 46.303913 -6.123580
v -9.645805 48.905258 -6.123581
v -9.645805 48.905258 -9.645813
v -6.123573 48.905258 -9.645813
v -6.123573 46.303913 -9.645813
v -9.645805 41.101227 -6.123580
v -9.645805 43.702568 -6.123580
v -9.645805 43.702568 -9.645812
v -6.123573 43.702568 -9.645812
v -6.123573 41.101227 -9.645811
v -9.645805 56.709290 -6.123582
v -9.645805 59.310631 -6.123582
v -9.645805 59.310631 -9.645814
v -6.123573 59.310631 -9.645814
v -6.123573 56.709290 -9.645813
v -9.645805 67.114662 -6.123583
v -9.645805 69.780075 -6.123584
v -9.645805 69.780075 -9.645817
v -6.123573 69.780075 -9.645817
v -6.123573 67.114662 -9.645815
v -10.826920 72.441673 -5.202697
v -10.236362 72.445480 -5.202697
v -10.236362 72.445480 -2.601352
v -9.645805 61.911972 -6.123583
v -9.645805 64.513321 -6.123583
v -9.645805 64.513321 -9.645815
v -6.123573 64.513321 -9.645815
v -6.123573 61.911972 -9.645815
v -8.724918 72.443573 -10.236374
v -5.202686 72.443573 -10.236374
v -6.123573 72.445480 -9.645817
v -10.826920 72.441673 -9.315487
v -10.236362 72.443573 -10.236374
v -10.236362 72.443573 -8.724930
v -9.645805 51.506599 -6.123581
v -9.645805 54.107944 -6.123581
v -9.645805 54.107944 -9.645813
v -6.123573 54.107944 -9.645813
v -6.123573 51.506599 -9.645813
v -9.645805 30.695850 -6.123578
v -9.645805 33.297195 -6.123579
v -9.645805 33.297195 -9.645810
v -6.123573 33.297195 -9.645810
v -6.123573 30.695850 -9.645809
v -6.123573 -0.000130 2.601341
v -6.123573 -0.000130 6.123493
v -9.645805 -0.000130 6.123493
v -9.645805 4.682415 6.123493
v -9.645805 7.283759 6.123493
v -9.645805 7.283758 2.601341
v -2.601341 7.283760 9.645644
v -6.123573 7.283760 9.645644
v -6.123573 4.682416 9.645645
v -9.645805 2.341143 6.123493
v -9.645805 2.341142 2.601341
v -2.601341 2.341143 9.645645
v -6.123573 2.341143 9.645645
v -6.123573 -0.000129 9.645645
v -9.645805 15.087790 6.123491
v -9.645805 17.689133 6.123491
v -9.645805 17.689133 2.601339
v -2.601341 17.689133 9.645642
v -6.123573 17.689133 9.645642
v -6.123573 15.087790 9.645643
v -9.645805 25.493164 6.123489
v -9.645805 28.094507 6.123489
v -9.645805 28.094507 2.601337
v -2.601341 28.094507 9.645641
v -6.123573 28.094507 9.645641
v -6.123573 25.493164 9.645641
v -9.645805 20.290478 6.123490
v -9.645805 22.891821 6.123489
v -9.645805 22.891821 2.601338
v -2.601341 22.891821 9.645641
v -6.123573 22.891821 9.645641
v -6.123573 20.290478 9.645641
v -9.645805 9.885103 6.123491
v -9.645805 12.486446 6.123491
v -9.645805 12.486445 2.601340
v -2.601341 12.486447 9.645643
v -6.123573 12.486447 9.645643
v -6.123573 9.885104 9.645643
v -9.645805 35.898540 6.123487
v -9.645805 38.499886 6.123487
v -9.645805 38.499886 2.601336
v -2.601341 38.499886 9.645639
v -6.123573 38.499886 9.645639
v -6.123573 35.898540 9.645639
v -9.645805 46.303913 6.123486
v -9.645805 48.905258 6.123486
v -9.645805 48.905258 2.601334
v -2.601341 48.905258 9.645638
v -6.123573 48.905258 9.645638
v -6.123573 46.303913 9.645638
v -9.645805 41.101227 6.123487
v -9.645805 43.702568 6.123487
v -9.645805 43.702568 2.601335
v -2.601341 43.702568 9.645638
v -6.123573 43.702568 9.645638
v -6.123573 41.101227 9.645639
v -9.645805 56.709290 6.123485
v -9.645805 59.310631 6.123484
v -9.645805 59.310631 2.601332
v -2.601341 59.310631 9.645637
v -6.123573 59.310631 9.645637
v -6.123573 56.709290 9.645638
v -9.645805 69.781975 2.601331
v -9.645805 69.780075 6.123482
v -9.645805 72.447388 6.123482
v -6.123573 67.114662 9.645636
v -6.123573 69.780075 9.645634
v -9.645805 69.780075 9.645634
v -10.236362 72.445480 2.601331
v -10.236362 72.445480 5.202676
v -10.826920 72.441673 5.202676
v -9.645805 61.911972 6.123484
v -9.645805 64.513321 6.123484
v -9.645805 64.513321 2.601331
v -2.601341 64.513321 9.645636
v -6.123573 64.513321 9.645636
v -6.123573 61.911972 9.645636
v -6.123573 72.447388 9.645634
v -5.202686 72.445480 10.236191
v -8.724918 72.443573 10.236191
v -10.236362 72.443573 8.724827
v -10.236362 72.443573 10.236191
v -10.826920 72.441673 9.315384
v -9.645805 51.506599 6.123486
v -9.645805 54.107944 6.123485
v -9.645805 54.107944 2.601333
v -2.601341 54.107944 9.645638
v -6.123573 54.107944 9.645638
v -6.123573 51.506599 9.645638
v -9.645805 30.695850 6.123489
v -9.645805 33.297195 6.123489
v -9.645805 33.297195 2.601336
v -2.601341 33.297195 9.645640
v -6.123573 33.297195 9.645640
v -6.123573 30.695850 9.645641
v -10.826920 77.520035 -5.202698
v -10.826920 80.121384 -5.202699
v -10.826920 80.121384 -7.804044
v -10.826920 87.925415 -5.202700
v -10.826920 91.404060 -5.202700
v -10.826920 91.404060 -7.804045
v -7.804031 80.121384 -10.826931
v -5.202686 80.121384 -10.826931
v -5.202686 77.520035 -10.826931
v -7.804031 91.404060 -10.826934
v -5.202686 91.404060 -10.826934
v -5.202686 87.925415 -10.826933
v -10.826920 80.121384 -10.826931
v -9.315475 80.121384 -10.826931
v -9.315475 77.520035 -10.826931
v -10.826920 91.404060 -10.826934
v -9.315475 91.404060 -10.826934
v -9.315475 87.925415 -10.826933
v -9.842602 94.883835 -2.601355
v -9.842602 94.883835 -5.202701
v -10.826920 94.882706 -5.202701
v -7.804031 85.324066 -10.826933
v -5.202686 85.324066 -10.826933
v -5.202686 82.722725 -10.826933
v -10.826920 82.722725 -5.202699
v -10.826920 85.324066 -5.202699
v -10.826920 85.324066 -7.804045
v -10.826920 77.520035 -9.315487
v -10.826920 80.121384 -9.315487
v -10.826920 87.925415 -9.315489
v -10.826920 91.404060 -9.315490
v -5.729813 94.882706 -8.858299
v -5.202686 94.882706 -9.842617
v -8.331158 94.882706 -9.842617
v -10.826920 82.722725 -9.315489
v -10.826920 85.324066 -9.315489
v -10.826920 85.324066 -10.826933
v -9.842602 94.882706 -8.331173
v -9.842602 94.882706 -9.842617
v -10.826920 94.882706 -9.315491
v -9.315475 85.324066 -10.826933
v -9.315475 82.722725 -10.826933
v -8.858284 98.330788 -5.729828
v -8.858284 99.914780 -5.729828
v -8.858284 99.914780 -8.858299
v -5.729813 99.914780 -8.858299
v -5.729813 98.330788 -8.858299
v -6.057899 107.799660 -4.358457
v -5.759628 108.470779 -4.060185
v -5.817268 108.341080 -5.817285
v -8.858288 101.498779 -5.729828
v -7.486916 104.584373 -4.358457
v -7.486912 104.584373 -7.486928
v -4.358440 104.584373 -7.486932
v -5.729813 101.498779 -8.858303
v -8.858284 94.883835 -5.729827
v -8.858284 96.607880 -5.729827
v -8.858284 96.606750 -8.858299
v -5.729813 96.606750 -8.858299
v -10.826920 77.520035 5.202675
v -10.826920 80.121384 5.202674
v -10.826920 80.121384 2.601329
v -10.826920 87.925415 5.202673
v -10.826920 91.404060 5.202673
v -10.826920 91.404060 2.601328
v -2.601341 80.121384 10.826748
v -5.202686 80.121384 10.826748
v -5.202686 77.520035 10.826748
v -2.601341 91.404060 10.826745
v -5.202686 91.404060 10.826745
v -5.202686 87.925415 10.826746
v -7.804031 80.121384 10.826748
v -9.315475 80.121384 10.826748
v -9.315475 77.520035 10.826748
v -10.826920 94.882706 5.202672
v -9.842602 94.884964 5.202672
v -9.842602 94.884964 2.601327
v -7.804031 91.404060 10.826745
v -9.315475 91.404060 10.826745
v -9.315475 87.925415 10.826746
v -10.826920 82.722725 5.202674
v -10.826920 85.324066 5.202673
v -10.826920 85.324066 2.601329
v -2.601341 85.324066 10.826746
v -5.202686 85.324066 10.826746
v -5.202686 82.722725 10.826746
v -10.826920 77.520035 9.315384
v -10.826920 80.121384 9.315384
v -10.826920 80.121384 7.804019
v -10.826920 87.925415 9.315382
v -10.826920 91.404060 9.315382
v -10.826920 91.404060 7.804018
v -8.331158 94.883835 9.842430
v -5.202686 94.884964 9.842430
v -5.729813 94.886093 8.858116
v -10.826920 82.722725 9.315382
v -10.826920 85.324066 9.315382
v -10.826920 85.324066 7.804018
v -10.826920 94.882706 9.315380
v -9.842602 94.883835 9.842430
v -9.842602 94.883835 8.331066
v -7.804031 85.324066 10.826746
v -9.315475 85.324066 10.826746
v -9.315475 82.722725 10.826746
v -8.858284 98.330788 5.729721
v -8.858288 99.914780 5.729721
v -8.858288 99.914780 2.601326
v -2.601341 99.914780 8.858124
v -5.729813 99.914780 8.858124
v -5.729813 98.330788 8.858116
v -4.358471 107.799515 6.057784
v -4.060196 108.470627 5.759509
v -5.817326 108.340958 5.817134
v -7.188671 105.255432 4.060092
v -7.486946 104.584312 4.358367
v -5.729813 101.498779 8.858124
v -4.358471 104.584305 7.486770
v -7.486942 104.584320 7.486763
v -8.858284 96.609009 2.601327
v -8.858284 96.609009 5.729722
v -5.729813 96.609009 8.858116
v -8.858284 96.607880 8.858116
v 6.123493 -0.000132 -9.645805
v 6.123493 -0.000131 -6.123573
v 2.601341 -0.000131 -6.123573
v 9.645645 9.885101 -6.123575
v 9.645645 7.283757 -6.123574
v 9.645645 7.283756 -9.645806
v 2.601341 7.283756 -9.645806
v 6.123493 7.283756 -9.645806
v 6.123493 4.682412 -9.645805
v 9.645645 4.682413 -6.123574
v 9.645645 2.341141 -6.123573
v 9.645645 2.341141 -9.645805
v 2.601341 2.341141 -9.645805
v 6.123493 2.341141 -9.645805
v 9.645645 20.290478 -6.123577
v 9.645645 17.689133 -6.123576
v 9.645645 17.689133 -9.645808
v 2.601341 17.689133 -9.645808
v 6.123493 17.689133 -9.645808
v 6.123493 15.087787 -9.645807
v 9.645645 30.695850 -6.123578
v 9.645645 28.094507 -6.123578
v 9.645645 28.094507 -9.645809
v 2.601341 28.094507 -9.645809
v 6.123493 28.094507 -9.645809
v 6.123493 25.493164 -9.645809
v 9.645645 25.493164 -6.123577
v 9.645645 22.891821 -6.123577
v 9.645645 22.891821 -9.645809
v 2.601341 22.891821 -9.645809
v 6.123493 22.891821 -9.645809
v 6.123493 20.290478 -9.645809
v 9.645645 15.087788 -6.123575
v 9.645645 12.486444 -6.123575
v 9.645645 12.486444 -9.645807
v 2.601341 12.486444 -9.645807
v 6.123493 12.486444 -9.645807
v 6.123493 9.885100 -9.645807
v 9.645645 41.101227 -6.123580
v 9.645645 38.499886 -6.123579
v 9.645645 38.499886 -9.645811
v 2.601341 38.499886 -9.645811
v 6.123493 38.499886 -9.645811
v 6.123493 35.898540 -9.645811
v 9.645645 51.506599 -6.123581
v 9.645645 48.905258 -6.123581
v 9.645645 48.905258 -9.645813
v 2.601341 48.905258 -9.645813
v 6.123493 48.905258 -9.645813
v 6.123493 46.303913 -9.645813
v 9.645645 46.303913 -6.123580
v 9.645645 43.702568 -6.123580
v 9.645645 43.702568 -9.645812
v 2.601341 43.702568 -9.645812
v 6.123493 43.702568 -9.645812
v 6.123493 41.101227 -9.645811
v 9.645645 61.911972 -6.123583
v 9.645645 59.310631 -6.123582
v 9.645645 59.310631 -9.645814
v 2.601341 59.310631 -9.645814
v 6.123493 59.310631 -9.645814
v 6.123493 56.709290 -9.645813
v 9.645645 72.441673 -6.123584
v 9.645645 69.778168 -6.123584
v 9.645645 69.778168 -9.645817
v 2.601341 69.778168 -9.645817
v 6.123493 69.778168 -9.645817
v 6.123493 67.114662 -9.645815
v 10.236202 72.441673 -8.724930
v 10.236202 72.441673 -5.202697
v 9.645645 67.114662 -6.123583
v 9.645645 64.513321 -6.123583
v 9.645645 64.513321 -9.645815
v 2.601341 64.513321 -9.645815
v 6.123493 64.513321 -9.645815
v 6.123493 61.911972 -9.645815
v 5.202686 72.441673 -10.826931
v 5.202686 72.441673 -10.236374
v 2.601341 72.441673 -10.236374
v 9.315395 72.441673 -10.826931
v 10.236202 72.441673 -10.236374
v 8.724838 72.441673 -10.236374
v 9.645645 56.709290 -6.123582
v 9.645645 54.107944 -6.123582
v 9.645645 54.107944 -9.645813
v 2.601341 54.107944 -9.645813
v 6.123493 54.107944 -9.645813
v 6.123493 51.506599 -9.645813
v 9.645645 35.898540 -6.123579
v 9.645645 33.297195 -6.123578
v 9.645645 33.297195 -9.645810
v 2.601341 33.297195 -9.645810
v 6.123493 33.297195 -9.645810
v 6.123493 30.695850 -9.645809
v 6.123493 -0.000130 2.601341
v 6.123493 -0.000130 6.123493
v 2.601341 -0.000130 6.123493
v 9.645645 9.885103 6.123491
v 9.645645 7.283759 6.123492
v 9.645645 7.283758 2.601341
v 9.645645 7.283760 9.645644
v 6.123493 7.283760 9.645644
v 6.123493 4.682416 9.645645
v 9.645645 4.682415 6.123493
v 9.645645 2.341143 6.123493
v 9.645645 2.341142 2.601341
v 9.645645 2.341143 9.645645
v 6.123493 2.341143 9.645645
v 6.123493 -0.000129 9.645645
v 9.645645 20.290478 6.123490
v 9.645645 17.689133 6.123490
v 9.645645 17.689133 2.601339
v 9.645645 17.689133 9.645642
v 6.123493 17.689133 9.645642
v 6.123493 15.087790 9.645643
v 9.645645 30.695850 6.123489
v 9.645645 28.094507 6.123489
v 9.645645 28.094507 2.601337
v 9.645645 28.094507 9.645641
v 6.123493 28.094507 9.645641
v 6.123493 25.493164 9.645641
v 9.645645 25.493164 6.123489
v 9.645645 22.891821 6.123489
v 9.645645 22.891821 2.601338
v 9.645645 22.891821 9.645641
v 6.123493 22.891821 9.645641
v 6.123493 20.290478 9.645641
v 9.645645 15.087790 6.123491
v 9.645645 12.486446 6.123491
v 9.645645 12.486445 2.601340
v 9.645645 12.486447 9.645643
v 6.123493 12.486447 9.645643
v 6.123493 9.885104 9.645643
v 9.645645 41.101227 6.123487
v 9.645645 38.499886 6.123487
v 9.645645 38.499886 2.601336
v 9.645645 38.499886 9.645639
v 6.123493 38.499886 9.645639
v 6.123493 35.898540 9.645639
v 9.645645 51.506599 6.123486
v 9.645645 48.905258 6.123486
v 9.645645 48.905258 2.601334
v 9.645645 48.905258 9.645638
v 6.123493 48.905258 9.645638
v 6.123493 46.303913 9.645638
v 9.645645 46.303913 6.123486
v 9.645645 43.702568 6.123486
v 9.645645 43.702568 2.601335
v 9.645645 43.702568 9.645638
v 6.123493 43.702568 9.645638
v 6.123493 41.101227 9.645639
v 9.645645 61.911972 6.123484
v 9.645645 59.310631 6.123484
v 9.645645 59.310631 2.601332
v 9.645645 59.310631 9.645637
v 6.123493 59.310631 9.645637
v 6.123493 56.709290 9.645638
v 9.645645 72.445480 6.123482
v 9.645645 69.780075 6.123482
v 9.645645 69.780075 2.601331
v 9.645645 69.780075 9.645634
v 6.123493 69.780075 9.645634
v 6.123493 67.114662 9.645636
v 10.236202 72.443573 5.202676
v 10.236202 72.443573 8.724827
v 9.645645 67.114662 6.123483
v 9.645645 64.513321 6.123484
v 9.645645 64.513321 2.601331
v 9.645645 64.513321 9.645636
v 6.123493 64.513321 9.645636
v 6.123493 61.911972 9.645636
v 2.601341 72.445480 10.236191
v 5.202686 72.445480 10.236191
v 5.202686 72.441673 10.826748
v 8.724838 72.443573 10.236191
v 10.236202 72.443573 10.236191
v 9.315395 72.441673 10.826748
v 9.645645 56.709290 6.123485
v 9.645645 54.107944 6.123485
v 9.645645 54.107944 2.601333
v 9.645645 54.107944 9.645638
v 6.123493 54.107944 9.645638
v 6.123493 51.506599 9.645638
v 9.645645 35.898540 6.123487
v 9.645645 33.297195 6.123488
v 9.645645 33.297195 2.601336
v 9.645645 33.297195 9.645640
v 6.123493 33.297195 9.645640
v 6.123493 30.695850 9.645641
v 2.601341 80.121384 -10.826931
v 5.202686 80.121384 -10.826931
v 5.202686 77.520035 -10.826931
v 2.601341 91.404060 -10.826934
v 5.202686 91.404060 -10.826934
v 5.202686 87.925415 -10.826933
v 10.826759 82.722725 -5.202699
v 10.826759 80.121384 -5.202698
v 10.826759 80.121384 -7.804044
v 10.826759 94.882706 -5.202701
v 10.826759 91.404060 -5.202700
v 10.826759 91.404060 -7.804045
v 7.804031 80.121384 -10.826931
v 9.315395 80.121384 -10.826931
v 9.315395 77.520035 -10.826931
v 7.804031 91.404060 -10.826934
v 9.315395 91.404060 -10.826934
v 9.315395 87.925415 -10.826933
v 8.858131 94.882706 -5.729827
v 9.842445 94.882706 -5.202701
v 9.842445 94.882706 -8.331173
v 2.601341 85.324066 -10.826933
v 5.202686 85.324066 -10.826933
v 5.202686 82.722725 -10.826933
v 10.826759 87.925415 -5.202700
v 10.826759 85.324066 -5.202700
v 10.826759 85.324066 -7.804045
v 2.601341 94.882706 -9.842617
v 5.202686 94.882706 -9.842617
v 5.202686 94.882706 -10.826935
v 10.826759 82.722725 -9.315489
v 10.826759 80.121384 -9.315487
v 10.826759 80.121384 -10.826931
v 10.826759 94.882706 -9.315491
v 10.826759 91.404060 -9.315490
v 10.826759 91.404060 -10.826934
v 10.826759 87.925415 -9.315489
v 10.826759 85.324066 -9.315489
v 10.826759 85.324066 -10.826933
v 8.331081 94.882706 -9.842617
v 9.842445 94.882706 -9.842617
v 9.315395 94.882706 -10.826935
v 7.804031 85.324066 -10.826933
v 9.315395 85.324066 -10.826933
v 9.315395 82.722725 -10.826933
v 8.858139 101.498779 -5.729828
v 8.858139 99.914780 -5.729828
v 8.858131 99.914795 -8.858299
v 2.601341 99.914780 -8.858303
v 5.729736 99.914780 -8.858303
v 5.729736 98.330788 -8.858299
v 5.183590 109.766479 -3.484273
v 5.759521 108.470627 -4.060212
v 4.942944 110.307938 -4.943128
v 7.486778 104.584320 -7.486962
v 7.486786 104.584305 -4.358490
v 5.729736 101.498787 -8.858303
v 4.358383 104.584312 -7.486966
v 8.858131 98.330788 -5.729828
v 8.858131 96.606750 -5.729827
v 8.858131 96.606750 -8.858299
v 2.601341 96.606750 -8.858299
v 5.729736 96.606750 -8.858299
v 5.729736 94.882706 -8.858299
v 7.804031 80.121384 10.826748
v 5.202686 80.121384 10.826748
v 5.202686 77.520035 10.826748
v 7.804031 91.404060 10.826745
v 5.202686 91.404060 10.826745
v 5.202686 87.925415 10.826746
v 10.826759 82.722725 5.202674
v 10.826759 80.121384 5.202674
v 10.826759 80.121384 2.601329
v 10.826759 94.882706 5.202672
v 10.826759 91.404060 5.202673
v 10.826759 91.404060 2.601328
v 10.826759 80.121384 10.826748
v 9.315395 80.121384 10.826748
v 9.315395 77.520035 10.826748
v 9.842445 94.882706 8.331066
v 9.842445 94.882706 5.202672
v 8.858131 94.882706 5.729722
v 10.826759 91.404060 10.826745
v 9.315395 91.404060 10.826745
v 9.315395 87.925415 10.826746
v 10.826759 87.925415 5.202673
v 10.826759 85.324066 5.202673
v 10.826759 85.324066 2.601329
v 7.804031 85.324066 10.826746
v 5.202686 85.324066 10.826746
v 5.202686 82.722725 10.826746
v 5.202686 94.882706 10.826744
v 5.202686 94.883835 9.842430
v 2.601341 94.883835 9.842430
v 10.826759 82.722725 9.315382
v 10.826759 80.121384 9.315384
v 10.826759 80.121384 7.804019
v 10.826759 94.882706 9.315380
v 10.826759 91.404060 9.315382
v 10.826759 91.404060 7.804018
v 10.826759 87.925415 9.315382
v 10.826759 85.324066 9.315382
v 10.826759 85.324066 7.804018
v 9.315395 94.882706 10.826744
v 9.842445 94.882706 9.842430
v 8.331081 94.882706 9.842430
v 10.826759 85.324066 10.826746
v 9.315395 85.324066 10.826746
v 9.315395 82.722725 10.826746
v 8.858139 99.914780 2.601326
v 8.858139 99.914780 5.729721
v 8.858131 98.330788 5.729721
v 5.729736 98.330788 8.858116
v 5.729736 99.914780 8.858124
v 2.601341 99.914780 8.858124
v 4.942993 110.307846 4.942965
v 5.759552 108.470581 4.060115
v 5.183609 109.766434 3.484175
v 6.057800 107.799484 4.358382
v 7.486790 104.584290 4.358383
v 7.429157 104.713966 2.601326
v 7.486786 104.584290 7.486782
v 4.358387 104.584290 7.486785
v 5.729740 101.498764 8.858128
v 8.858131 96.606750 5.729722
v 8.858131 96.606750 2.601327
v 8.858131 96.606750 8.858116
v 5.729736 96.607880 8.858116
v 5.729736 94.883835 8.858116
v 0.000000 -0.000132 -9.645805
v 0.000000 -0.000131 -6.123573
v -2.601341 -0.000131 -6.123573
v -2.601341 7.283756 -9.645806
v 0.000000 7.283756 -9.645806
v 0.000000 4.682412 -9.645805
v -2.601341 2.341141 -9.645805
v 0.000000 2.341140 -9.645805
v -2.601341 17.689133 -9.645808
v 0.000000 17.689133 -9.645808
v 0.000000 15.087787 -9.645807
v -2.601341 28.094507 -9.645809
v 0.000000 28.094507 -9.645809
v 0.000000 25.493164 -9.645809
v -2.601341 22.891821 -9.645809
v 0.000000 22.891821 -9.645809
v 0.000000 20.290478 -9.645809
v -2.601341 12.486444 -9.645807
v 0.000000 12.486444 -9.645807
v 0.000000 9.885100 -9.645807
v -2.601341 38.499886 -9.645811
v 0.000000 38.499886 -9.645811
v 0.000000 35.898540 -9.645811
v -2.601341 48.905258 -9.645813
v 0.000000 48.905258 -9.645813
v 0.000000 46.303913 -9.645813
v -2.601341 43.702568 -9.645812
v 0.000000 43.702568 -9.645812
v 0.000000 41.101227 -9.645811
v -2.601341 59.310631 -9.645814
v 0.000000 59.310631 -9.645814
v 0.000000 56.709290 -9.645813
v 0.000000 67.114662 -9.645815
v 0.000000 69.778168 -9.645817
v -2.601341 72.443573 -10.236374
v 0.000000 72.441673 -10.236374
v 0.000000 72.443573 -9.645817
v -2.601341 64.513321 -9.645815
v 0.000000 64.513321 -9.645815
v 0.000000 61.911972 -9.645815
v -2.601341 54.107944 -9.645813
v 0.000000 54.107944 -9.645813
v 0.000000 51.506599 -9.645813
v -2.601341 33.297195 -9.645810
v 0.000000 33.297195 -9.645810
v 0.000000 30.695850 -9.645809
v 0.000000 -0.000130 2.601341
v 0.000000 -0.000130 6.123493
v -2.601341 -0.000130 6.123493
v 2.601341 7.283760 9.645644
v 0.000000 7.283760 9.645644
v 0.000000 4.682416 9.645645
v 2.601341 2.341143 9.645645
v 0.000000 2.341143 9.645645
v 0.000000 -0.000129 9.645645
v 2.601341 17.689133 9.645642
v 0.000000 17.689133 9.645642
v 0.000000 15.087790 9.645643
v 2.601341 28.094507 9.645641
v 0.000000 28.094507 9.645641
v 0.000000 25.493164 9.645641
v 2.601341 22.891821 9.645641
v 0.000000 22.891821 9.645641
v 0.000000 20.290478 9.645641
v 2.601341 12.486447 9.645643
v 0.000000 12.486447 9.645643
v 0.000000 9.885104 9.645643
v 2.601341 38.499886 9.645639
v 0.000000 38.499886 9.645639
v 0.000000 35.898540 9.645639
v 2.601341 48.905258 9.645638
v 0.000000 48.905258 9.645638
v 0.000000 46.303913 9.645638
v 2.601341 43.702568 9.645638
v 0.000000 43.702568 9.645638
v 0.000000 41.101227 9.645639
v 2.601341 59.310631 9.645637
v 0.000000 59.310631 9.645637
v 0.000000 56.709290 9.645638
v 2.601341 69.781975 9.645634
v 0.000000 69.781975 9.645634
v 0.000000 67.114662 9.645636
v 0.000000 72.449287 9.645634
v 0.000000 72.445480 10.236191
v -2.601341 72.445480 10.236191
v 2.601341 64.513321 9.645636
v 0.000000 64.513321 9.645636
v 0.000000 61.911972 9.645636
v 2.601341 54.107944 9.645638
v 0.000000 54.107944 9.645638
v 0.000000 51.506599 9.645638
v 2.601341 33.297195 9.645640
v 0.000000 33.297195 9.645640
v 0.000000 30.695850 9.645641
v -2.601341 80.121384 -10.826931
v 0.000000 80.121384 -10.826931
v 0.000000 77.520035 -10.826931
v -2.601341 91.404060 -10.826934
v 0.000000 91.404060 -10.826934
v 0.000000 87.925415 -10.826933
v 0.000000 94.882706 -8.858299
v 0.000000 94.882706 -9.842617
v -2.601341 94.882706 -9.842617
v -2.601341 85.324066 -10.826933
v 0.000000 85.324066 -10.826933
v 0.000000 82.722725 -10.826933
v -2.601341 99.914780 -8.858303
v 0.000000 99.914780 -8.858303
v 0.000000 98.330788 -8.858299
v -0.000050 111.603867 -4.367159
v -0.575993 110.307999 -4.943101
v -4.943054 110.308067 -4.943070
v 0.048080 111.495575 -4.415285
v 4.415142 111.495514 -4.415316
v 0.000000 101.498779 -8.858307
v 1.458767 105.255432 -7.188687
v 4.060108 105.255432 -7.188687
v -2.601341 96.606750 -8.858299
v 0.000000 96.606750 -8.858299
v -4.142220 122.274040 -4.142238
v 0.427753 122.274033 -4.142242
v -0.000080 119.564453 -4.570075
v -2.369735 132.556183 -2.369756
v 0.448182 132.556183 -2.369760
v -0.000038 130.031982 -2.817978
v -3.266171 127.507812 -3.266190
v 0.448154 127.507797 -3.266193
v -0.000061 124.983612 -3.714409
v -0.936031 142.586273 -0.936053
v 0.036258 142.586273 -0.936053
v 0.000000 140.017578 -0.972312
v -0.899773 147.496155 -0.899795
v 0.000000 147.496155 -0.899795
v 0.000000 145.154968 -0.899795
v -1.446903 137.548981 -1.446924
v 0.474594 137.548965 -1.446924
v -0.000019 135.080353 -1.921537
v -0.000077 111.387230 -4.463441
v 0.053234 115.475838 -4.516760
v 4.516582 115.475830 -4.516760
v 2.601341 80.121384 10.826748
v 0.000000 80.121384 10.826748
v 0.000000 77.520035 10.826748
v 2.601341 91.404060 10.826745
v 0.000000 91.404060 10.826745
v 0.000000 87.925415 10.826746
v -2.601341 94.884964 9.842430
v 0.000000 94.883835 9.842430
v 0.000000 94.886093 8.858116
v 2.601341 85.324066 10.826746
v 0.000000 85.324066 10.826746
v 0.000000 82.722725 10.826746
v 0.000000 99.914780 8.858124
v 0.000000 98.330788 8.858116
v -3.484256 109.766487 5.183573
v 0.882855 109.766441 5.183592
v -0.000061 111.603752 4.367006
v 4.415165 111.495438 4.415144
v 0.048054 111.495483 4.415125
v 0.000000 101.498764 8.858131
v 0.000000 104.713974 7.429145
v -2.601341 104.713974 7.429145
v 2.601341 96.607880 8.858116
v 0.000000 96.609009 8.858116
v -0.000084 119.564438 4.569875
v 0.427749 122.274017 4.142060
v -4.142228 122.274017 4.142060
v 2.369678 132.556152 2.369658
v -0.448242 132.556152 2.369658
v -0.000042 130.031967 2.817859
v 3.266079 127.507767 3.266060
v -0.448257 127.507782 3.266052
v -0.000058 124.983597 3.714252
v 0.936031 142.586273 0.936010
v -0.036259 142.586273 0.936010
v 0.000000 140.017578 0.972268
v 0.899773 147.496155 0.899750
v 0.000000 147.496155 0.899750
v 0.000000 145.154968 0.899751
v -0.000019 135.080353 1.921458
v 0.474594 137.548950 1.446863
v -1.446903 137.548965 1.446863
v 4.516586 115.475800 4.516569
v 0.053234 115.475830 4.516565
v -0.000072 111.387192 4.463259
v -7.804031 74.980850 -10.826931
v -5.202686 74.980850 -10.826931
v -5.202686 72.441673 -10.826931
v -10.826920 74.980850 -5.202698
v -10.826920 74.980850 -7.804043
v -10.826920 74.980850 -9.315487
v -10.826920 74.980850 -10.826931
v -9.315475 74.980850 -10.826931
v -9.315475 72.441673 -10.826931
v 2.601341 74.980850 -10.826931
v 5.202686 74.980850 -10.826931
v 10.826759 77.520035 -5.202698
v 10.826759 74.980850 -5.202698
v 10.826759 74.980850 -7.804043
v 10.826759 77.520035 -9.315487
v 10.826759 74.980850 -9.315487
v 10.826759 74.980850 -10.826931
v 7.804031 74.980850 -10.826931
v 9.315395 74.980850 -10.826931
v -10.826920 74.980850 5.202675
v -10.826920 74.980850 2.601330
v -2.601341 74.980850 10.826748
v -5.202686 74.980850 10.826748
v -5.202686 72.441673 10.826748
v -10.826920 74.980850 9.315384
v -10.826920 74.980850 7.804020
v -7.804031 74.980850 10.826748
v -9.315475 74.980850 10.826748
v -9.315475 72.441673 10.826748
v 10.826759 77.520035 5.202675
v 10.826759 74.980850 5.202675
v 10.826759 74.980850 2.601330
v 7.804031 74.980850 10.826748
v 5.202686 74.980850 10.826748
v 10.826759 77.520035 9.315384
v 10.826759 74.980850 9.315384
v 10.826759 74.980850 7.804020
v 10.826759 74.980850 10.826748
v 9.315395 74.980850 10.826748
v -6.123573 -0.000131 -2.601341
v -6.123573 -0.000131 0.000000
v -9.645805 -0.000131 0.000000
v -9.645805 4.682414 -0.000000
v -9.645805 7.283758 -0.000001
v -9.645805 7.283758 -2.601342
v -9.645805 2.341142 -0.000000
v -9.645805 2.341141 -2.601341
v -9.645805 15.087789 -0.000002
v -9.645805 17.689133 -0.000003
v -9.645805 17.689133 -2.601344
v -9.645805 25.493164 -0.000004
v -9.645805 28.094507 -0.000005
v -9.645805 28.094507 -2.601346
v -9.645805 20.290478 -0.000003
v -9.645805 22.891821 -0.000003
v -9.645805 22.891821 -2.601345
v -9.645805 9.885102 -0.000001
v -9.645805 12.486445 -0.000001
v -9.645805 12.486445 -2.601343
v -9.645805 35.898540 -0.000005
v -9.645805 38.499886 -0.000005
v -9.645805 38.499886 -2.601347
v -9.645805 46.303913 -0.000007
v -9.645805 48.905258 -0.000007
v -9.645805 48.905258 -2.601349
v -9.645805 41.101227 -0.000006
v -9.645805 43.702568 -0.000007
v -9.645805 43.702568 -2.601348
v -9.645805 56.709290 -0.000009
v -9.645805 59.310631 -0.000009
v -9.645805 59.310631 -2.601351
v -9.645805 67.114662 -0.000010
v -9.645805 69.781975 -0.000011
v -9.645805 69.781975 -2.601352
v -9.645805 61.911972 -0.000010
v -9.645805 64.513321 -0.000010
v -9.645805 64.513321 -2.601351
v -10.236362 72.445480 -0.000011
v -10.826920 72.441673 -0.000011
v -9.645805 51.506599 -0.000008
v -9.645805 54.107944 -0.000009
v -9.645805 54.107944 -2.601350
v -9.645805 30.695850 -0.000005
v -9.645805 33.297195 -0.000005
v -9.645805 33.297195 -2.601347
v -10.826920 77.520035 -0.000012
v -10.826920 80.121384 -0.000012
v -10.826920 80.121384 -2.601353
v -10.826920 87.925415 -0.000013
v -10.826920 91.404060 -0.000013
v -10.826920 91.404060 -2.601355
v -10.826920 82.722725 -0.000012
v -10.826920 85.324066 -0.000013
v -10.826920 85.324066 -2.601354
v -10.826920 94.882706 -0.000014
v -9.842602 94.883835 -0.000014
v -8.858284 98.330788 -0.000015
v -8.858288 99.914780 -0.000015
v -8.858288 99.914780 -2.601357
v -4.415268 111.495590 -4.415285
v -4.415268 111.495575 0.048063
v -4.463425 111.387230 -0.000093
v -4.943111 110.307938 4.942923
v -5.183715 109.766571 0.882815
v -5.759655 108.470718 1.458751
v -8.858292 101.498779 -0.000015
v -7.429276 104.714066 -0.000015
v -7.429276 104.714066 -2.601357
v -8.858284 94.886093 -0.000014
v -8.858284 96.609009 -0.000015
v -8.858284 96.607880 -2.601356
v -4.570057 119.564453 -0.000098
v -4.142223 122.274033 0.427735
v -2.817959 130.031982 -0.000058
v -2.369740 132.556183 0.448161
v -3.714390 124.983612 -0.000080
v -3.266175 127.507797 0.448135
v -0.972290 140.017578 -0.000022
v -0.936031 142.586273 0.036237
v -0.899773 145.154968 -0.000022
v -0.899773 147.496155 -0.000022
v -1.921516 135.080353 -0.000040
v -1.446903 137.548965 0.474573
v -4.516739 115.475845 -4.516756
v -4.516743 115.475838 0.053217
v 6.123493 -0.000131 -2.601341
v 6.123493 -0.000131 0.000000
v 2.601341 -0.000131 0.000000
v 9.645645 9.885102 -0.000001
v 9.645645 7.283758 -0.000001
v 9.645645 7.283758 -2.601342
v 9.645645 4.682414 -0.000000
v 9.645645 2.341142 -0.000000
v 9.645645 2.341141 -2.601341
v 9.645645 20.290478 -0.000003
v 9.645645 17.689133 -0.000002
v 9.645645 17.689133 -2.601344
v 9.645645 30.695850 -0.000005
v 9.645645 28.094507 -0.000004
v 9.645645 28.094507 -2.601346
v 9.645645 25.493164 -0.000004
v 9.645645 22.891821 -0.000004
v 9.645645 22.891821 -2.601345
v 9.645645 15.087789 -0.000002
v 9.645645 12.486445 -0.000002
v 9.645645 12.486445 -2.601343
v 9.645645 41.101227 -0.000006
v 9.645645 38.499886 -0.000006
v 9.645645 38.499886 -2.601347
v 9.645645 51.506599 -0.000008
v 9.645645 48.905258 -0.000008
v 9.645645 48.905258 -2.601349
v 9.645645 46.303913 -0.000007
v 9.645645 43.702568 -0.000006
v 9.645645 43.702568 -2.601348
v 9.645645 61.911972 -0.000010
v 9.645645 59.310631 -0.000009
v 9.645645 59.310631 -2.601351
v 9.645645 69.778168 -2.601352
v 9.645645 69.778168 -0.000011
v 9.645645 67.114662 -0.000010
v 9.645645 64.513321 -0.000010
v 9.645645 64.513321 -2.601351
v 9.645645 72.443573 -0.000011
v 10.236202 72.441673 -0.000011
v 10.236202 72.443573 2.601331
v 9.645645 56.709290 -0.000009
v 9.645645 54.107944 -0.000008
v 9.645645 54.107944 -2.601350
v 9.645645 35.898540 -0.000005
v 9.645645 33.297195 -0.000005
v 9.645645 33.297195 -2.601347
v 10.826759 82.722725 -0.000012
v 10.826759 80.121384 -0.000012
v 10.826759 80.121384 -2.601353
v 10.826759 94.882706 -0.000014
v 10.826759 91.404060 -0.000014
v 10.826759 91.404060 -2.601355
v 10.826759 87.925415 -0.000013
v 10.826759 85.324066 -0.000012
v 10.826759 85.324066 -2.601354
v 9.842445 94.882706 2.601327
v 9.842445 94.882706 -0.000014
v 8.858131 94.882706 -0.000014
v 8.858147 101.498764 -0.000015
v 8.858139 99.914780 -0.000015
v 8.858139 99.914780 -2.601357
v 4.463276 111.387192 -0.000089
v 4.415146 111.495483 0.048037
v 4.367031 111.603752 -0.000082
v 5.183609 109.766434 0.882834
v 6.000168 107.929169 -0.000016
v 7.429157 104.713966 -0.000016
v 7.429157 104.713966 -2.601357
v 8.858131 98.330788 -0.000015
v 8.858131 96.606750 -0.000014
v 8.858131 96.606750 -2.601356
v 4.142078 122.274017 -4.142245
v 4.142078 122.274017 0.427731
v 4.569893 119.564438 -0.000102
v 1.921478 135.080353 -0.000040
v 2.369678 132.556152 -0.448262
v 2.369678 132.556168 -2.369760
v 2.817879 130.031967 -0.000061
v 3.266071 127.507782 -0.448277
v 3.266071 127.507797 -3.266197
v 0.899773 145.154968 -0.000022
v 0.936031 142.586273 -0.036280
v 0.936031 142.586273 -0.936053
v 0.899773 149.837357 -0.000023
v 0.899773 147.496155 -0.000023
v 0.899773 147.496155 -0.899795
v 1.446884 137.548965 -1.446924
v 1.446884 137.548950 0.474573
v 4.516582 115.475830 0.053217
v -10.826920 74.980850 -0.000011
v -10.826920 74.980850 -2.601353
v 10.826759 77.520035 -0.000012
v 10.826759 74.980850 -0.000012
v 10.826759 74.980850 -2.601353
v 0.000000 -0.000131 -2.601341
v 0.000000 -0.000131 0.000000
v -2.601341 -0.000131 0.000000
v 0.000000 149.837357 0.899750
v 0.000000 149.837357 -0.000023
v -0.899773 149.837357 -0.000023
v -2.601341 74.980850 -10.826931
v 0.000000 74.980850 -10.826931
v 0.000000 72.441673 -10.826931
v 2.601341 74.980850 10.826748
v 0.000000 74.980850 10.826748
v 0.000000 72.441673 10.826748
v -9.645805 72.447388 -6.123584
v -2.601341 69.780075 -9.645817
v -9.645805 7.283760 9.645644
v -9.645805 2.341143 9.645645
v -9.645805 17.689133 9.645642
v -9.645805 28.094507 9.645641
v -9.645805 22.891821 9.645641
v -9.645805 12.486447 9.645643
v -9.645805 38.499886 9.645639
v -9.645805 48.905258 9.645638
v -9.645805 43.702568 9.645638
v -9.645805 59.310631 9.645637
v -9.645805 67.114662 6.123483
v -2.601341 69.781975 9.645634
v -9.645805 64.513321 9.645636
v -9.645805 54.107944 9.645638
v -9.645805 33.297195 9.645640
v -5.202686 94.882706 -10.826935
v -9.315475 94.882706 -10.826935
v -5.183685 109.766647 -3.484243
v -4.060169 105.255493 -7.188660
v -5.202686 94.882706 10.826744
v -10.826920 80.121384 10.826748
v -8.858284 94.886093 5.729722
v -9.315475 94.882706 10.826744
v -10.826920 91.404060 10.826745
v -10.826920 85.324066 10.826746
v -8.858284 99.914795 8.858116
v -8.858288 101.498787 5.729721
v -2.601341 96.609009 8.858116
v 9.645645 -0.000131 -6.123573
v 6.123493 72.441673 -9.645817
v 10.826759 72.441673 -5.202697
v 10.236202 72.441673 -2.601352
v 10.826759 72.441673 -9.315487
v 9.645645 -0.000130 6.123493
v 6.123493 72.447388 9.645634
v 10.826759 72.441673 5.202676
v 10.826759 72.441673 9.315384
v 9.842445 94.882706 -2.601355
v 6.057796 107.799507 -4.358490
v 5.817150 108.340958 -5.817346
v 8.858143 101.498764 5.729725
v 8.858135 99.914780 8.858120
v 5.817184 108.340897 5.817173
v 4.060139 105.255379 7.188518
v 0.000000 94.882706 -10.826935
v -0.000061 109.012138 -5.519040
v 0.000000 149.837357 -0.899795
v 0.000000 94.882706 10.826744
v 1.458798 108.470581 5.759531
v -4.415298 111.495514 4.415121
v 4.142086 122.274010 4.142068
v -2.369740 132.556168 2.369658
v -3.266179 127.507797 3.266052
v -0.936031 142.586273 0.936010
v -0.899773 147.496155 0.899750
v 1.446884 137.548950 1.446863
v -4.516743 115.475830 4.516565
v -10.826920 74.980850 10.826748
v -9.645805 72.449287 -0.000011
v -4.367142 111.603867 -0.000070
v 9.645645 -0.000131 0.000000
v 10.826759 72.441673 -0.000011
v 3.714272 124.983597 -0.000076
v 0.972290 140.017578 -0.000022
vn -0.0000 -1.0000 -0.0000
vn -1.0000 -0.0000 -0.0000
vn -0.0000 -0.0000 -1.0000
vn 0.0054 -1.0000 -0.0002
vn 0.0063 -1.0000 -0.0005
vn 0.0064 -1.0000 -0.0000
vn -0.0000 -1.0000 0.0032
vn 0.0002 -1.0000 0.0032
vn 0.0010 -1.0000 0.0026
vn 0.0016 -1.0000 0.0016
vn 0.0045 -1.0000 -0.0006
vn -0.0000 -0.0000 1.0000
vn 0.0050 -1.0000 -0.0003
vn 0.0044 -1.0000 0.0008
vn 0.0063 -1.0000 0.0006
vn 0.0003 -1.0000 -0.0050
vn 0.0017 -1.0000 -0.0054
vn 0.0005 -1.0000 -0.0065
vn 0.0035 -1.0000 -0.0035
vn 0.0016 -1.0000 -0.0028
vn 0.0039 -1.0000 0.0016
vn -0.0012 1.0000 -0.0008
vn -0.0007 1.0000 0.0003
vn -0.0008 1.0000 -0.0000
vn -0.0000 1.0000 -0.0000
vn -0.0000 1.0000 -0.0001
vn -0.0000 1.0000 -0.0002
vn -0.9138 0.4061 -0.0000
vn -0.0000 0.4061 -0.9138
vn -0.0019 1.0000 -0.0000
vn -0.0024 1.0000 0.0002
vn -0.0018 1.0000 0.0001
vn -0.0000 1.0000 0.0021
vn -0.0007 1.0000 0.0018
vn -0.0000 1.0000 0.0016
vn -0.0006 1.0000 0.0006
vn -0.0017 1.0000 -0.0002
vn -0.0000 0.4061 0.9138
vn 1.0000 -0.0000 -0.0000
vn -0.0000 -1.0000 -0.0008
vn -0.0031 -1.0000 -0.0001
vn -0.0034 -1.0000 0.0002
vn -0.0049 -1.0000 -0.0017
vn -0.0003 -1.0000 -0.0052
vn 0.0007 -1.0000 -0.0045
vn 0.0006 -1.0000 -0.0063
vn -0.0026 -1.0000 -0.0039
vn -0.0028 -1.0000 -0.0016
vn 0.0012 -1.0000 -0.0025
vn 0.9138 0.4061 -0.0000
vn 0.0001 1.0000 0.0006
vn 0.0006 1.0000 0.0008
vn -0.0000 1.0000 0.0011
vn -0.0001 1.0000 0.0003
vn -0.0002 -1.0000 0.0013
vn -0.0020 -1.0000 0.0016
vn 0.0007 -1.0000 0.0032
vn 0.0003 -1.0000 -0.0052
vn -0.0000 -0.4061 0.9138
vn -0.0000 0.1560 -0.9878
vn -0.0000 0.1748 -0.9846
vn -0.0000 0.0141 -0.9999
vn -0.0035 0.0141 -0.9999
vn -0.0035 -0.0000 -1.0000
vn -0.0000 0.0070 -1.0000
vn -0.0000 0.1888 -0.9820
vn -0.0000 -0.0130 -0.9999
vn 0.0001 1.0000 0.0016
vn 0.0002 1.0000 0.0011
vn 0.0005 1.0000 0.0026
vn -0.0000 -0.4061 -0.9138
vn -0.0000 0.1560 0.9878
vn -0.0000 0.1748 0.9846
vn -0.0000 0.0141 0.9999
vn 0.0035 0.0141 0.9999
vn 0.0035 -0.0000 1.0000
vn -0.0000 0.0070 1.0000
vn -0.0000 0.1888 0.9820
vn -0.0000 -0.0130 0.9999
vn 0.0052 -1.0000 0.0002
vn 0.0070 -1.0000 -0.0001
vn 0.0065 -1.0000 0.0005
vn -0.0017 1.0000 -0.0001
vn -0.0018 1.0000 0.0004
vn -0.0011 1.0000 -0.0000
vn 0.9138 -0.4062 -0.0000
vn 0.9138 -0.4061 -0.0000
vn -0.9878 0.1560 -0.0000
vn -0.9846 0.1748 -0.0000
vn -0.9999 0.0141 -0.0000
vn -0.9999 0.0106 -0.0000
vn -1.0000 0.0035 -0.0000
vn -1.0000 0.0071 0.0070
vn -0.9820 0.1888 -0.0000
vn -0.9999 -0.0130 -0.0000
vn -0.0017 -1.0000 0.0004
vn -0.0032 -1.0000 0.0004
vn -0.0031 -1.0000 0.0003
vn -0.9138 -0.4061 -0.0000
vn 0.9878 0.1560 -0.0000
vn 0.9846 0.1748 -0.0000
vn 0.9999 0.0141 -0.0000
vn 0.9998 0.0176 -0.0000
vn 1.0000 0.0071 0.0070
vn 1.0000 -0.0035 -0.0000
vn 0.9820 0.1888 -0.0000
vn 0.9999 -0.0130 -0.0000
vn 0.0036 -1.0000 0.0021
vn 0.0028 -1.0000 -0.0008
vn -0.0001 -1.0000 -0.0071
vn -0.0017 -1.0000 -0.0037
vn -0.0002 1.0000 -0.0010
vn -0.0012 1.0000 -0.0001
vn 0.0002 1.0000 0.0030
vn -0.0032 -1.0000 0.0015
vn -0.0008 -1.0000 -0.0029
vn -0.0032 -1.0000 0.0012
vn -0.0000 1.0000 0.0001
vn 0.0002 -1.0000 -0.0017
vn 0.0001 -0.0000 -1.0000
vn -0.0001 1.0000 0.0006
vn -0.0000 -0.4062 -0.9138
vn -0.0001 -0.0000 1.0000
vn 0.0054 -1.0000 0.0002
vn -0.0023 1.0000 -0.0007
vn -1.0000 -0.0071 -0.0001
vn -0.0000 -1.0000 0.0008
vn 0.9998 0.0212 -0.0001
vn -0.9138 -0.4062 -0.0000
vn -0.0012 -1.0000 0.0002
vn -0.0018 1.0000 -0.0001
vn -0.0017 1.0000 0.0002
vn -0.0001 0.0070 1.0000
vn -0.0000 1.0000 0.0015
vn 0.0008 1.0000 0.0012
vn 0.0001 0.0070 -1.0000
vn -0.0000 -0.4062 0.9138
vn -0.0000 -1.0000 -0.0064
vn -0.0004 -1.0000 0.0017
vn 0.0001 1.0000 -0.0000
vn 0.0004 1.0000 0.0002
vn -0.0032 -1.0000 -0.0000
vn -0.0016 -1.0000 -0.0016
vn 0.0002 -1.0000 -0.0053
vn -0.0015 -1.0000 -0.0002
vn -0.0007 1.0000 0.0007
vn -0.0000 1.0000 0.0019
vn -0.0013 1.0000 0.0004
vn -0.0006 1.0000 -0.0001
vn -0.0007 -1.0000 -0.0045
vn 0.0016 -1.0000 -0.0016
vn -0.0003 -1.0000 -0.0054
vn 0.0053 -1.0000 0.0002
vn 0.0039 -1.0000 0.0026
vn 0.0001 -1.0000 0.0032
vn 0.0058 -1.0000 -0.0011
vn 1.0000 -0.0071 0.0001
vn -0.9998 0.0212 0.0001
vn 0.0011 1.0000 0.0024
vn -0.0011 -1.0000 0.0047
vn -0.0000 -1.0000 -0.0032
vn 0.0006 -1.0000 -0.0077
vn -0.0015 -1.0000 0.0003
vn -0.0006 1.0000 0.0011
vn -0.0015 1.0000 0.0001
vn 0.0032 -1.0000 -0.0000
vn 0.0077 -1.0000 0.0006
vn 0.0005 -1.0000 0.0032
s 1
usemtl 04___Default
f 3//1 370//1 369//1
f 6//2 373//2 372//2
f 7//3 375//3 374//3
f 2//2 377//2 371//2
f 5//3 379//3 378//3
f 12//2 381//2 380//2
f 13//3 383//3 382//3
f 18//2 386//2 385//2
f 19//3 388//3 387//3
f 14//2 391//2 390//2
f 17//3 393//3 392//3
f 8//2 396//2 395//2
f 11//3 398//3 397//3
f 24//2 401//2 400//2
f 25//3 403//3 402//3
f 30//2 406//2 405//2
f 31//3 408//3 407//3
f 26//2 411//2 410//2
f 29//3 413//3 412//3
f 39//2 416//2 415//2
f 40//3 418//3 417//3
f 47//2 421//2 420//2
f 48//3 423//3 422//3
f 36//4 426//5 425//6
f 41//2 429//2 428//2
f 46//3 431//3 430//3
f 44//7 434//8 433//9
f 35//10 437//9 436//11
f 32//2 440//2 439//2
f 38//3 442//3 441//3
f 20//2 445//2 444//2
f 23//3 447//3 446//3
f 54//1 450//1 449//1
f 57//2 453//2 452//2
f 61//12 456//12 455//12
f 53//2 458//2 451//2
f 60//12 461//12 460//12
f 63//2 464//2 463//2
f 67//12 467//12 466//12
f 69//2 470//2 469//2
f 73//12 473//12 472//12
f 65//2 476//2 475//2
f 72//12 479//12 478//12
f 59//2 482//2 481//2
f 66//12 485//12 484//12
f 75//2 488//2 487//2
f 79//12 491//12 490//12
f 81//2 494//2 493//2
f 85//12 497//12 496//12
f 77//2 500//2 499//2
f 84//12 503//12 502//12
f 90//2 506//2 505//2
f 94//12 509//12 508//12
f 95//2 512//2 511//2
f 99//12 515//12 514//12
f 97//13 518//14 517//15
f 92//2 521//2 520//2
f 99//12 524//12 523//12
f 100//16 527//17 526//18
f 98//19 530//20 529//21
f 83//2 533//2 532//2
f 93//12 536//12 535//12
f 71//2 539//2 538//2
f 78//12 542//12 541//12
f 106//2 545//2 544//2
f 112//2 548//2 547//2
f 116//3 551//3 550//3
f 120//3 554//3 553//3
f 104//3 557//3 556//3
f 110//3 560//3 559//3
f 124//22 563//23 562//24
f 119//3 566//3 565//3
f 108//2 569//2 568//2
f 105//2 572//2 571//2
f 111//2 574//2 573//2
f 125//25 576//25 575//25
f 107//2 579//2 578//2
f 123//26 582//25 581//27
f 109//3 584//3 580//3
f 127//2 587//2 586//2
f 128//3 589//3 588//3
f 133//28 592//28 591//28
f 129//28 595//28 594//28
f 132//29 597//29 596//29
f 124//2 600//2 599//2
f 126//3 602//3 601//3
f 145//2 604//2 603//2
f 151//2 607//2 606//2
f 159//12 610//12 609//12
f 166//12 613//12 612//12
f 157//12 616//12 615//12
f 153//30 619//31 618//32
f 164//12 622//12 621//12
f 147//2 625//2 624//2
f 165//12 628//12 627//12
f 148//2 631//2 630//2
f 154//2 634//2 633//2
f 164//33 637//34 636//35
f 149//2 640//2 639//2
f 155//36 643//36 642//37
f 163//12 646//12 645//12
f 168//2 649//2 648//2
f 172//12 652//12 651//12
f 176//38 655//38 654//38
f 169//28 658//28 657//28
f 172//38 660//38 659//38
f 160//2 663//2 662//2
f 162//12 664//12 638//12
f 187//1 667//1 666//1
f 194//39 670//39 669//39
f 190//3 673//3 672//3
f 192//39 676//39 675//39
f 189//3 679//3 678//3
f 200//39 681//39 680//39
f 196//3 684//3 683//3
f 206//39 687//39 686//39
f 202//3 690//3 689//3
f 204//39 693//39 692//39
f 201//3 696//3 695//3
f 198//39 699//39 698//39
f 195//3 702//3 701//3
f 212//39 705//39 704//39
f 208//3 708//3 707//3
f 218//39 711//39 710//39
f 214//3 714//3 713//3
f 216//39 717//39 716//39
f 213//3 720//3 719//3
f 224//39 723//39 722//39
f 220//3 726//3 725//3
f 232//39 729//39 728//39
f 228//3 732//3 731//3
f 234//1 735//40 734//1
f 230//39 737//39 736//39
f 227//3 740//3 739//3
f 226//1 743//40 742//1
f 233//1 746//1 745//1
f 222//39 749//39 748//39
f 219//3 752//3 751//3
f 210//39 755//39 754//39
f 207//3 758//3 757//3
f 238//1 761//1 760//1
f 245//39 764//39 763//39
f 245//12 767//12 766//12
f 243//39 770//39 769//39
f 243//12 773//12 772//12
f 251//39 776//39 775//39
f 251//12 779//12 778//12
f 257//39 782//39 781//39
f 257//12 785//12 784//12
f 255//39 788//39 787//39
f 255//12 791//12 790//12
f 249//39 794//39 793//39
f 249//12 797//12 796//12
f 263//39 800//39 799//39
f 263//12 803//12 802//12
f 269//39 806//39 805//39
f 269//12 809//12 808//12
f 267//39 812//39 811//39
f 267//12 815//12 814//12
f 275//39 818//39 817//39
f 275//12 821//12 820//12
f 281//39 824//39 823//39
f 281//12 827//12 826//12
f 280//41 829//42 823//43
f 279//39 832//39 831//39
f 279//12 835//12 834//12
f 277//44 838//45 837//46
f 281//47 841//48 840//49
f 273//39 844//39 843//39
f 273//12 847//12 846//12
f 261//39 850//39 849//39
f 261//12 853//12 852//12
f 288//3 856//3 855//3
f 292//3 859//3 858//3
f 303//39 862//39 861//39
f 309//39 865//39 864//39
f 290//3 868//3 867//3
f 294//3 871//3 870//3
f 297//25 874//25 873//25
f 291//3 877//3 876//3
f 307//39 880//39 879//39
f 295//25 883//25 882//25
f 302//39 886//39 885//39
f 308//39 889//39 888//39
f 306//39 892//39 891//39
f 296//25 895//25 894//25
f 293//3 898//3 897//3
f 315//39 901//39 900//39
f 311//3 904//3 903//3
f 320//50 907//50 906//50
f 319//50 910//50 909//50
f 311//29 912//29 911//29
f 313//39 914//39 913//39
f 310//3 917//3 916//3
f 331//12 920//12 919//12
f 338//12 923//12 922//12
f 342//39 926//39 925//39
f 348//39 929//39 928//39
f 344//12 932//12 931//12
f 348//25 935//25 934//25
f 350//12 938//12 937//12
f 346//39 941//39 940//39
f 337//12 944//12 943//12
f 338//51 947//52 946//53
f 344//39 950//39 949//39
f 350//39 953//39 952//39
f 349//39 956//39 955//39
f 350//25 959//25 958//54
f 349//12 962//12 961//12
f 355//39 965//39 964//39
f 354//12 968//12 967//12
f 358//50 971//50 970//50
f 361//50 974//50 973//50
f 361//38 977//38 976//38
f 354//39 979//39 966//39
f 354//12 982//12 981//12
f 185//1 985//1 984//1
f 10//3 988//3 987//3
f 9//3 991//3 990//3
f 16//3 993//3 992//3
f 22//3 996//3 995//3
f 21//3 999//3 998//3
f 15//3 1002//3 1001//3
f 28//3 1005//3 1004//3
f 34//3 1008//3 1007//3
f 33//3 1011//3 1010//3
f 43//3 1014//3 1013//3
f 50//3 1017//3 1016//3
f 45//55 1019//56 1018//57
f 50//3 1022//3 1021//3
f 42//3 1025//3 1024//3
f 27//3 1028//3 1027//3
f 236//1 1031//1 1030//1
f 241//12 1034//12 1033//12
f 240//12 1037//12 1036//12
f 247//12 1040//12 1039//12
f 253//12 1043//12 1042//12
f 252//12 1046//12 1045//12
f 246//12 1049//12 1048//12
f 259//12 1052//12 1051//12
f 265//12 1055//12 1054//12
f 264//12 1058//12 1057//12
f 271//12 1061//12 1060//12
f 277//12 1064//12 1063//12
f 277//44 1067//46 1066//58
f 276//12 1070//12 1069//12
f 270//12 1073//12 1072//12
f 258//12 1076//12 1075//12
f 118//3 1079//3 1078//3
f 122//3 1082//3 1081//3
f 295//25 1085//25 1084//25
f 121//3 1088//3 1087//3
f 131//3 1091//3 1090//3
f 317//29 1094//29 1093//29
f 135//59 1096//59 1093//59
f 131//29 1099//29 1098//29
f 130//3 1102//3 1101//3
f 138//60 1104//60 1103//60
f 140//61 1107//61 1106//61
f 139//61 1110//61 1109//61
f 142//62 1113//63 1112//62
f 143//3 1116//64 1115//65
f 141//66 1119//66 1118//66
f 136//67 1122//67 1121//67
f 329//12 1125//12 1124//12
f 336//12 1128//12 1127//12
f 166//68 1131//69 1130//70
f 335//12 1134//12 1133//12
f 352//12 1136//12 969//12
f 176//38 1139//38 1138//38
f 359//71 1142//71 1141//71
f 352//38 1144//38 1143//38
f 351//12 1147//12 1146//12
f 362//72 1149//72 1148//72
f 365//73 1152//73 1151//73
f 364//73 1155//73 1154//73
f 367//74 1158//75 1157//74
f 368//12 1161//76 1160//77
f 365//78 1164//78 1163//78
f 362//79 1167//79 1166//79
f 115//3 1170//3 1169//3
f 37//2 1172//2 425//2
f 36//2 1174//2 436//2
f 103//3 1176//3 1175//3
f 287//3 1179//3 1178//3
f 301//39 1181//39 1180//39
f 300//39 1184//39 1183//39
f 289//3 1187//3 1186//3
f 87//2 1188//2 519//2
f 158//12 1191//12 1190//12
f 88//2 1193//2 531//2
f 156//12 1196//12 1195//12
f 340//39 1199//39 1198//39
f 330//12 1202//12 1201//12
f 343//39 1204//39 1203//39
f 343//12 1207//12 1206//12
f 4//1 1209//1 1208//1
f 56//2 1212//2 1211//2
f 52//2 1214//2 1210//2
f 62//2 1217//2 1216//2
f 68//2 1220//2 1219//2
f 64//2 1223//2 1222//2
f 58//2 1226//2 1225//2
f 74//2 1229//2 1228//2
f 80//2 1232//2 1231//2
f 76//2 1235//2 1234//2
f 89//2 1238//2 1237//2
f 95//2 1241//2 1240//2
f 91//2 1244//2 1243//2
f 49//80 1246//81 427//82
f 82//2 1249//2 1248//2
f 70//2 1252//2 1251//2
f 144//2 1255//2 1254//2
f 150//2 1258//2 1257//2
f 146//2 1261//2 1260//2
f 152//83 1264//84 1263//85
f 167//2 1266//2 1265//2
f 135//86 1269//87 1268//87
f 175//28 1272//28 1271//28
f 169//28 1275//28 1274//28
f 160//2 1278//2 1277//2
f 178//88 1281//88 1280//88
f 180//89 1283//89 1282//89
f 179//89 1285//89 1284//89
f 182//90 1287//91 1286//90
f 183//2 1289//92 1288//93
f 181//94 1291//94 1290//94
f 136//95 1293//95 1292//95
f 188//1 1295//1 1294//1
f 244//39 1298//39 1297//39
f 242//39 1301//39 1300//39
f 250//39 1304//39 1303//39
f 256//39 1307//39 1306//39
f 254//39 1310//39 1309//39
f 248//39 1313//39 1312//39
f 262//39 1316//39 1315//39
f 268//39 1319//39 1318//39
f 266//39 1322//39 1321//39
f 274//39 1325//39 1324//39
f 232//39 1328//39 1327//39
f 278//39 1330//39 1329//39
f 232//96 1333//97 1332//98
f 272//39 1336//39 1335//39
f 260//39 1339//39 1338//39
f 341//39 1342//39 1341//39
f 347//39 1345//39 1344//39
f 345//39 1348//39 1347//39
f 347//25 1351//25 1350//25
f 355//39 1354//39 1353//39
f 359//99 1357//99 1356//99
f 357//50 1359//50 1358//50
f 360//50 1361//50 1360//50
f 353//39 1364//39 1363//39
f 322//100 1367//100 1366//100
f 365//101 1370//101 1369//101
f 364//101 1373//101 1372//101
f 367//102 1376//103 1375//104
f 368//39 1379//105 1378//39
f 325//106 1382//106 1381//106
f 362//107 1383//107 1368//107
f 86//2 1384//2 1247//2
f 339//39 1387//39 1386//39
f 186//1 1390//1 1389//1
f 368//25 1393//25 1392//25
f 117//3 1396//3 1395//3
f 328//12 1399//12 1398//12
f 3//1 986//1 370//1
f 6//2 1213//2 373//2
f 7//3 399//3 375//3
f 2//2 1215//2 377//2
f 5//3 376//3 379//3
f 12//2 1218//2 381//2
f 13//3 394//3 383//3
f 18//2 1221//2 386//2
f 19//3 448//3 388//3
f 14//2 1224//2 391//2
f 17//3 389//3 393//3
f 8//2 1227//2 396//2
f 11//3 384//3 398//3
f 24//2 1230//2 401//2
f 25//3 414//3 403//3
f 30//2 1233//2 406//2
f 31//3 443//3 408//3
f 26//2 1236//2 411//2
f 29//3 409//3 413//3
f 39//2 1239//2 416//2
f 40//3 432//3 418//3
f 47//2 1242//2 421//2
f 48//3 435//3 423//3
f 36//4 438//108 426//5
f 41//2 1245//2 429//2
f 46//3 424//3 431//3
f 44//7 1171//7 434//8
f 35//10 1177//7 437//9
f 32//2 1250//2 440//2
f 38//3 419//3 442//3
f 20//2 1253//2 445//2
f 23//3 404//3 447//3
f 54//1 1032//1 450//1
f 57//2 1403//2 453//2
f 61//12 486//12 456//12
f 53//2 1404//2 458//2
f 60//12 457//12 461//12
f 63//2 1405//2 464//2
f 67//12 480//12 467//12
f 69//2 1406//2 470//2
f 73//12 543//12 473//12
f 65//2 1407//2 476//2
f 72//12 474//12 479//12
f 59//2 1408//2 482//2
f 66//12 468//12 485//12
f 75//2 1409//2 488//2
f 79//12 504//12 491//12
f 81//2 1410//2 494//2
f 85//12 537//12 497//12
f 77//2 1411//2 500//2
f 84//12 498//12 503//12
f 90//2 1412//2 506//2
f 94//12 525//12 509//12
f 95//2 1413//2 512//2
f 99//12 1414//12 515//12
f 97//13 513//109 518//14
f 92//2 1415//2 521//2
f 99//12 514//12 524//12
f 100//16 1068//110 527//17
f 98//19 528//111 530//20
f 83//2 1416//2 533//2
f 93//12 510//12 536//12
f 71//2 1417//2 539//2
f 78//12 492//12 542//12
f 106//2 1256//2 545//2
f 112//2 1259//2 548//2
f 116//3 567//3 551//3
f 120//3 1418//3 554//3
f 104//3 585//3 557//3
f 110//3 1419//3 560//3
f 124//22 599//112 563//23
f 119//3 555//3 566//3
f 108//2 1262//2 569//2
f 105//2 546//2 572//2
f 111//2 549//2 574//2
f 125//25 1086//25 576//25
f 107//2 570//2 579//2
f 123//26 577//25 582//25
f 109//3 561//3 584//3
f 127//2 1267//2 587//2
f 128//3 598//3 589//3
f 133//28 1420//28 592//28
f 129//28 1276//28 595//28
f 132//29 593//29 597//29
f 124//2 1279//2 600//2
f 126//3 590//3 602//3
f 145//2 632//2 604//2
f 151//2 635//2 607//2
f 159//12 629//12 610//12
f 166//12 1422//12 613//12
f 157//12 647//12 616//12
f 153//30 644//113 619//31
f 164//12 1425//12 622//12
f 147//2 641//2 625//2
f 165//12 614//12 628//12
f 148//2 1423//2 631//2
f 154//2 1426//2 634//2
f 164//33 1422//114 637//34
f 149//2 1427//2 640//2
f 155//36 1425//53 643//36
f 163//12 623//12 646//12
f 168//2 1428//2 649//2
f 172//12 659//12 652//12
f 176//38 1138//38 655//38
f 169//28 1429//28 658//28
f 172//38 1145//38 660//38
f 160//2 1424//2 663//2
f 162//12 1430//12 664//12
f 187//1 1431//1 667//1
f 194//39 1299//39 670//39
f 190//3 703//3 673//3
f 192//39 1302//39 676//39
f 189//3 674//3 679//3
f 200//39 1305//39 681//39
f 196//3 697//3 684//3
f 206//39 1308//39 687//39
f 202//3 759//3 690//3
f 204//39 1311//39 693//39
f 201//3 691//3 696//3
f 198//39 1314//39 699//39
f 195//3 685//3 702//3
f 212//39 1317//39 705//39
f 208//3 721//3 708//3
f 218//39 1320//39 711//39
f 214//3 753//3 714//3
f 216//39 1323//39 717//39
f 213//3 715//3 720//3
f 224//39 1326//39 723//39
f 220//3 741//3 726//3
f 232//39 1327//39 729//39
f 228//3 1432//3 732//3
f 234//1 1433//1 735//40
f 230//39 1331//39 737//39
f 227//3 733//3 740//3
f 226//1 747//1 743//40
f 233//1 1435//1 746//1
f 222//39 1337//39 749//39
f 219//3 727//3 752//3
f 210//39 1340//39 755//39
f 207//3 709//3 758//3
f 238//1 1436//1 761//1
f 245//39 766//39 764//39
f 245//12 798//12 767//12
f 243//39 772//39 770//39
f 243//12 768//12 773//12
f 251//39 778//39 776//39
f 251//12 792//12 779//12
f 257//39 784//39 782//39
f 257//12 854//12 785//12
f 255//39 790//39 788//39
f 255//12 786//12 791//12
f 249//39 796//39 794//39
f 249//12 780//12 797//12
f 263//39 802//39 800//39
f 263//12 816//12 803//12
f 269//39 808//39 806//39
f 269//12 848//12 809//12
f 267//39 814//39 812//39
f 267//12 810//12 815//12
f 275//39 820//39 818//39
f 275//12 836//12 821//12
f 281//39 826//39 824//39
f 281//12 1437//12 827//12
f 280//41 1334//115 829//42
f 279//39 834//39 832//39
f 279//12 828//12 835//12
f 277//44 1437//116 838//45
f 281//47 830//117 841//48
f 273//39 846//39 844//39
f 273//12 822//12 847//12
f 261//39 852//39 850//39
f 261//12 804//12 853//12
f 288//3 878//3 856//3
f 292//3 884//3 859//3
f 303//39 1343//39 862//39
f 309//39 1346//39 865//39
f 290//3 899//3 868//3
f 294//3 896//3 871//3
f 297//25 1440//25 874//25
f 291//3 860//3 877//3
f 307//39 1349//39 880//39
f 295//25 918//25 883//25
f 302//39 863//39 886//39
f 308//39 866//39 889//39
f 306//39 881//39 892//39
f 296//25 875//25 895//25
f 293//3 872//3 898//3
f 315//39 1355//39 901//39
f 311//3 911//3 904//3
f 320//50 1441//50 907//50
f 319//50 1441//50 910//50
f 311//29 1100//29 912//29
f 313//39 1365//39 914//39
f 310//3 905//3 917//3
f 331//12 945//12 920//12
f 338//12 946//12 923//12
f 342//39 951//39 926//39
f 348//39 954//39 929//39
f 344//12 963//12 932//12
f 348//25 928//25 935//25
f 350//12 958//12 938//12
f 346//39 957//39 941//39
f 337//12 924//12 944//12
f 338//51 960//118 947//52
f 344//39 931//39 950//39
f 350//39 937//39 953//39
f 349//39 961//39 956//39
f 350//25 952//25 959//25
f 349//12 939//12 962//12
f 355//39 1443//39 965//39
f 354//12 1444//12 968//12
f 358//50 1445//50 971//50
f 361//50 976//50 974//50
f 361//38 1445//38 977//38
f 354//39 981//39 979//39
f 354//12 967//12 982//12
f 185//1 668//1 985//1
f 10//3 1003//3 988//3
f 9//3 989//3 991//3
f 16//3 1000//3 993//3
f 22//3 1029//3 996//3
f 21//3 997//3 999//3
f 15//3 994//3 1002//3
f 28//3 1012//3 1005//3
f 34//3 1026//3 1008//3
f 33//3 1009//3 1011//3
f 43//3 1023//3 1014//3
f 50//3 1402//3 1017//3
f 45//55 1397//119 1019//56
f 50//3 1016//3 1022//3
f 42//3 1015//3 1025//3
f 27//3 1006//3 1028//3
f 236//1 762//1 1031//1
f 241//12 1050//12 1034//12
f 240//12 1035//12 1037//12
f 247//12 1047//12 1040//12
f 253//12 1077//12 1043//12
f 252//12 1044//12 1046//12
f 246//12 1041//12 1049//12
f 259//12 1059//12 1052//12
f 265//12 1074//12 1055//12
f 264//12 1056//12 1058//12
f 271//12 1071//12 1061//12
f 277//12 1066//12 1064//12
f 277//44 837//46 1067//46
f 276//12 1065//12 1070//12
f 270//12 1062//12 1073//12
f 258//12 1053//12 1076//12
f 118//3 1089//3 1079//3
f 122//3 1447//3 1082//3
f 295//25 882//25 1085//25
f 121//3 1083//3 1088//3
f 131//3 1098//3 1091//3
f 317//29 908//29 1094//29
f 135//59 1268//59 1096//59
f 131//29 1421//29 1099//29
f 130//3 1092//3 1102//3
f 138//60 1111//60 1104//60
f 140//61 1120//61 1107//61
f 139//61 1108//61 1110//61
f 142//62 1117//120 1113//63
f 143//3 1449//3 1116//64
f 141//66 1114//66 1119//66
f 136//67 1292//67 1122//67
f 329//12 1135//12 1125//12
f 336//12 1450//12 1128//12
f 166//68 1450//121 1131//69
f 335//12 1129//12 1134//12
f 352//12 1143//12 1136//12
f 176//38 1451//38 1139//38
f 359//71 1168//122 1142//71
f 352//38 1446//38 1144//38
f 351//12 1137//12 1147//12
f 362//72 1453//72 1149//72
f 365//73 1163//73 1152//73
f 364//73 1153//73 1155//73
f 367//74 1162//123 1158//75
f 368//12 1392//12 1161//76
f 365//78 1458//78 1164//78
f 362//79 1148//79 1167//79
f 115//3 552//3 1170//3
f 37//2 1385//2 1172//2
f 36//2 1173//2 1174//2
f 103//3 558//3 1176//3
f 287//3 857//3 1179//3
f 301//39 1388//39 1181//39
f 300//39 1182//39 1184//39
f 289//3 869//3 1187//3
f 87//2 1194//2 1188//2
f 158//12 611//12 1191//12
f 88//2 1460//2 1193//2
f 156//12 617//12 1196//12
f 340//39 1205//39 1199//39
f 330//12 921//12 1202//12
f 343//39 1206//39 1204//39
f 343//12 933//12 1207//12
f 4//1 1391//1 1209//1
f 56//2 454//2 1212//2
f 52//2 459//2 1214//2
f 62//2 465//2 1217//2
f 68//2 471//2 1220//2
f 64//2 477//2 1223//2
f 58//2 483//2 1226//2
f 74//2 489//2 1229//2
f 80//2 495//2 1232//2
f 76//2 501//2 1235//2
f 89//2 507//2 1238//2
f 95//2 511//2 1241//2
f 91//2 522//2 1244//2
f 49//80 1461//124 1246//81
f 82//2 534//2 1249//2
f 70//2 540//2 1252//2
f 144//2 605//2 1255//2
f 150//2 608//2 1258//2
f 146//2 626//2 1261//2
f 152//83 620//125 1264//84
f 167//2 650//2 1266//2
f 135//86 1462//87 1269//87
f 175//28 1462//28 1272//28
f 169//28 657//28 1275//28
f 160//2 662//2 1278//2
f 178//88 1150//88 1281//88
f 180//89 1454//89 1283//89
f 179//89 1455//89 1285//89
f 182//90 1456//90 1287//91
f 183//2 1457//126 1289//92
f 181//94 1165//94 1291//94
f 136//95 1270//95 1293//95
f 188//1 1463//1 1295//1
f 244//39 765//39 1298//39
f 242//39 771//39 1301//39
f 250//39 777//39 1304//39
f 256//39 783//39 1307//39
f 254//39 789//39 1310//39
f 248//39 795//39 1313//39
f 262//39 801//39 1316//39
f 268//39 807//39 1319//39
f 266//39 813//39 1322//39
f 274//39 819//39 1325//39
f 232//39 1332//39 1328//39
f 278//39 833//39 1330//39
f 232//96 1434//127 1333//97
f 272//39 845//39 1336//39
f 260//39 851//39 1339//39
f 341//39 927//39 1342//39
f 347//39 930//39 1345//39
f 345//39 942//39 1348//39
f 347//25 1344//25 1351//25
f 355//39 964//39 1354//39
f 359//99 1141//99 1357//99
f 357//50 972//50 1359//50
f 360//50 975//50 1361//50
f 353//39 980//39 1364//39
f 322//100 1465//100 1367//100
f 365//101 1151//101 1370//101
f 364//101 1154//101 1373//101
f 367//102 1157//128 1376//103
f 368//39 1160//39 1379//105
f 325//106 1466//106 1382//106
f 362//107 1166//107 1383//107
f 86//2 1189//2 1384//2
f 339//39 1200//39 1387//39
f 186//1 1296//1 1390//1
f 368//25 1378//25 1393//25
f 117//3 1080//3 1396//3
f 328//12 1126//12 1399//12
f 1399//12 1190//12 102//12
f 1399//12 1126//12 1190//12
f 1126//12 158//12 1190//12
f 1396//3 1178//3 225//3
f 1396//3 1080//3 1178//3
f 1080//3 287//3 1178//3
f 1393//25 1449//25 143//25
f 1393//25 1378//25 1449//25
f 1378//25 327//25 1449//25
f 1390//1 1030//1 54//1
f 1390//1 1296//1 1030//1
f 1296//1 236//1 1030//1
f 1387//39 1464//39 235//39
f 1387//39 1200//39 1464//39
f 1200//39 284//39 1464//39
f 1384//2 1254//2 106//2
f 1384//2 1189//2 1254//2
f 1189//2 144//2 1254//2
f 1383//107 1356//107 318//107
f 1383//107 1166//107 1356//107
f 1166//107 359//107 1356//107
f 1382//106 1458//106 365//106
f 1382//106 1466//106 1458//106
f 1466//106 366//106 1458//106
f 1379//105 1375//104 326//39
f 1379//105 1160//39 1375//104
f 1160//39 367//102 1375//104
f 1376//103 1466//102 325//102
f 1376//103 1157//128 1466//102
f 1157//128 366//102 1466//102
f 1373//101 1465//101 322//101
f 1373//101 1154//101 1465//101
f 1154//101 363//101 1465//101
f 1370//101 1372//101 323//101
f 1370//101 1151//101 1372//101
f 1151//101 364//101 1372//101
f 1367//100 1453//100 362//100
f 1367//100 1465//100 1453//100
f 1465//100 363//100 1453//100
f 1364//39 1352//39 297//39
f 1364//39 980//39 1352//39
f 980//39 333//39 1352//39
f 1361//50 1353//50 315//50
f 1361//50 975//50 1353//50
f 975//50 355//50 1353//50
f 1359//50 1360//50 320//50
f 1359//50 972//50 1360//50
f 972//50 360//50 1360//50
f 1357//99 1358//99 317//129
f 1357//99 1141//99 1358//99
f 1141//99 357//99 1358//99
f 1354//39 1363//39 313//39
f 1354//39 964//39 1363//39
f 964//39 353//39 1363//39
f 1351//25 1440//25 297//25
f 1351//25 1344//25 1440//25
f 1344//25 309//25 1440//25
f 1348//39 1341//39 303//39
f 1348//39 942//39 1341//39
f 942//39 341//39 1341//39
f 1345//39 1347//39 307//39
f 1345//39 930//39 1347//39
f 930//39 345//39 1347//39
f 1342//39 1386//39 301//39
f 1342//39 927//39 1386//39
f 927//39 339//39 1386//39
f 1339//39 1306//39 206//39
f 1339//39 851//39 1306//39
f 851//39 256//39 1306//39
f 1336//39 1318//39 218//39
f 1336//39 845//39 1318//39
f 845//39 268//39 1318//39
f 1333//97 1464//1 284//130
f 1333//97 1434//127 1464//1
f 1434//127 235//1 1464//1
f 1330//39 1324//39 224//39
f 1330//39 833//39 1324//39
f 833//39 274//39 1324//39
f 1328//39 825//39 278//39
f 1328//39 1332//39 825//39
f 1332//39 280//39 825//39
f 1325//39 1335//39 222//39
f 1325//39 819//39 1335//39
f 819//39 272//39 1335//39
f 1322//39 1315//39 212//39
f 1322//39 813//39 1315//39
f 813//39 262//39 1315//39
f 1319//39 1321//39 216//39
f 1319//39 807//39 1321//39
f 807//39 266//39 1321//39
f 1316//39 1338//39 210//39
f 1316//39 801//39 1338//39
f 801//39 260//39 1338//39
f 1313//39 1297//39 194//39
f 1313//39 795//39 1297//39
f 795//39 244//39 1297//39
f 1310//39 1303//39 200//39
f 1310//39 789//39 1303//39
f 789//39 250//39 1303//39
f 1307//39 1309//39 204//39
f 1307//39 783//39 1309//39
f 783//39 254//39 1309//39
f 1304//39 1312//39 198//39
f 1304//39 777//39 1312//39
f 777//39 248//39 1312//39
f 1301//39 1463//39 188//39
f 1301//39 771//39 1463//39
f 771//39 238//39 1463//39
f 1298//39 1300//39 192//39
f 1298//39 765//39 1300//39
f 765//39 242//39 1300//39
f 1295//1 760//1 236//1
f 1295//1 1463//1 760//1
f 1463//1 238//1 760//1
f 1293//95 1459//95 178//95
f 1293//95 1270//95 1459//95
f 1270//95 177//95 1459//95
f 1291//94 1286//94 141//94
f 1291//94 1165//94 1286//94
f 1165//94 182//94 1286//94
f 1289//92 1394//2 143//2
f 1289//92 1457//126 1394//2
f 1457//126 184//2 1394//2
f 1287//91 1288//93 142//90
f 1287//91 1456//90 1288//93
f 1456//90 183//2 1288//93
f 1285//89 1282//89 139//89
f 1285//89 1455//89 1282//89
f 1455//89 180//89 1282//89
f 1283//89 1290//89 140//89
f 1283//89 1454//89 1290//89
f 1454//89 181//89 1290//89
f 1281//88 1284//88 138//88
f 1281//88 1150//88 1284//88
f 1150//88 179//88 1284//88
f 1278//2 1265//2 127//2
f 1278//2 662//2 1265//2
f 662//2 167//2 1265//2
f 1275//28 1273//28 133//28
f 1275//28 657//28 1273//28
f 657//28 173//28 1273//28
f 1272//28 1420//28 133//28
f 1272//28 1462//28 1420//28
f 1462//28 135//28 1420//28
f 1269//87 1452//87 177//87
f 1269//87 1462//87 1452//87
f 1462//87 175//87 1452//87
f 1266//2 1274//2 129//2
f 1266//2 650//2 1274//2
f 650//2 169//2 1274//2
f 1264//84 1277//131 124//22
f 1264//84 620//125 1277//131
f 620//125 160//132 1277//131
f 1261//2 1257//2 112//2
f 1261//2 626//2 1257//2
f 626//2 150//2 1257//2
f 1258//2 1263//2 114//2
f 1258//2 608//2 1263//2
f 608//2 152//2 1263//2
f 1255//2 1260//2 108//2
f 1255//2 605//2 1260//2
f 605//2 146//2 1260//2
f 1252//2 1228//2 24//2
f 1252//2 540//2 1228//2
f 540//2 74//2 1228//2
f 1249//2 1237//2 39//2
f 1249//2 534//2 1237//2
f 534//2 89//2 1237//2
f 1246//81 517//15 86//6
f 1246//81 1461//124 517//15
f 1461//124 97//13 517//15
f 1244//2 1240//2 47//2
f 1244//2 522//2 1240//2
f 522//2 95//2 1240//2
f 1241//2 1461//2 49//2
f 1241//2 511//2 1461//2
f 511//2 97//2 1461//2
f 1238//2 1243//2 41//2
f 1238//2 507//2 1243//2
f 507//2 91//2 1243//2
f 1235//2 1231//2 30//2
f 1235//2 501//2 1231//2
f 501//2 80//2 1231//2
f 1232//2 1248//2 32//2
f 1232//2 495//2 1248//2
f 495//2 82//2 1248//2
f 1229//2 1234//2 26//2
f 1229//2 489//2 1234//2
f 489//2 76//2 1234//2
f 1226//2 1216//2 12//2
f 1226//2 483//2 1216//2
f 483//2 62//2 1216//2
f 1223//2 1219//2 18//2
f 1223//2 477//2 1219//2
f 477//2 68//2 1219//2
f 1220//2 1251//2 20//2
f 1220//2 471//2 1251//2
f 471//2 70//2 1251//2
f 1217//2 1222//2 14//2
f 1217//2 465//2 1222//2
f 465//2 64//2 1222//2
f 1214//2 1211//2 6//2
f 1214//2 459//2 1211//2
f 459//2 56//2 1211//2
f 1212//2 1225//2 8//2
f 1212//2 454//2 1225//2
f 454//2 58//2 1225//2
f 1209//1 449//1 52//1
f 1209//1 1391//1 449//1
f 1391//1 54//1 449//1
f 1207//12 1201//12 283//12
f 1207//12 933//12 1201//12
f 933//12 330//12 1201//12
f 1204//39 1439//39 285//39
f 1204//39 1206//39 1439//39
f 1206//39 286//39 1439//39
f 1202//12 1398//12 282//12
f 1202//12 921//12 1398//12
f 921//12 328//12 1398//12
f 1199//39 1438//39 284//39
f 1199//39 1205//39 1438//39
f 1205//39 285//39 1438//39
f 1196//12 1460//12 88//12
f 1196//12 617//12 1460//12
f 617//12 148//12 1460//12
f 1193//2 630//2 145//2
f 1193//2 1460//2 630//2
f 1460//2 148//2 630//2
f 1191//12 1195//12 101//12
f 1191//12 611//12 1195//12
f 611//12 156//12 1195//12
f 1188//2 603//2 144//2
f 1188//2 1194//2 603//2
f 1194//2 145//2 603//2
f 1187//3 1185//3 233//3
f 1187//3 869//3 1185//3
f 869//3 298//3 1185//3
f 1184//39 1435//39 233//39
f 1184//39 1182//39 1435//39
f 1182//39 234//39 1435//39
f 1181//39 1433//39 234//39
f 1181//39 1388//39 1433//39
f 1388//39 235//39 1433//39
f 1179//3 1186//3 226//3
f 1179//3 857//3 1186//3
f 857//3 289//3 1186//3
f 1176//3 1169//3 44//3
f 1176//3 558//3 1169//3
f 558//3 115//3 1169//3
f 1174//2 571//2 103//2
f 1174//2 1173//2 571//2
f 1173//2 105//2 571//2
f 1172//2 544//2 105//2
f 1172//2 1385//2 544//2
f 1385//2 106//2 544//2
f 1170//3 1395//3 45//3
f 1170//3 552//3 1395//3
f 552//3 117//3 1395//3
f 1167//79 1459//79 177//79
f 1167//79 1148//79 1459//79
f 1148//79 178//79 1459//79
f 1164//78 1159//78 182//78
f 1164//78 1458//78 1159//78
f 1458//78 366//78 1159//78
f 1161//76 1457//12 183//123
f 1161//76 1392//12 1457//12
f 1392//12 184//12 1457//12
f 1158//75 1456//133 182//74
f 1158//75 1162//123 1456//133
f 1162//123 183//123 1456//133
f 1155//73 1455//73 179//73
f 1155//73 1153//73 1455//73
f 1153//73 180//73 1455//73
f 1152//73 1454//73 180//73
f 1152//73 1163//73 1454//73
f 1163//73 181//73 1454//73
f 1149//72 1156//72 179//72
f 1149//72 1453//72 1156//72
f 1453//72 363//72 1156//72
f 1147//12 1430//12 162//12
f 1147//12 1137//12 1430//12
f 1137//12 171//12 1430//12
f 1144//38 1451//38 176//38
f 1144//38 1446//38 1451//38
f 1446//38 358//38 1451//38
f 1142//71 1452//122 175//122
f 1142//71 1168//122 1452//122
f 1168//122 177//122 1452//122
f 1139//38 970//38 357//38
f 1139//38 1451//38 970//38
f 1451//38 358//38 970//38
f 1136//12 651//12 171//12
f 1136//12 1143//12 651//12
f 1143//12 172//12 651//12
f 1134//12 627//12 159//12
f 1134//12 1129//12 627//12
f 1129//12 165//12 627//12
f 1131//69 948//134 332//135
f 1131//69 1450//121 948//134
f 1450//121 336//53 948//134
f 1128//12 612//12 165//12
f 1128//12 1450//12 612//12
f 1450//12 166//12 612//12
f 1125//12 609//12 158//12
f 1125//12 1135//12 609//12
f 1135//12 159//12 609//12
f 1122//67 1105//67 321//67
f 1122//67 1292//67 1105//67
f 1292//67 137//67 1105//67
f 1119//66 1381//66 324//66
f 1119//66 1114//66 1381//66
f 1114//66 325//66 1381//66
f 1116//64 1380//3 326//120
f 1116//64 1449//3 1380//3
f 1449//3 327//3 1380//3
f 1113//63 1377//136 325//62
f 1113//63 1117//120 1377//136
f 1117//120 326//120 1377//136
f 1110//61 1374//61 322//61
f 1110//61 1108//61 1374//61
f 1108//61 323//61 1374//61
f 1107//61 1371//61 323//61
f 1107//61 1120//61 1371//61
f 1120//61 324//61 1371//61
f 1104//60 1366//60 321//60
f 1104//60 1111//60 1366//60
f 1111//60 322//60 1366//60
f 1102//3 916//3 295//3
f 1102//3 1092//3 916//3
f 1092//3 310//3 916//3
f 1099//29 1448//29 316//29
f 1099//29 1421//29 1448//29
f 1421//29 134//29 1448//29
f 1096//59 1121//137 318//59
f 1096//59 1268//59 1121//137
f 1268//59 136//137 1121//137
f 1094//29 1448//29 134//29
f 1094//29 908//29 1448//29
f 908//29 316//29 1448//29
f 1091//3 903//3 310//3
f 1091//3 1098//3 903//3
f 1098//3 311//3 903//3
f 1088//3 876//3 288//3
f 1088//3 1083//3 876//3
f 1083//3 291//3 876//3
f 1085//25 1447//25 122//25
f 1085//25 882//25 1447//25
f 882//25 292//25 1447//25
f 1082//3 858//3 291//3
f 1082//3 1447//3 858//3
f 1447//3 292//3 858//3
f 1079//3 855//3 287//3
f 1079//3 1089//3 855//3
f 1089//3 288//3 855//3
f 1076//12 541//12 73//12
f 1076//12 1053//12 541//12
f 1053//12 78//12 541//12
f 1073//12 535//12 85//12
f 1073//12 1062//12 535//12
f 1062//12 93//12 535//12
f 1070//12 523//12 94//12
f 1070//12 1065//12 523//12
f 1065//12 99//12 523//12
f 1067//46 1400//138 102//138
f 1067//46 837//46 1400//138
f 837//46 282//138 1400//138
f 1064//12 1414//12 99//12
f 1064//12 1066//12 1414//12
f 1066//12 100//12 1414//12
f 1061//12 508//12 93//12
f 1061//12 1071//12 508//12
f 1071//12 94//12 508//12
f 1058//12 502//12 79//12
f 1058//12 1056//12 502//12
f 1056//12 84//12 502//12
f 1055//12 496//12 84//12
f 1055//12 1074//12 496//12
f 1074//12 85//12 496//12
f 1052//12 490//12 78//12
f 1052//12 1059//12 490//12
f 1059//12 79//12 490//12
f 1049//12 484//12 61//12
f 1049//12 1041//12 484//12
f 1041//12 66//12 484//12
f 1046//12 478//12 67//12
f 1046//12 1044//12 478//12
f 1044//12 72//12 478//12
f 1043//12 472//12 72//12
f 1043//12 1077//12 472//12
f 1077//12 73//12 472//12
f 1040//12 466//12 66//12
f 1040//12 1047//12 466//12
f 1047//12 67//12 466//12
f 1037//12 460//12 55//12
f 1037//12 1035//12 460//12
f 1035//12 60//12 460//12
f 1034//12 455//12 60//12
f 1034//12 1050//12 455//12
f 1050//12 61//12 455//12
f 1031//1 1038//1 55//1
f 1031//1 762//1 1038//1
f 762//1 237//1 1038//1
f 1028//3 757//3 202//3
f 1028//3 1006//3 757//3
f 1006//3 207//3 757//3
f 1025//3 751//3 214//3
f 1025//3 1015//3 751//3
f 1015//3 219//3 751//3
f 1022//3 739//3 220//3
f 1022//3 1016//3 739//3
f 1016//3 227//3 739//3
f 1019//56 744//127 228//139
f 1019//56 1397//119 744//127
f 1397//119 225//1 744//127
f 1017//3 1020//3 228//3
f 1017//3 1402//3 1020//3
f 1402//3 51//3 1020//3
f 1014//3 725//3 219//3
f 1014//3 1023//3 725//3
f 1023//3 220//3 725//3
f 1011//3 719//3 208//3
f 1011//3 1009//3 719//3
f 1009//3 213//3 719//3
f 1008//3 713//3 213//3
f 1008//3 1026//3 713//3
f 1026//3 214//3 713//3
f 1005//3 707//3 207//3
f 1005//3 1012//3 707//3
f 1012//3 208//3 707//3
f 1002//3 701//3 190//3
f 1002//3 994//3 701//3
f 994//3 195//3 701//3
f 999//3 695//3 196//3
f 999//3 997//3 695//3
f 997//3 201//3 695//3
f 996//3 689//3 201//3
f 996//3 1029//3 689//3
f 1029//3 202//3 689//3
f 993//3 683//3 195//3
f 993//3 1000//3 683//3
f 1000//3 196//3 683//3
f 991//3 678//3 185//3
f 991//3 989//3 678//3
f 989//3 189//3 678//3
f 988//3 672//3 189//3
f 988//3 1003//3 672//3
f 1003//3 190//3 672//3
f 985//1 1389//1 4//1
f 985//1 668//1 1389//1
f 668//1 186//1 1389//1
f 982//12 1146//12 332//12
f 982//12 967//12 1146//12
f 967//12 351//12 1146//12
f 979//39 936//39 333//39
f 979//39 981//39 936//39
f 981//39 334//39 936//39
f 977//38 1446//38 352//38
f 977//38 1445//38 1446//38
f 1445//38 358//38 1446//38
f 974//50 1443//50 355//50
f 974//50 976//50 1443//50
f 976//50 356//50 1443//50
f 971//50 973//50 360//50
f 971//50 1445//50 973//50
f 1445//50 361//50 973//50
f 968//12 978//12 352//12
f 968//12 1444//12 978//12
f 1444//12 356//12 978//12
f 965//39 1444//39 354//39
f 965//39 1443//39 1444//39
f 1443//39 356//39 1444//39
f 962//12 943//12 331//12
f 962//12 939//12 943//12
f 939//12 337//12 943//12
f 959//25 934//25 334//140
f 959//25 952//25 934//25
f 952//25 348//25 934//25
f 956//39 949//39 342//39
f 956//39 961//39 949//39
f 961//39 344//39 949//39
f 953//39 955//39 346//39
f 953//39 937//39 955//39
f 937//39 349//39 955//39
f 950//39 1203//39 340//39
f 950//39 931//39 1203//39
f 931//39 343//39 1203//39
f 947//52 983//141 332//135
f 947//52 960//118 983//141
f 960//118 334//140 983//141
f 944//12 1133//12 329//12
f 944//12 924//12 1133//12
f 924//12 335//12 1133//12
f 941//39 925//39 341//39
f 941//39 957//39 925//39
f 957//39 342//39 925//39
f 938//12 922//12 337//12
f 938//12 958//12 922//12
f 958//12 338//12 922//12
f 935//25 1350//25 333//25
f 935//25 928//25 1350//25
f 928//25 347//25 1350//25
f 932//12 919//12 330//12
f 932//12 963//12 919//12
f 963//12 331//12 919//12
f 929//39 940//39 345//39
f 929//39 954//39 940//39
f 954//39 346//39 940//39
f 926//39 1198//39 339//39
f 926//39 951//39 1198//39
f 951//39 340//39 1198//39
f 923//12 1127//12 335//12
f 923//12 946//12 1127//12
f 946//12 336//12 1127//12
f 920//12 1124//12 328//12
f 920//12 945//12 1124//12
f 945//12 329//12 1124//12
f 917//3 915//3 296//3
f 917//3 905//3 915//3
f 905//3 312//3 915//3
f 914//39 873//39 296//39
f 914//39 1365//39 873//39
f 1365//39 297//39 873//39
f 912//29 1442//29 319//29
f 912//29 1100//29 1442//29
f 1100//29 316//29 1442//29
f 910//50 1362//50 315//50
f 910//50 1441//50 1362//50
f 1441//50 320//50 1362//50
f 907//50 1442//50 316//50
f 907//50 1441//50 1442//50
f 1441//50 319//50 1442//50
f 904//3 902//3 312//3
f 904//3 911//3 902//3
f 911//3 314//3 902//3
f 901//39 913//39 312//39
f 901//39 1355//39 913//39
f 1355//39 313//39 913//39
f 898//3 893//3 299//3
f 898//3 872//3 893//3
f 872//3 304//3 893//3
f 895//25 888//25 305//25
f 895//25 875//25 888//25
f 875//25 308//25 888//25
f 892//39 885//39 299//39
f 892//39 881//39 885//39
f 881//39 302//39 885//39
f 889//39 891//39 304//39
f 889//39 866//39 891//39
f 866//39 306//39 891//39
f 886//39 1183//39 298//39
f 886//39 863//39 1183//39
f 863//39 300//39 1183//39
f 883//25 894//25 294//25
f 883//25 918//25 894//25
f 918//25 296//25 894//25
f 880//39 861//39 302//39
f 880//39 1349//39 861//39
f 1349//39 303//39 861//39
f 877//3 897//3 290//3
f 877//3 860//3 897//3
f 860//3 293//3 897//3
f 874//25 864//25 308//25
f 874//25 1440//25 864//25
f 1440//25 309//25 864//25
f 871//3 890//3 304//3
f 871//3 896//3 890//3
f 896//3 305//3 890//3
f 868//3 887//3 298//3
f 868//3 899//3 887//3
f 899//3 299//3 887//3
f 865//39 879//39 306//39
f 865//39 1346//39 879//39
f 1346//39 307//39 879//39
f 862//39 1180//39 300//39
f 862//39 1343//39 1180//39
f 1343//39 301//39 1180//39
f 859//3 870//3 293//3
f 859//3 884//3 870//3
f 884//3 294//3 870//3
f 856//3 867//3 289//3
f 856//3 878//3 867//3
f 878//3 290//3 867//3
f 853//12 1075//12 253//12
f 853//12 804//12 1075//12
f 804//12 258//12 1075//12
f 850//39 781//39 256//39
f 850//39 852//39 781//39
f 852//39 257//39 781//39
f 847//12 1072//12 265//12
f 847//12 822//12 1072//12
f 822//12 270//12 1072//12
f 844//39 805//39 268//39
f 844//39 846//39 805//39
f 846//39 269//39 805//39
f 841//48 1439//142 286//143
f 841//48 830//117 1439//142
f 830//117 285//142 1439//142
f 838//45 840//49 283//144
f 838//45 1437//116 840//49
f 1437//116 281//47 840//49
f 835//12 1069//12 271//12
f 835//12 828//12 1069//12
f 828//12 276//12 1069//12
f 832//39 817//39 274//39
f 832//39 834//39 817//39
f 834//39 275//39 817//39
f 829//42 1438//145 285//142
f 829//42 1334//115 1438//145
f 1334//115 284//130 1438//145
f 827//12 1063//12 276//12
f 827//12 1437//12 1063//12
f 1437//12 277//12 1063//12
f 824//39 831//39 278//39
f 824//39 826//39 831//39
f 826//39 279//39 831//39
f 821//12 1060//12 270//12
f 821//12 836//12 1060//12
f 836//12 271//12 1060//12
f 818//39 843//39 272//39
f 818//39 820//39 843//39
f 820//39 273//39 843//39
f 815//12 1057//12 259//12
f 815//12 810//12 1057//12
f 810//12 264//12 1057//12
f 812//39 799//39 262//39
f 812//39 814//39 799//39
f 814//39 263//39 799//39
f 809//12 1054//12 264//12
f 809//12 848//12 1054//12
f 848//12 265//12 1054//12
f 806//39 811//39 266//39
f 806//39 808//39 811//39
f 808//39 267//39 811//39
f 803//12 1051//12 258//12
f 803//12 816//12 1051//12
f 816//12 259//12 1051//12
f 800//39 849//39 260//39
f 800//39 802//39 849//39
f 802//39 261//39 849//39
f 797//12 1048//12 241//12
f 797//12 780//12 1048//12
f 780//12 246//12 1048//12
f 794//39 763//39 244//39
f 794//39 796//39 763//39
f 796//39 245//39 763//39
f 791//12 1045//12 247//12
f 791//12 786//12 1045//12
f 786//12 252//12 1045//12
f 788//39 775//39 250//39
f 788//39 790//39 775//39
f 790//39 251//39 775//39
f 785//12 1042//12 252//12
f 785//12 854//12 1042//12
f 854//12 253//12 1042//12
f 782//39 787//39 254//39
f 782//39 784//39 787//39
f 784//39 255//39 787//39
f 779//12 1039//12 246//12
f 779//12 792//12 1039//12
f 792//12 247//12 1039//12
f 776//39 793//39 248//39
f 776//39 778//39 793//39
f 778//39 249//39 793//39
f 773//12 1036//12 237//12
f 773//12 768//12 1036//12
f 768//12 240//12 1036//12
f 770//39 1436//39 238//39
f 770//39 772//39 1436//39
f 772//39 239//39 1436//39
f 767//12 1033//12 240//12
f 767//12 798//12 1033//12
f 798//12 241//12 1033//12
f 764//39 769//39 242//39
f 764//39 766//39 769//39
f 766//39 243//39 769//39
f 761//1 774//1 237//1
f 761//1 1436//1 774//1
f 1436//1 239//1 774//1
f 758//3 756//3 205//3
f 758//3 709//3 756//3
f 709//3 209//3 756//3
f 755//39 686//39 205//39
f 755//39 1340//39 686//39
f 1340//39 206//39 686//39
f 752//3 750//3 217//3
f 752//3 727//3 750//3
f 727//3 221//3 750//3
f 749//39 710//39 217//39
f 749//39 1337//39 710//39
f 1337//39 218//39 710//39
f 746//1 734//1 231//1
f 746//1 1435//1 734//1
f 1435//1 234//1 734//1
f 743//40 1432//1 228//139
f 743//40 747//1 1432//1
f 747//1 231//1 1432//1
f 740//3 738//3 223//3
f 740//3 733//3 738//3
f 733//3 229//3 738//3
f 737//39 722//39 223//39
f 737//39 1331//39 722//39
f 1331//39 224//39 722//39
f 735//40 1434//127 232//96
f 735//40 1433//1 1434//127
f 1433//1 235//1 1434//127
f 732//3 730//3 229//3
f 732//3 1432//3 730//3
f 1432//3 231//3 730//3
f 729//39 736//39 229//39
f 729//39 1327//39 736//39
f 1327//39 230//39 736//39
f 726//3 724//3 221//3
f 726//3 741//3 724//3
f 741//3 223//3 724//3
f 723//39 748//39 221//39
f 723//39 1326//39 748//39
f 1326//39 222//39 748//39
f 720//3 718//3 211//3
f 720//3 715//3 718//3
f 715//3 215//3 718//3
f 717//39 704//39 211//39
f 717//39 1323//39 704//39
f 1323//39 212//39 704//39
f 714//3 712//3 215//3
f 714//3 753//3 712//3
f 753//3 217//3 712//3
f 711//39 716//39 215//39
f 711//39 1320//39 716//39
f 1320//39 216//39 716//39
f 708//3 706//3 209//3
f 708//3 721//3 706//3
f 721//3 211//3 706//3
f 705//39 754//39 209//39
f 705//39 1317//39 754//39
f 1317//39 210//39 754//39
f 702//3 700//3 193//3
f 702//3 685//3 700//3
f 685//3 197//3 700//3
f 699//39 669//39 193//39
f 699//39 1314//39 669//39
f 1314//39 194//39 669//39
f 696//3 694//3 199//3
f 696//3 691//3 694//3
f 691//3 203//3 694//3
f 693//39 680//39 199//39
f 693//39 1311//39 680//39
f 1311//39 200//39 680//39
f 690//3 688//3 203//3
f 690//3 759//3 688//3
f 759//3 205//3 688//3
f 687//39 692//39 203//39
f 687//39 1308//39 692//39
f 1308//39 204//39 692//39
f 684//3 682//3 197//3
f 684//3 697//3 682//3
f 697//3 199//3 682//3
f 681//39 698//39 197//39
f 681//39 1305//39 698//39
f 1305//39 198//39 698//39
f 679//3 677//3 187//3
f 679//3 674//3 677//3
f 674//3 191//3 677//3
f 676//39 1431//39 187//39
f 676//39 1302//39 1431//39
f 1302//39 188//39 1431//39
f 673//3 671//3 191//3
f 673//3 703//3 671//3
f 703//3 193//3 671//3
f 670//39 675//39 191//39
f 670//39 1299//39 675//39
f 1299//39 192//39 675//39
f 667//1 1294//1 186//1
f 667//1 1431//1 1294//1
f 1431//1 188//1 1294//1
f 664//12 653//12 168//12
f 664//12 1430//12 653//12
f 1430//12 171//12 653//12
f 663//2 665//2 168//2
f 663//2 1424//2 665//2
f 1424//2 161//2 665//2
f 660//38 654//38 174//38
f 660//38 1145//38 654//38
f 1145//38 176//38 654//38
f 658//28 661//28 174//28
f 658//28 1429//28 661//28
f 1429//28 170//28 661//28
f 655//38 1271//38 173//38
f 655//38 1138//38 1271//38
f 1138//38 175//38 1271//38
f 652//12 1428//12 168//12
f 652//12 659//12 1428//12
f 659//12 170//12 1428//12
f 649//2 1429//2 169//2
f 649//2 1428//2 1429//2
f 1428//2 170//2 1429//2
f 646//12 1427//12 149//12
f 646//12 623//12 1427//12
f 623//12 154//12 1427//12
f 643//36 636//35 161//146
f 643//36 1425//53 636//35
f 1425//53 164//33 636//35
f 640//2 633//2 151//2
f 640//2 1427//2 633//2
f 1427//2 154//2 633//2
f 637//34 1130//70 162//147
f 637//34 1422//114 1130//70
f 1422//114 166//68 1130//70
f 634//2 642//2 153//2
f 634//2 1426//2 642//2
f 1426//2 155//2 642//2
f 631//2 639//2 147//2
f 631//2 1423//2 639//2
f 1423//2 149//2 639//2
f 628//12 645//12 157//12
f 628//12 614//12 645//12
f 614//12 163//12 645//12
f 625//2 606//2 150//2
f 625//2 641//2 606//2
f 641//2 151//2 606//2
f 622//12 1426//12 154//12
f 622//12 1425//12 1426//12
f 1425//12 155//12 1426//12
f 619//31 1424//148 160//132
f 619//31 644//113 1424//148
f 644//113 161//146 1424//148
f 616//12 1423//12 148//12
f 616//12 647//12 1423//12
f 647//12 149//12 1423//12
f 613//12 621//12 163//12
f 613//12 1422//12 621//12
f 1422//12 164//12 621//12
f 610//12 615//12 156//12
f 610//12 629//12 615//12
f 629//12 157//12 615//12
f 607//2 618//2 152//2
f 607//2 635//2 618//2
f 635//2 153//2 618//2
f 604//2 624//2 146//2
f 604//2 632//2 624//2
f 632//2 147//2 624//2
f 602//3 1101//3 125//3
f 602//3 590//3 1101//3
f 590//3 130//3 1101//3
f 600//2 586//2 126//2
f 600//2 1279//2 586//2
f 1279//2 127//2 586//2
f 597//29 1421//29 131//29
f 597//29 593//29 1421//29
f 593//29 134//29 1421//29
f 595//28 591//28 132//28
f 595//28 1276//28 591//28
f 1276//28 133//28 591//28
f 592//28 1095//28 134//28
f 592//28 1420//28 1095//28
f 1420//28 135//28 1095//28
f 589//3 1090//3 130//3
f 589//3 598//3 1090//3
f 598//3 131//3 1090//3
f 587//2 594//2 128//2
f 587//2 1267//2 594//2
f 1267//2 129//2 594//2
f 584//3 565//3 116//3
f 584//3 561//3 565//3
f 561//3 119//3 565//3
f 582//25 1419//25 110//25
f 582//25 577//25 1419//25
f 577//25 120//25 1419//25
f 579//2 573//2 109//2
f 579//2 570//2 573//2
f 570//2 111//2 573//2
f 576//25 1418//25 120//25
f 576//25 1086//25 1418//25
f 1086//25 122//25 1418//25
f 574//2 583//2 110//2
f 574//2 549//2 583//2
f 549//2 113//2 583//2
f 572//2 578//2 104//2
f 572//2 546//2 578//2
f 546//2 107//2 578//2
f 569//2 547//2 111//2
f 569//2 1262//2 547//2
f 1262//2 112//2 547//2
f 566//3 1087//3 118//3
f 566//3 555//3 1087//3
f 555//3 121//3 1087//3
f 563//23 581//27 113//149
f 563//23 599//112 581//27
f 599//112 123//26 581//27
f 560//3 553//3 119//3
f 560//3 1419//3 553//3
f 1419//3 120//3 553//3
f 557//3 550//3 115//3
f 557//3 585//3 550//3
f 585//3 116//3 550//3
f 554//3 1081//3 121//3
f 554//3 1418//3 1081//3
f 1418//3 122//3 1081//3
f 551//3 1078//3 117//3
f 551//3 567//3 1078//3
f 567//3 118//3 1078//3
f 548//2 564//2 113//2
f 548//2 1259//2 564//2
f 1259//2 114//2 564//2
f 545//2 568//2 107//2
f 545//2 1256//2 568//2
f 1256//2 108//2 568//2
f 542//12 1417//12 71//12
f 542//12 492//12 1417//12
f 492//12 75//12 1417//12
f 539//2 487//2 74//2
f 539//2 1417//2 487//2
f 1417//2 75//2 487//2
f 536//12 1416//12 83//12
f 536//12 510//12 1416//12
f 510//12 90//12 1416//12
f 533//2 505//2 89//2
f 533//2 1416//2 505//2
f 1416//2 90//2 505//2
f 530//20 1197//150 88//151
f 530//20 528//111 1197//150
f 528//111 101//152 1197//150
f 527//17 1192//138 101//152
f 527//17 1068//110 1192//138
f 1068//110 102//138 1192//138
f 524//12 1415//12 92//12
f 524//12 514//12 1415//12
f 514//12 96//12 1415//12
f 521//2 1413//2 95//2
f 521//2 1415//2 1413//2
f 1415//2 96//2 1413//2
f 518//14 529//21 87//153
f 518//14 513//109 529//21
f 513//109 98//19 529//21
f 515//12 526//12 98//12
f 515//12 1414//12 526//12
f 1414//12 100//12 526//12
f 512//2 516//2 98//2
f 512//2 1413//2 516//2
f 1413//2 96//2 516//2
f 509//12 1412//12 90//12
f 509//12 525//12 1412//12
f 525//12 92//12 1412//12
f 506//2 520//2 91//2
f 506//2 1412//2 520//2
f 1412//2 92//2 520//2
f 503//12 1411//12 77//12
f 503//12 498//12 1411//12
f 498//12 81//12 1411//12
f 500//2 493//2 80//2
f 500//2 1411//2 493//2
f 1411//2 81//2 493//2
f 497//12 1410//12 81//12
f 497//12 537//12 1410//12
f 537//12 83//12 1410//12
f 494//2 532//2 82//2
f 494//2 1410//2 532//2
f 1410//2 83//2 532//2
f 491//12 1409//12 75//12
f 491//12 504//12 1409//12
f 504//12 77//12 1409//12
f 488//2 499//2 76//2
f 488//2 1409//2 499//2
f 1409//2 77//2 499//2
f 485//12 1408//12 59//12
f 485//12 468//12 1408//12
f 468//12 63//12 1408//12
f 482//2 463//2 62//2
f 482//2 1408//2 463//2
f 1408//2 63//2 463//2
f 479//12 1407//12 65//12
f 479//12 474//12 1407//12
f 474//12 69//12 1407//12
f 476//2 469//2 68//2
f 476//2 1407//2 469//2
f 1407//2 69//2 469//2
f 473//12 1406//12 69//12
f 473//12 543//12 1406//12
f 543//12 71//12 1406//12
f 470//2 538//2 70//2
f 470//2 1406//2 538//2
f 1406//2 71//2 538//2
f 467//12 1405//12 63//12
f 467//12 480//12 1405//12
f 480//12 65//12 1405//12
f 464//2 475//2 64//2
f 464//2 1405//2 475//2
f 1405//2 65//2 475//2
f 461//12 1404//12 53//12
f 461//12 457//12 1404//12
f 457//12 57//12 1404//12
f 458//2 452//2 56//2
f 458//2 1404//2 452//2
f 1404//2 57//2 452//2
f 456//12 1403//12 57//12
f 456//12 486//12 1403//12
f 486//12 59//12 1403//12
f 453//2 481//2 58//2
f 453//2 1403//2 481//2
f 1403//2 59//2 481//2
f 450//1 462//1 53//1
f 450//1 1032//1 462//1
f 1032//1 55//1 462//1
f 447//3 1027//3 22//3
f 447//3 404//3 1027//3
f 404//3 27//3 1027//3
f 445//2 400//2 23//2
f 445//2 1253//2 400//2
f 1253//2 24//2 400//2
f 442//3 1024//3 34//3
f 442//3 419//3 1024//3
f 419//3 42//3 1024//3
f 440//2 415//2 38//2
f 440//2 1250//2 415//2
f 1250//2 39//2 415//2
f 437//9 433//9 48//154
f 437//9 1177//7 433//9
f 1177//7 44//7 433//9
f 434//8 1018//57 51//155
f 434//8 1171//7 1018//57
f 1171//7 45//55 1018//57
f 431//3 1021//3 43//3
f 431//3 424//3 1021//3
f 424//3 50//3 1021//3
f 429//2 420//2 46//2
f 429//2 1245//2 420//2
f 1245//2 47//2 420//2
f 426//5 1401//156 49//80
f 426//5 438//108 1401//156
f 438//108 48//154 1401//156
f 423//3 1402//3 50//3
f 423//3 435//3 1402//3
f 435//3 51//3 1402//3
f 421//2 1401//2 48//2
f 421//2 1242//2 1401//2
f 1242//2 49//2 1401//2
f 418//3 1013//3 42//3
f 418//3 432//3 1013//3
f 432//3 43//3 1013//3
f 416//2 428//2 40//2
f 416//2 1239//2 428//2
f 1239//2 41//2 428//2
f 413//3 1010//3 28//3
f 413//3 409//3 1010//3
f 409//3 33//3 1010//3
f 411//2 405//2 29//2
f 411//2 1236//2 405//2
f 1236//2 30//2 405//2
f 408//3 1007//3 33//3
f 408//3 443//3 1007//3
f 443//3 34//3 1007//3
f 406//2 439//2 31//2
f 406//2 1233//2 439//2
f 1233//2 32//2 439//2
f 403//3 1004//3 27//3
f 403//3 414//3 1004//3
f 414//3 28//3 1004//3
f 401//2 410//2 25//2
f 401//2 1230//2 410//2
f 1230//2 26//2 410//2
f 398//3 1001//3 10//3
f 398//3 384//3 1001//3
f 384//3 15//3 1001//3
f 396//2 380//2 11//2
f 396//2 1227//2 380//2
f 1227//2 12//2 380//2
f 393//3 998//3 16//3
f 393//3 389//3 998//3
f 389//3 21//3 998//3
f 391//2 385//2 17//2
f 391//2 1224//2 385//2
f 1224//2 18//2 385//2
f 388//3 995//3 21//3
f 388//3 448//3 995//3
f 448//3 22//3 995//3
f 386//2 444//2 19//2
f 386//2 1221//2 444//2
f 1221//2 20//2 444//2
f 383//3 992//3 15//3
f 383//3 394//3 992//3
f 394//3 16//3 992//3
f 381//2 390//2 13//2
f 381//2 1218//2 390//2
f 1218//2 14//2 390//2
f 379//3 990//3 3//3
f 379//3 376//3 990//3
f 376//3 9//3 990//3
f 377//2 372//2 5//2
f 377//2 1215//2 372//2
f 1215//2 6//2 372//2
f 375//3 987//3 9//3
f 375//3 399//3 987//3
f 399//3 10//3 987//3
f 373//2 395//2 7//2
f 373//2 1213//2 395//2
f 1213//2 8//2 395//2
f 370//1 1208//1 2//1
f 370//1 986//1 1208//1
f 986//1 4//1 1208//1
f 1398//12 1400//12 282//12
f 1398//12 1399//12 1400//12
f 1399//12 102//12 1400//12
f 1395//3 1397//3 45//3
f 1395//3 1396//3 1397//3
f 1396//3 225//3 1397//3
f 1392//25 1394//25 184//25
f 1392//25 1393//25 1394//25
f 1393//25 143//25 1394//25
f 1389//1 1391//1 4//1
f 1389//1 1390//1 1391//1
f 1390//1 54//1 1391//1
f 1386//39 1388//39 301//39
f 1386//39 1387//39 1388//39
f 1387//39 235//39 1388//39
f 1247//2 1385//2 37//2
f 1247//2 1384//2 1385//2
f 1384//2 106//2 1385//2
f 1368//107 1123//107 321//107
f 1368//107 1383//107 1123//107
f 1383//107 318//107 1123//107
f 1381//106 1369//106 324//106
f 1381//106 1382//106 1369//106
f 1382//106 365//106 1369//106
f 1378//39 1380//157 327//39
f 1378//39 1379//105 1380//157
f 1379//105 326//39 1380//157
f 1375//104 1377//102 326//39
f 1375//104 1376//103 1377//102
f 1376//103 325//102 1377//102
f 1372//101 1374//101 323//101
f 1372//101 1373//101 1374//101
f 1373//101 322//101 1374//101
f 1369//101 1371//101 324//101
f 1369//101 1370//101 1371//101
f 1370//101 323//101 1371//101
f 1366//100 1368//100 321//100
f 1366//100 1367//100 1368//100
f 1367//100 362//100 1368//100
f 1363//39 1365//39 313//39
f 1363//39 1364//39 1365//39
f 1364//39 297//39 1365//39
f 1360//50 1362//50 320//50
f 1360//50 1361//50 1362//50
f 1361//50 315//50 1362//50
f 1358//50 906//50 317//50
f 1358//50 1359//50 906//50
f 1359//50 320//50 906//50
f 1356//99 1097//99 318//99
f 1356//99 1357//99 1097//99
f 1357//99 317//129 1097//99
f 1353//39 1355//39 315//39
f 1353//39 1354//39 1355//39
f 1354//39 313//39 1355//39
f 1350//25 1352//25 333//25
f 1350//25 1351//25 1352//25
f 1351//25 297//25 1352//25
f 1347//39 1349//39 307//39
f 1347//39 1348//39 1349//39
f 1348//39 303//39 1349//39
f 1344//39 1346//39 309//39
f 1344//39 1345//39 1346//39
f 1345//39 307//39 1346//39
f 1341//39 1343//39 303//39
f 1341//39 1342//39 1343//39
f 1342//39 301//39 1343//39
f 1338//39 1340//39 210//39
f 1338//39 1339//39 1340//39
f 1339//39 206//39 1340//39
f 1335//39 1337//39 222//39
f 1335//39 1336//39 1337//39
f 1336//39 218//39 1337//39
f 1332//98 1334//115 280//41
f 1332//98 1333//97 1334//115
f 1333//97 284//130 1334//115
f 1329//39 1331//39 230//39
f 1329//39 1330//39 1331//39
f 1330//39 224//39 1331//39
f 1327//39 1329//39 230//39
f 1327//39 1328//39 1329//39
f 1328//39 278//39 1329//39
f 1324//39 1326//39 224//39
f 1324//39 1325//39 1326//39
f 1325//39 222//39 1326//39
f 1321//39 1323//39 216//39
f 1321//39 1322//39 1323//39
f 1322//39 212//39 1323//39
f 1318//39 1320//39 218//39
f 1318//39 1319//39 1320//39
f 1319//39 216//39 1320//39
f 1315//39 1317//39 212//39
f 1315//39 1316//39 1317//39
f 1316//39 210//39 1317//39
f 1312//39 1314//39 198//39
f 1312//39 1313//39 1314//39
f 1313//39 194//39 1314//39
f 1309//39 1311//39 204//39
f 1309//39 1310//39 1311//39
f 1310//39 200//39 1311//39
f 1306//39 1308//39 206//39
f 1306//39 1307//39 1308//39
f 1307//39 204//39 1308//39
f 1303//39 1305//39 200//39
f 1303//39 1304//39 1305//39
f 1304//39 198//39 1305//39
f 1300//39 1302//39 192//39
f 1300//39 1301//39 1302//39
f 1301//39 188//39 1302//39
f 1297//39 1299//39 194//39
f 1297//39 1298//39 1299//39
f 1298//39 192//39 1299//39
f 1294//1 1296//1 186//1
f 1294//1 1295//1 1296//1
f 1295//1 236//1 1296//1
f 1292//95 1280//95 137//95
f 1292//95 1293//95 1280//95
f 1293//95 178//95 1280//95
f 1290//94 1118//94 140//94
f 1290//94 1291//94 1118//94
f 1291//94 141//94 1118//94
f 1288//93 1115//2 142//90
f 1288//93 1289//92 1115//2
f 1289//92 143//2 1115//2
f 1286//90 1112//158 141//90
f 1286//90 1287//91 1112//158
f 1287//91 142//90 1112//158
f 1284//89 1109//89 138//89
f 1284//89 1285//89 1109//89
f 1285//89 139//89 1109//89
f 1282//89 1106//89 139//89
f 1282//89 1283//89 1106//89
f 1283//89 140//89 1106//89
f 1280//88 1103//88 137//88
f 1280//88 1281//88 1103//88
f 1281//88 138//88 1103//88
f 1277//2 1279//2 124//2
f 1277//2 1278//2 1279//2
f 1278//2 127//2 1279//2
f 1274//28 1276//28 129//28
f 1274//28 1275//28 1276//28
f 1275//28 133//28 1276//28
f 1271//28 1273//28 173//28
f 1271//28 1272//28 1273//28
f 1272//28 133//28 1273//28
f 1268//87 1270//86 136//87
f 1268//87 1269//87 1270//86
f 1269//87 177//87 1270//86
f 1265//2 1267//2 127//2
f 1265//2 1266//2 1267//2
f 1266//2 129//2 1267//2
f 1263//85 562//24 114//85
f 1263//85 1264//84 562//24
f 1264//84 124//22 562//24
f 1260//2 1262//2 108//2
f 1260//2 1261//2 1262//2
f 1261//2 112//2 1262//2
f 1257//2 1259//2 112//2
f 1257//2 1258//2 1259//2
f 1258//2 114//2 1259//2
f 1254//2 1256//2 106//2
f 1254//2 1255//2 1256//2
f 1255//2 108//2 1256//2
f 1251//2 1253//2 20//2
f 1251//2 1252//2 1253//2
f 1252//2 24//2 1253//2
f 1248//2 1250//2 32//2
f 1248//2 1249//2 1250//2
f 1249//2 39//2 1250//2
f 427//82 1247//6 37//6
f 427//82 1246//81 1247//6
f 1246//81 86//6 1247//6
f 1243//2 1245//2 41//2
f 1243//2 1244//2 1245//2
f 1244//2 47//2 1245//2
f 1240//2 1242//2 47//2
f 1240//2 1241//2 1242//2
f 1241//2 49//2 1242//2
f 1237//2 1239//2 39//2
f 1237//2 1238//2 1239//2
f 1238//2 41//2 1239//2
f 1234//2 1236//2 26//2
f 1234//2 1235//2 1236//2
f 1235//2 30//2 1236//2
f 1231//2 1233//2 30//2
f 1231//2 1232//2 1233//2
f 1232//2 32//2 1233//2
f 1228//2 1230//2 24//2
f 1228//2 1229//2 1230//2
f 1229//2 26//2 1230//2
f 1225//2 1227//2 8//2
f 1225//2 1226//2 1227//2
f 1226//2 12//2 1227//2
f 1222//2 1224//2 14//2
f 1222//2 1223//2 1224//2
f 1223//2 18//2 1224//2
f 1219//2 1221//2 18//2
f 1219//2 1220//2 1221//2
f 1220//2 20//2 1221//2
f 1216//2 1218//2 12//2
f 1216//2 1217//2 1218//2
f 1217//2 14//2 1218//2
f 1210//2 1215//2 2//2
f 1210//2 1214//2 1215//2
f 1214//2 6//2 1215//2
f 1211//2 1213//2 6//2
f 1211//2 1212//2 1213//2
f 1212//2 8//2 1213//2
f 1208//1 1210//1 2//1
f 1208//1 1209//1 1210//1
f 1209//1 52//1 1210//1
f 1206//12 842//12 286//12
f 1206//12 1207//12 842//12
f 1207//12 283//12 842//12
f 1203//39 1205//39 340//39
f 1203//39 1204//39 1205//39
f 1204//39 285//39 1205//39
f 1201//12 839//12 283//12
f 1201//12 1202//12 839//12
f 1202//12 282//12 839//12
f 1198//39 1200//39 339//39
f 1198//39 1199//39 1200//39
f 1199//39 284//39 1200//39
f 1195//12 1197//12 101//12
f 1195//12 1196//12 1197//12
f 1196//12 88//12 1197//12
f 531//2 1194//2 87//2
f 531//2 1193//2 1194//2
f 1193//2 145//2 1194//2
f 1190//12 1192//12 102//12
f 1190//12 1191//12 1192//12
f 1191//12 101//12 1192//12
f 519//2 1189//2 86//2
f 519//2 1188//2 1189//2
f 1188//2 144//2 1189//2
f 1186//3 745//3 226//3
f 1186//3 1187//3 745//3
f 1187//3 233//3 745//3
f 1183//39 1185//39 298//39
f 1183//39 1184//39 1185//39
f 1184//39 233//39 1185//39
f 1180//39 1182//39 300//39
f 1180//39 1181//39 1182//39
f 1181//39 234//39 1182//39
f 1178//3 742//3 225//3
f 1178//3 1179//3 742//3
f 1179//3 226//3 742//3
f 1175//3 1177//3 35//3
f 1175//3 1176//3 1177//3
f 1176//3 44//3 1177//3
f 436//2 1175//2 35//2
f 436//2 1174//2 1175//2
f 1174//2 103//2 1175//2
f 425//2 1173//2 36//2
f 425//2 1172//2 1173//2
f 1172//2 105//2 1173//2
f 1169//3 1171//3 44//3
f 1169//3 1170//3 1171//3
f 1170//3 45//3 1171//3
f 1166//79 1168//79 359//79
f 1166//79 1167//79 1168//79
f 1167//79 177//79 1168//79
f 1163//78 1165//78 181//78
f 1163//78 1164//78 1165//78
f 1164//78 182//78 1165//78
f 1160//77 1162//123 367//74
f 1160//77 1161//76 1162//123
f 1161//76 183//123 1162//123
f 1157//74 1159//74 366//74
f 1157//74 1158//75 1159//74
f 1158//75 182//74 1159//74
f 1154//73 1156//73 363//73
f 1154//73 1155//73 1156//73
f 1155//73 179//73 1156//73
f 1151//73 1153//73 364//73
f 1151//73 1152//73 1153//73
f 1152//73 180//73 1153//73
f 1148//72 1150//72 178//72
f 1148//72 1149//72 1150//72
f 1149//72 179//72 1150//72
f 1146//12 1132//12 332//12
f 1146//12 1147//12 1132//12
f 1147//12 162//12 1132//12
f 1143//38 1145//38 172//38
f 1143//38 1144//38 1145//38
f 1144//38 176//38 1145//38
f 1141//71 1140//71 357//71
f 1141//71 1142//71 1140//71
f 1142//71 175//122 1140//71
f 1138//38 1140//38 175//38
f 1138//38 1139//38 1140//38
f 1139//38 357//38 1140//38
f 969//12 1137//12 351//12
f 969//12 1136//12 1137//12
f 1136//12 171//12 1137//12
f 1133//12 1135//12 329//12
f 1133//12 1134//12 1135//12
f 1134//12 159//12 1135//12
f 1130//70 1132//159 162//147
f 1130//70 1131//69 1132//159
f 1131//69 332//135 1132//159
f 1127//12 1129//12 335//12
f 1127//12 1128//12 1129//12
f 1128//12 165//12 1129//12
f 1124//12 1126//12 328//12
f 1124//12 1125//12 1126//12
f 1125//12 158//12 1126//12
f 1121//67 1123//67 318//67
f 1121//67 1122//67 1123//67
f 1122//67 321//67 1123//67
f 1118//66 1120//66 140//66
f 1118//66 1119//66 1120//66
f 1119//66 324//66 1120//66
f 1115//65 1117//120 142//62
f 1115//65 1116//64 1117//120
f 1116//64 326//120 1117//120
f 1112//62 1114//62 141//62
f 1112//62 1113//63 1114//62
f 1113//63 325//62 1114//62
f 1109//61 1111//61 138//61
f 1109//61 1110//61 1111//61
f 1110//61 322//61 1111//61
f 1106//61 1108//61 139//61
f 1106//61 1107//61 1108//61
f 1107//61 323//61 1108//61
f 1103//60 1105//60 137//60
f 1103//60 1104//60 1105//60
f 1104//60 321//60 1105//60
f 1101//3 1084//3 125//3
f 1101//3 1102//3 1084//3
f 1102//3 295//3 1084//3
f 1098//29 1100//29 311//29
f 1098//29 1099//29 1100//29
f 1099//29 316//29 1100//29
f 1093//59 1097//59 317//59
f 1093//59 1096//59 1097//59
f 1096//59 318//59 1097//59
f 1093//29 1095//29 135//29
f 1093//29 1094//29 1095//29
f 1094//29 134//29 1095//29
f 1090//3 1092//3 130//3
f 1090//3 1091//3 1092//3
f 1091//3 310//3 1092//3
f 1087//3 1089//3 118//3
f 1087//3 1088//3 1089//3
f 1088//3 288//3 1089//3
f 1084//25 1086//25 125//25
f 1084//25 1085//25 1086//25
f 1085//25 122//25 1086//25
f 1081//3 1083//3 121//3
f 1081//3 1082//3 1083//3
f 1082//3 291//3 1083//3
f 1078//3 1080//3 117//3
f 1078//3 1079//3 1080//3
f 1079//3 287//3 1080//3
f 1075//12 1077//12 253//12
f 1075//12 1076//12 1077//12
f 1076//12 73//12 1077//12
f 1072//12 1074//12 265//12
f 1072//12 1073//12 1074//12
f 1073//12 85//12 1074//12
f 1069//12 1071//12 271//12
f 1069//12 1070//12 1071//12
f 1070//12 94//12 1071//12
f 1066//58 1068//110 100//16
f 1066//58 1067//46 1068//110
f 1067//46 102//138 1068//110
f 1063//12 1065//12 276//12
f 1063//12 1064//12 1065//12
f 1064//12 99//12 1065//12
f 1060//12 1062//12 270//12
f 1060//12 1061//12 1062//12
f 1061//12 93//12 1062//12
f 1057//12 1059//12 259//12
f 1057//12 1058//12 1059//12
f 1058//12 79//12 1059//12
f 1054//12 1056//12 264//12
f 1054//12 1055//12 1056//12
f 1055//12 84//12 1056//12
f 1051//12 1053//12 258//12
f 1051//12 1052//12 1053//12
f 1052//12 78//12 1053//12
f 1048//12 1050//12 241//12
f 1048//12 1049//12 1050//12
f 1049//12 61//12 1050//12
f 1045//12 1047//12 247//12
f 1045//12 1046//12 1047//12
f 1046//12 67//12 1047//12
f 1042//12 1044//12 252//12
f 1042//12 1043//12 1044//12
f 1043//12 72//12 1044//12
f 1039//12 1041//12 246//12
f 1039//12 1040//12 1041//12
f 1040//12 66//12 1041//12
f 1036//12 1038//12 237//12
f 1036//12 1037//12 1038//12
f 1037//12 55//12 1038//12
f 1033//12 1035//12 240//12
f 1033//12 1034//12 1035//12
f 1034//12 60//12 1035//12
f 1030//1 1032//1 54//1
f 1030//1 1031//1 1032//1
f 1031//1 55//1 1032//1
f 1027//3 1029//3 22//3
f 1027//3 1028//3 1029//3
f 1028//3 202//3 1029//3
f 1024//3 1026//3 34//3
f 1024//3 1025//3 1026//3
f 1025//3 214//3 1026//3
f 1021//3 1023//3 43//3
f 1021//3 1022//3 1023//3
f 1022//3 220//3 1023//3
f 1018//57 1020//160 51//155
f 1018//57 1019//56 1020//160
f 1019//56 228//139 1020//160
f 1016//3 731//3 227//3
f 1016//3 1017//3 731//3
f 1017//3 228//3 731//3
f 1013//3 1015//3 42//3
f 1013//3 1014//3 1015//3
f 1014//3 219//3 1015//3
f 1010//3 1012//3 28//3
f 1010//3 1011//3 1012//3
f 1011//3 208//3 1012//3
f 1007//3 1009//3 33//3
f 1007//3 1008//3 1009//3
f 1008//3 213//3 1009//3
f 1004//3 1006//3 27//3
f 1004//3 1005//3 1006//3
f 1005//3 207//3 1006//3
f 1001//3 1003//3 10//3
f 1001//3 1002//3 1003//3
f 1002//3 190//3 1003//3
f 998//3 1000//3 16//3
f 998//3 999//3 1000//3
f 999//3 196//3 1000//3
f 995//3 997//3 21//3
f 995//3 996//3 997//3
f 996//3 201//3 997//3
f 992//3 994//3 15//3
f 992//3 993//3 994//3
f 993//3 195//3 994//3
f 990//3 984//3 3//3
f 990//3 991//3 984//3
f 991//3 185//3 984//3
f 987//3 989//3 9//3
f 987//3 988//3 989//3
f 988//3 189//3 989//3
f 984//1 986//1 3//1
f 984//1 985//1 986//1
f 985//1 4//1 986//1
f 981//12 983//12 334//12
f 981//12 982//12 983//12
f 982//12 332//12 983//12
f 966//39 980//39 353//39
f 966//39 979//39 980//39
f 979//39 333//39 980//39
f 976//38 978//38 356//38
f 976//38 977//38 978//38
f 977//38 352//38 978//38
f 973//50 975//50 360//50
f 973//50 974//50 975//50
f 974//50 355//50 975//50
f 970//50 972//50 357//50
f 970//50 971//50 972//50
f 971//50 360//50 972//50
f 967//12 969//12 351//12
f 967//12 968//12 969//12
f 968//12 352//12 969//12
f 964//39 966//39 353//39
f 964//39 965//39 966//39
f 965//39 354//39 966//39
f 961//12 963//12 344//12
f 961//12 962//12 963//12
f 962//12 331//12 963//12
f 958//54 960//118 338//51
f 958//54 959//25 960//118
f 959//25 334//140 960//118
f 955//39 957//39 346//39
f 955//39 956//39 957//39
f 956//39 342//39 957//39
f 952//39 954//39 348//39
f 952//39 953//39 954//39
f 953//39 346//39 954//39
f 949//39 951//39 342//39
f 949//39 950//39 951//39
f 950//39 340//39 951//39
f 946//53 948//134 336//53
f 946//53 947//52 948//134
f 947//52 332//135 948//134
f 943//12 945//12 331//12
f 943//12 944//12 945//12
f 944//12 329//12 945//12
f 940//39 942//39 345//39
f 940//39 941//39 942//39
f 941//39 341//39 942//39
f 937//12 939//12 349//12
f 937//12 938//12 939//12
f 938//12 337//12 939//12
f 934//25 936//25 334//140
f 934//25 935//25 936//25
f 935//25 333//25 936//25
f 931//12 933//12 343//12
f 931//12 932//12 933//12
f 932//12 330//12 933//12
f 928//39 930//39 347//39
f 928//39 929//39 930//39
f 929//39 345//39 930//39
f 925//39 927//39 341//39
f 925//39 926//39 927//39
f 926//39 339//39 927//39
f 922//12 924//12 337//12
f 922//12 923//12 924//12
f 923//12 335//12 924//12
f 919//12 921//12 330//12
f 919//12 920//12 921//12
f 920//12 328//12 921//12
f 916//3 918//3 295//3
f 916//3 917//3 918//3
f 917//3 296//3 918//3
f 913//39 915//39 312//39
f 913//39 914//39 915//39
f 914//39 296//39 915//39
f 911//29 909//29 314//29
f 911//29 912//29 909//29
f 912//29 319//29 909//29
f 909//50 900//50 314//50
f 909//50 910//50 900//50
f 910//50 315//50 900//50
f 906//50 908//50 317//50
f 906//50 907//50 908//50
f 907//50 316//50 908//50
f 903//3 905//3 310//3
f 903//3 904//3 905//3
f 904//3 312//3 905//3
f 900//39 902//39 314//39
f 900//39 901//39 902//39
f 901//39 312//39 902//39
f 897//3 899//3 290//3
f 897//3 898//3 899//3
f 898//3 299//3 899//3
f 894//25 896//25 294//25
f 894//25 895//25 896//25
f 895//25 305//25 896//25
f 891//39 893//39 304//39
f 891//39 892//39 893//39
f 892//39 299//39 893//39
f 888//39 890//39 305//39
f 888//39 889//39 890//39
f 889//39 304//39 890//39
f 885//39 887//39 299//39
f 885//39 886//39 887//39
f 886//39 298//39 887//39
f 882//25 884//25 292//25
f 882//25 883//25 884//25
f 883//25 294//25 884//25
f 879//39 881//39 306//39
f 879//39 880//39 881//39
f 880//39 302//39 881//39
f 876//3 878//3 288//3
f 876//3 877//3 878//3
f 877//3 290//3 878//3
f 873//25 875//25 296//25
f 873//25 874//25 875//25
f 874//25 308//25 875//25
f 870//3 872//3 293//3
f 870//3 871//3 872//3
f 871//3 304//3 872//3
f 867//3 869//3 289//3
f 867//3 868//3 869//3
f 868//3 298//3 869//3
f 864//39 866//39 308//39
f 864//39 865//39 866//39
f 865//39 306//39 866//39
f 861//39 863//39 302//39
f 861//39 862//39 863//39
f 862//39 300//39 863//39
f 858//3 860//3 291//3
f 858//3 859//3 860//3
f 859//3 293//3 860//3
f 855//3 857//3 287//3
f 855//3 856//3 857//3
f 856//3 289//3 857//3
f 852//12 854//12 257//12
f 852//12 853//12 854//12
f 853//12 253//12 854//12
f 849//39 851//39 260//39
f 849//39 850//39 851//39
f 850//39 256//39 851//39
f 846//12 848//12 269//12
f 846//12 847//12 848//12
f 847//12 265//12 848//12
f 843//39 845//39 272//39
f 843//39 844//39 845//39
f 844//39 268//39 845//39
f 840//49 842//161 283//144
f 840//49 841//48 842//161
f 841//48 286//143 842//161
f 837//46 839//162 282//138
f 837//46 838//45 839//162
f 838//45 283//144 839//162
f 834//12 836//12 275//12
f 834//12 835//12 836//12
f 835//12 271//12 836//12
f 831//39 833//39 278//39
f 831//39 832//39 833//39
f 832//39 274//39 833//39
f 823//43 830//117 281//47
f 823//43 829//42 830//117
f 829//42 285//142 830//117
f 826//12 828//12 279//12
f 826//12 827//12 828//12
f 827//12 276//12 828//12
f 823//39 825//39 280//39
f 823//39 824//39 825//39
f 824//39 278//39 825//39
f 820//12 822//12 273//12
f 820//12 821//12 822//12
f 821//12 270//12 822//12
f 817//39 819//39 274//39
f 817//39 818//39 819//39
f 818//39 272//39 819//39
f 814//12 816//12 263//12
f 814//12 815//12 816//12
f 815//12 259//12 816//12
f 811//39 813//39 266//39
f 811//39 812//39 813//39
f 812//39 262//39 813//39
f 808//12 810//12 267//12
f 808//12 809//12 810//12
f 809//12 264//12 810//12
f 805//39 807//39 268//39
f 805//39 806//39 807//39
f 806//39 266//39 807//39
f 802//12 804//12 261//12
f 802//12 803//12 804//12
f 803//12 258//12 804//12
f 799//39 801//39 262//39
f 799//39 800//39 801//39
f 800//39 260//39 801//39
f 796//12 798//12 245//12
f 796//12 797//12 798//12
f 797//12 241//12 798//12
f 793//39 795//39 248//39
f 793//39 794//39 795//39
f 794//39 244//39 795//39
f 790//12 792//12 251//12
f 790//12 791//12 792//12
f 791//12 247//12 792//12
f 787//39 789//39 254//39
f 787//39 788//39 789//39
f 788//39 250//39 789//39
f 784//12 786//12 255//12
f 784//12 785//12 786//12
f 785//12 252//12 786//12
f 781//39 783//39 256//39
f 781//39 782//39 783//39
f 782//39 254//39 783//39
f 778//12 780//12 249//12
f 778//12 779//12 780//12
f 779//12 246//12 780//12
f 775//39 777//39 250//39
f 775//39 776//39 777//39
f 776//39 248//39 777//39
f 772//12 774//12 239//12
f 772//12 773//12 774//12
f 773//12 237//12 774//12
f 769//39 771//39 242//39
f 769//39 770//39 771//39
f 770//39 238//39 771//39
f 766//12 768//12 243//12
f 766//12 767//12 768//12
f 767//12 240//12 768//12
f 763//39 765//39 244//39
f 763//39 764//39 765//39
f 764//39 242//39 765//39
f 760//1 762//1 236//1
f 760//1 761//1 762//1
f 761//1 237//1 762//1
f 757//3 759//3 202//3
f 757//3 758//3 759//3
f 758//3 205//3 759//3
f 754//39 756//39 209//39
f 754//39 755//39 756//39
f 755//39 205//39 756//39
f 751//3 753//3 214//3
f 751//3 752//3 753//3
f 752//3 217//3 753//3
f 748//39 750//39 221//39
f 748//39 749//39 750//39
f 749//39 217//39 750//39
f 745//1 747//1 226//1
f 745//1 746//1 747//1
f 746//1 231//1 747//1
f 742//1 744//127 225//1
f 742//1 743//40 744//127
f 743//40 228//139 744//127
f 739//3 741//3 220//3
f 739//3 740//3 741//3
f 740//3 223//3 741//3
f 736//39 738//39 229//39
f 736//39 737//39 738//39
f 737//39 223//39 738//39
f 734//1 728//163 231//1
f 734//1 735//40 728//163
f 735//40 232//96 728//163
f 731//3 733//3 227//3
f 731//3 732//3 733//3
f 732//3 229//3 733//3
f 728//39 730//39 231//39
f 728//39 729//39 730//39
f 729//39 229//39 730//39
f 725//3 727//3 219//3
f 725//3 726//3 727//3
f 726//3 221//3 727//3
f 722//39 724//39 223//39
f 722//39 723//39 724//39
f 723//39 221//39 724//39
f 719//3 721//3 208//3
f 719//3 720//3 721//3
f 720//3 211//3 721//3
f 716//39 718//39 215//39
f 716//39 717//39 718//39
f 717//39 211//39 718//39
f 713//3 715//3 213//3
f 713//3 714//3 715//3
f 714//3 215//3 715//3
f 710//39 712//39 217//39
f 710//39 711//39 712//39
f 711//39 215//39 712//39
f 707//3 709//3 207//3
f 707//3 708//3 709//3
f 708//3 209//3 709//3
f 704//39 706//39 211//39
f 704//39 705//39 706//39
f 705//39 209//39 706//39
f 701//3 703//3 190//3
f 701//3 702//3 703//3
f 702//3 193//3 703//3
f 698//39 700//39 197//39
f 698//39 699//39 700//39
f 699//39 193//39 700//39
f 695//3 697//3 196//3
f 695//3 696//3 697//3
f 696//3 199//3 697//3
f 692//39 694//39 203//39
f 692//39 693//39 694//39
f 693//39 199//39 694//39
f 689//3 691//3 201//3
f 689//3 690//3 691//3
f 690//3 203//3 691//3
f 686//39 688//39 205//39
f 686//39 687//39 688//39
f 687//39 203//39 688//39
f 683//3 685//3 195//3
f 683//3 684//3 685//3
f 684//3 197//3 685//3
f 680//39 682//39 199//39
f 680//39 681//39 682//39
f 681//39 197//39 682//39
f 678//3 666//3 185//3
f 678//3 679//3 666//3
f 679//3 187//3 666//3
f 675//39 677//39 191//39
f 675//39 676//39 677//39
f 676//39 187//39 677//39
f 672//3 674//3 189//3
f 672//3 673//3 674//3
f 673//3 191//3 674//3
f 669//39 671//39 193//39
f 669//39 670//39 671//39
f 670//39 191//39 671//39
f 666//1 668//1 185//1
f 666//1 667//1 668//1
f 667//1 186//1 668//1
f 638//12 665//12 161//12
f 638//12 664//12 665//12
f 664//12 168//12 665//12
f 662//2 648//2 167//2
f 662//2 663//2 648//2
f 663//2 168//2 648//2
f 659//38 661//38 170//38
f 659//38 660//38 661//38
f 660//38 174//38 661//38
f 657//28 656//28 173//28
f 657//28 658//28 656//28
f 658//28 174//28 656//28
f 654//38 656//38 174//38
f 654//38 655//38 656//38
f 655//38 173//38 656//38
f 651//12 653//12 171//12
f 651//12 652//12 653//12
f 652//12 168//12 653//12
f 648//2 650//2 167//2
f 648//2 649//2 650//2
f 649//2 169//2 650//2
f 645//12 647//12 157//12
f 645//12 646//12 647//12
f 646//12 149//12 647//12
f 642//37 644//113 153//30
f 642//37 643//36 644//113
f 643//36 161//146 644//113
f 639//2 641//2 147//2
f 639//2 640//2 641//2
f 640//2 151//2 641//2
f 636//35 638//164 161//146
f 636//35 637//34 638//164
f 637//34 162//147 638//164
f 633//2 635//2 151//2
f 633//2 634//2 635//2
f 634//2 153//2 635//2
f 630//2 632//2 145//2
f 630//2 631//2 632//2
f 631//2 147//2 632//2
f 627//12 629//12 159//12
f 627//12 628//12 629//12
f 628//12 157//12 629//12
f 624//2 626//2 146//2
f 624//2 625//2 626//2
f 625//2 150//2 626//2
f 621//12 623//12 163//12
f 621//12 622//12 623//12
f 622//12 154//12 623//12
f 618//32 620//125 152//83
f 618//32 619//31 620//125
f 619//31 160//132 620//125
f 615//12 617//12 156//12
f 615//12 616//12 617//12
f 616//12 148//12 617//12
f 612//12 614//12 165//12
f 612//12 613//12 614//12
f 613//12 163//12 614//12
f 609//12 611//12 158//12
f 609//12 610//12 611//12
f 610//12 156//12 611//12
f 606//2 608//2 150//2
f 606//2 607//2 608//2
f 607//2 152//2 608//2
f 603//2 605//2 144//2
f 603//2 604//2 605//2
f 604//2 146//2 605//2
f 601//3 575//3 123//3
f 601//3 602//3 575//3
f 602//3 125//3 575//3
f 599//2 601//2 123//2
f 599//2 600//2 601//2
f 600//2 126//2 601//2
f 596//29 598//29 128//29
f 596//29 597//29 598//29
f 597//29 131//29 598//29
f 594//28 596//28 128//28
f 594//28 595//28 596//28
f 595//28 132//28 596//28
f 591//28 593//28 132//28
f 591//28 592//28 593//28
f 592//28 134//28 593//28
f 588//3 590//3 126//3
f 588//3 589//3 590//3
f 589//3 130//3 590//3
f 586//2 588//2 126//2
f 586//2 587//2 588//2
f 587//2 128//2 588//2
f 580//3 585//3 104//3
f 580//3 584//3 585//3
f 584//3 116//3 585//3
f 581//27 583//25 113//149
f 581//27 582//25 583//25
f 582//25 110//25 583//25
f 578//2 580//2 104//2
f 578//2 579//2 580//2
f 579//2 109//2 580//2
f 575//25 577//25 123//26
f 575//25 576//25 577//25
f 576//25 120//25 577//25
f 573//2 559//2 109//2
f 573//2 574//2 559//2
f 574//2 110//2 559//2
f 571//2 556//2 103//2
f 571//2 572//2 556//2
f 572//2 104//2 556//2
f 568//2 570//2 107//2
f 568//2 569//2 570//2
f 569//2 111//2 570//2
f 565//3 567//3 116//3
f 565//3 566//3 567//3
f 566//3 118//3 567//3
f 562//24 564//165 114//85
f 562//24 563//23 564//165
f 563//23 113//149 564//165
f 559//3 561//3 109//3
f 559//3 560//3 561//3
f 560//3 119//3 561//3
f 556//3 558//3 103//3
f 556//3 557//3 558//3
f 557//3 115//3 558//3
f 553//3 555//3 119//3
f 553//3 554//3 555//3
f 554//3 121//3 555//3
f 550//3 552//3 115//3
f 550//3 551//3 552//3
f 551//3 117//3 552//3
f 547//2 549//2 111//2
f 547//2 548//2 549//2
f 548//2 113//2 549//2
f 544//2 546//2 105//2
f 544//2 545//2 546//2
f 545//2 107//2 546//2
f 541//12 543//12 73//12
f 541//12 542//12 543//12
f 542//12 71//12 543//12
f 538//2 540//2 70//2
f 538//2 539//2 540//2
f 539//2 74//2 540//2
f 535//12 537//12 85//12
f 535//12 536//12 537//12
f 536//12 83//12 537//12
f 532//2 534//2 82//2
f 532//2 533//2 534//2
f 533//2 89//2 534//2
f 529//21 531//166 87//153
f 529//21 530//20 531//166
f 530//20 88//151 531//166
f 526//18 528//111 98//19
f 526//18 527//17 528//111
f 527//17 101//152 528//111
f 523//12 525//12 94//12
f 523//12 524//12 525//12
f 524//12 92//12 525//12
f 520//2 522//2 91//2
f 520//2 521//2 522//2
f 521//2 95//2 522//2
f 517//15 519//167 86//6
f 517//15 518//14 519//167
f 518//14 87//153 519//167
f 514//12 516//12 96//12
f 514//12 515//12 516//12
f 515//12 98//12 516//12
f 511//2 513//2 97//2
f 511//2 512//2 513//2
f 512//2 98//2 513//2
f 508//12 510//12 93//12
f 508//12 509//12 510//12
f 509//12 90//12 510//12
f 505//2 507//2 89//2
f 505//2 506//2 507//2
f 506//2 91//2 507//2
f 502//12 504//12 79//12
f 502//12 503//12 504//12
f 503//12 77//12 504//12
f 499//2 501//2 76//2
f 499//2 500//2 501//2
f 500//2 80//2 501//2
f 496//12 498//12 84//12
f 496//12 497//12 498//12
f 497//12 81//12 498//12
f 493//2 495//2 80//2
f 493//2 494//2 495//2
f 494//2 82//2 495//2
f 490//12 492//12 78//12
f 490//12 491//12 492//12
f 491//12 75//12 492//12
f 487//2 489//2 74//2
f 487//2 488//2 489//2
f 488//2 76//2 489//2
f 484//12 486//12 61//12
f 484//12 485//12 486//12
f 485//12 59//12 486//12
f 481//2 483//2 58//2
f 481//2 482//2 483//2
f 482//2 62//2 483//2
f 478//12 480//12 67//12
f 478//12 479//12 480//12
f 479//12 65//12 480//12
f 475//2 477//2 64//2
f 475//2 476//2 477//2
f 476//2 68//2 477//2
f 472//12 474//12 72//12
f 472//12 473//12 474//12
f 473//12 69//12 474//12
f 469//2 471//2 68//2
f 469//2 470//2 471//2
f 470//2 70//2 471//2
f 466//12 468//12 66//12
f 466//12 467//12 468//12
f 467//12 63//12 468//12
f 463//2 465//2 62//2
f 463//2 464//2 465//2
f 464//2 64//2 465//2
f 460//12 462//12 55//12
f 460//12 461//12 462//12
f 461//12 53//12 462//12
f 451//2 459//2 52//2
f 451//2 458//2 459//2
f 458//2 56//2 459//2
f 455//12 457//12 60//12
f 455//12 456//12 457//12
f 456//12 57//12 457//12
f 452//2 454//2 56//2
f 452//2 453//2 454//2
f 453//2 58//2 454//2
f 449//1 451//1 52//1
f 449//1 450//1 451//1
f 450//1 53//1 451//1
f 446//3 448//3 19//3
f 446//3 447//3 448//3
f 447//3 22//3 448//3
f 444//2 446//2 19//2
f 444//2 445//2 446//2
f 445//2 23//2 446//2
f 441//3 443//3 31//3
f 441//3 442//3 443//3
f 442//3 34//3 443//3
f 439//2 441//2 31//2
f 439//2 440//2 441//2
f 440//2 38//2 441//2
f 436//11 438//108 36//4
f 436//11 437//9 438//108
f 437//9 48//154 438//108
f 433//9 435//168 48//154
f 433//9 434//8 435//168
f 434//8 51//155 435//168
f 430//3 432//3 40//3
f 430//3 431//3 432//3
f 431//3 43//3 432//3
f 428//2 430//2 40//2
f 428//2 429//2 430//2
f 429//2 46//2 430//2
f 425//6 427//82 37//6
f 425//6 426//5 427//82
f 426//5 49//80 427//82
f 422//3 424//3 46//3
f 422//3 423//3 424//3
f 423//3 50//3 424//3
f 420//2 422//2 46//2
f 420//2 421//2 422//2
f 421//2 48//2 422//2
f 417//3 419//3 38//3
f 417//3 418//3 419//3
f 418//3 42//3 419//3
f 415//2 417//2 38//2
f 415//2 416//2 417//2
f 416//2 40//2 417//2
f 412//3 414//3 25//3
f 412//3 413//3 414//3
f 413//3 28//3 414//3
f 410//2 412//2 25//2
f 410//2 411//2 412//2
f 411//2 29//2 412//2
f 407//3 409//3 29//3
f 407//3 408//3 409//3
f 408//3 33//3 409//3
f 405//2 407//2 29//2
f 405//2 406//2 407//2
f 406//2 31//2 407//2
f 402//3 404//3 23//3
f 402//3 403//3 404//3
f 403//3 27//3 404//3
f 400//2 402//2 23//2
f 400//2 401//2 402//2
f 401//2 25//2 402//2
f 397//3 399//3 7//3
f 397//3 398//3 399//3
f 398//3 10//3 399//3
f 395//2 397//2 7//2
f 395//2 396//2 397//2
f 396//2 11//2 397//2
f 392//3 394//3 13//3
f 392//3 393//3 394//3
f 393//3 16//3 394//3
f 390//2 392//2 13//2
f 390//2 391//2 392//2
f 391//2 17//2 392//2
f 387//3 389//3 17//3
f 387//3 388//3 389//3
f 388//3 21//3 389//3
f 385//2 387//2 17//2
f 385//2 386//2 387//2
f 386//2 19//2 387//2
f 382//3 384//3 11//3
f 382//3 383//3 384//3
f 383//3 15//3 384//3
f 380//2 382//2 11//2
f 380//2 381//2 382//2
f 381//2 13//2 382//2
f 378//3 369//3 1//3
f 378//3 379//3 369//3
f 379//3 3//3 369//3
f 371//2 378//2 1//2
f 371//2 377//2 378//2
f 377//2 5//2 378//2
f 374//3 376//3 5//3
f 374//3 375//3 376//3
f 375//3 9//3 376//3
f 372//2 374//2 5//2
f 372//2 373//2 374//2
f 373//2 7//2 374//2
f 369//1 371//1 1//1
f 369//1 370//1 371//1
f 370//1 2//1 371//1
